New Run Response: {'status': 'New run started'}
Initialize Response: {'status': 'Agent initialized'}
Clear Knowledge Base Response: {'status': 'Knowledge base cleared', 'table': 'ai.local_rag_documents_text-embedding-3-small'}
Add URL Response: {'status': 'URL added', 'url': 'https://learnk8s.io/troubleshooting-deployments', 'table': 'local_rag_documents_text-embedding-3-small'}
DEBUG:  The pod on my Kubernetes cluster logs show EnvironmentError: Missing required environment variable 'APP_MODE'. Give specific commands to fix this issue. If modifying file contents is necessary, use the sed command to achieve this. If providing a file path, make sure to keep the full file path. Suggest only the essential steps needed to solve the issue. Be frugal. ### Durable Fix Guidance
- Prefer durable fixes to source files, manifests, Dockerfiles, or other declared configuration over editing files inside a running container. Treat running-container edits as temporary diagnostics unless the user explicitly asks for an ephemeral repair.
- When visible application source and Kubernetes manifests disagree, update the source-of-truth configuration so they are consistent, then reapply or recreate the affected workload so the live cluster reflects the corrected configuration.
- Do not skip a visible source/config mismatch solely because a quick localhost reachability check succeeds.
 ### Minikube Image Guidance
- For minikube-backed clusters, if rebuilding an application image is necessary, recommend building or loading the image into the active minikube profile rather than pushing to a remote registry.
- Prefer `PROFILE=${MINIKUBE_PROFILE:-$(kubectl config current-context)}` followed by `minikube -p "$PROFILE" image build -t <image>:<tag> -f <Dockerfile> <context>`.
- Do not recommend `docker push` or switching a Deployment to a new unpublished image tag unless registry credentials and pull access are explicitly available.
- Prefer manifest-only fixes when the application source and image contents do not need to change.
 ### Tool Usage Rules
- Do not attempt many commands in one tool call.
- Never repeat a tool call that has already been executed successfully in this run.
- If you need the result of a previous tool call, use the provided output rather than re-invoking it.
- Keep the tool call as simple as possible to avoid errors.
- Do not run long-lived or background commands such as `kubectl port-forward`, `Start-Process`, or `kubectl logs -f`; prefer single-shot commands that exit on their own.
- Do not use `kubectl port-forward`, background verification, `kubectl logs -f`, or `kubectl get -w`.
- For reachability checks, use the access path defined by the scenario: if a Service exists, verify via Service/endpoints/service-routed access; if no Service exists, use bounded direct checks such as `kubectl exec` with an in-container one-shot HTTP request.
- Prefer one-shot application checks such as `kubectl exec <pod> -- python3 -c "import urllib.request; print(urllib.request.urlopen('http://127.0.0.1:<port>/').getcode())"` when Python is available in the container.
 The file  /home/hugov/KubeLLM-Minh/debug_assistant_latest/troubleshooting/environment_variable/environment_variable.yaml  describes a deployment. This is the file contents: apiVersion: v1
kind: Pod
metadata:
  name: kube-env-missing
spec:
  containers:
  - name: kube-env-missing
    image: kube-env-missing-app:latest
    imagePullPolicy: Never
    ports:
    - containerPort: 8765
.
DEBUG:  The pod on my Kubernetes cluster logs show EnvironmentError: Missing required environment variable 'APP_MODE'. Give specific commands to fix this issue. If modifying file contents is necessary, use the sed command to achieve this. If providing a file path, make sure to keep the full file path. Suggest only the essential steps needed to solve the issue. Be frugal. ### Durable Fix Guidance
- Prefer durable fixes to source files, manifests, Dockerfiles, or other declared configuration over editing files inside a running container. Treat running-container edits as temporary diagnostics unless the user explicitly asks for an ephemeral repair.
- When visible application source and Kubernetes manifests disagree, update the source-of-truth configuration so they are consistent, then reapply or recreate the affected workload so the live cluster reflects the corrected configuration.
- Do not skip a visible source/config mismatch solely because a quick localhost reachability check succeeds.
 ### Minikube Image Guidance
- For minikube-backed clusters, if rebuilding an application image is necessary, recommend building or loading the image into the active minikube profile rather than pushing to a remote registry.
- Prefer `PROFILE=${MINIKUBE_PROFILE:-$(kubectl config current-context)}` followed by `minikube -p "$PROFILE" image build -t <image>:<tag> -f <Dockerfile> <context>`.
- Do not recommend `docker push` or switching a Deployment to a new unpublished image tag unless registry credentials and pull access are explicitly available.
- Prefer manifest-only fixes when the application source and image contents do not need to change.
 ### Tool Usage Rules
- Do not attempt many commands in one tool call.
- Never repeat a tool call that has already been executed successfully in this run.
- If you need the result of a previous tool call, use the provided output rather than re-invoking it.
- Keep the tool call as simple as possible to avoid errors.
- Do not run long-lived or background commands such as `kubectl port-forward`, `Start-Process`, or `kubectl logs -f`; prefer single-shot commands that exit on their own.
- Do not use `kubectl port-forward`, background verification, `kubectl logs -f`, or `kubectl get -w`.
- For reachability checks, use the access path defined by the scenario: if a Service exists, verify via Service/endpoints/service-routed access; if no Service exists, use bounded direct checks such as `kubectl exec` with an in-container one-shot HTTP request.
- Prefer one-shot application checks such as `kubectl exec <pod> -- python3 -c "import urllib.request; print(urllib.request.urlopen('http://127.0.0.1:<port>/').getcode())"` when Python is available in the container.
 The file  /home/hugov/KubeLLM-Minh/debug_assistant_latest/troubleshooting/environment_variable/environment_variable.yaml  describes a deployment. This is the file contents: apiVersion: v1
kind: Pod
metadata:
  name: kube-env-missing
spec:
  containers:
  - name: kube-env-missing
    image: kube-env-missing-app:latest
    imagePullPolicy: Never
    ports:
    - containerPort: 8765
. The file  /home/hugov/KubeLLM-Minh/debug_assistant_latest/troubleshooting/environment_variable/server.py  describes a application. This is the file contents: import os
from http.server import HTTPServer, BaseHTTPRequestHandler
import sys

mode = os.getenv("APP_MODE")
if not mode:
    raise EnvironmentError("Missing required environment variable 'APP_MODE'")

# Create a simple server
class Handler(BaseHTTPRequestHandler):
    def do_GET(self):
        if self.path == "/":
            self.send_response(200)
            self.end_headers()
        elif self.path == "/env":
            self.send_response(200)
            self.end_headers()
            self.wfile.write(f"Running in {mode}".encode())
        else:
            self.send_response(404)
            self.end_headers()

import sys

print(f"Running in {mode}", flush=True)
sys.stdout.flush()

httpd = HTTPServer(("0.0.0.0", 8765), Handler)
httpd.serve_forever()
.
DEBUG:  The pod on my Kubernetes cluster logs show EnvironmentError: Missing required environment variable 'APP_MODE'. Give specific commands to fix this issue. If modifying file contents is necessary, use the sed command to achieve this. If providing a file path, make sure to keep the full file path. Suggest only the essential steps needed to solve the issue. Be frugal. ### Durable Fix Guidance
- Prefer durable fixes to source files, manifests, Dockerfiles, or other declared configuration over editing files inside a running container. Treat running-container edits as temporary diagnostics unless the user explicitly asks for an ephemeral repair.
- When visible application source and Kubernetes manifests disagree, update the source-of-truth configuration so they are consistent, then reapply or recreate the affected workload so the live cluster reflects the corrected configuration.
- Do not skip a visible source/config mismatch solely because a quick localhost reachability check succeeds.
 ### Minikube Image Guidance
- For minikube-backed clusters, if rebuilding an application image is necessary, recommend building or loading the image into the active minikube profile rather than pushing to a remote registry.
- Prefer `PROFILE=${MINIKUBE_PROFILE:-$(kubectl config current-context)}` followed by `minikube -p "$PROFILE" image build -t <image>:<tag> -f <Dockerfile> <context>`.
- Do not recommend `docker push` or switching a Deployment to a new unpublished image tag unless registry credentials and pull access are explicitly available.
- Prefer manifest-only fixes when the application source and image contents do not need to change.
 ### Tool Usage Rules
- Do not attempt many commands in one tool call.
- Never repeat a tool call that has already been executed successfully in this run.
- If you need the result of a previous tool call, use the provided output rather than re-invoking it.
- Keep the tool call as simple as possible to avoid errors.
- Do not run long-lived or background commands such as `kubectl port-forward`, `Start-Process`, or `kubectl logs -f`; prefer single-shot commands that exit on their own.
- Do not use `kubectl port-forward`, background verification, `kubectl logs -f`, or `kubectl get -w`.
- For reachability checks, use the access path defined by the scenario: if a Service exists, verify via Service/endpoints/service-routed access; if no Service exists, use bounded direct checks such as `kubectl exec` with an in-container one-shot HTTP request.
- Prefer one-shot application checks such as `kubectl exec <pod> -- python3 -c "import urllib.request; print(urllib.request.urlopen('http://127.0.0.1:<port>/').getcode())"` when Python is available in the container.
 The file  /home/hugov/KubeLLM-Minh/debug_assistant_latest/troubleshooting/environment_variable/environment_variable.yaml  describes a deployment. This is the file contents: apiVersion: v1
kind: Pod
metadata:
  name: kube-env-missing
spec:
  containers:
  - name: kube-env-missing
    image: kube-env-missing-app:latest
    imagePullPolicy: Never
    ports:
    - containerPort: 8765
. The file  /home/hugov/KubeLLM-Minh/debug_assistant_latest/troubleshooting/environment_variable/server.py  describes a application. This is the file contents: import os
from http.server import HTTPServer, BaseHTTPRequestHandler
import sys

mode = os.getenv("APP_MODE")
if not mode:
    raise EnvironmentError("Missing required environment variable 'APP_MODE'")

# Create a simple server
class Handler(BaseHTTPRequestHandler):
    def do_GET(self):
        if self.path == "/":
            self.send_response(200)
            self.end_headers()
        elif self.path == "/env":
            self.send_response(200)
            self.end_headers()
            self.wfile.write(f"Running in {mode}".encode())
        else:
            self.send_response(404)
            self.end_headers()

import sys

print(f"Running in {mode}", flush=True)
sys.stdout.flush()

httpd = HTTPServer(("0.0.0.0", 8765), Handler)
httpd.serve_forever()
.
DEBUG:  The pod on my Kubernetes cluster logs show EnvironmentError: Missing required environment variable 'APP_MODE'. Give specific commands to fix this issue. If modifying file contents is necessary, use the sed command to achieve this. If providing a file path, make sure to keep the full file path. Suggest only the essential steps needed to solve the issue. Be frugal. ### Durable Fix Guidance
- Prefer durable fixes to source files, manifests, Dockerfiles, or other declared configuration over editing files inside a running container. Treat running-container edits as temporary diagnostics unless the user explicitly asks for an ephemeral repair.
- When visible application source and Kubernetes manifests disagree, update the source-of-truth configuration so they are consistent, then reapply or recreate the affected workload so the live cluster reflects the corrected configuration.
- Do not skip a visible source/config mismatch solely because a quick localhost reachability check succeeds.
 ### Minikube Image Guidance
- For minikube-backed clusters, if rebuilding an application image is necessary, recommend building or loading the image into the active minikube profile rather than pushing to a remote registry.
- Prefer `PROFILE=${MINIKUBE_PROFILE:-$(kubectl config current-context)}` followed by `minikube -p "$PROFILE" image build -t <image>:<tag> -f <Dockerfile> <context>`.
- Do not recommend `docker push` or switching a Deployment to a new unpublished image tag unless registry credentials and pull access are explicitly available.
- Prefer manifest-only fixes when the application source and image contents do not need to change.
 ### Tool Usage Rules
- Do not attempt many commands in one tool call.
- Never repeat a tool call that has already been executed successfully in this run.
- If you need the result of a previous tool call, use the provided output rather than re-invoking it.
- Keep the tool call as simple as possible to avoid errors.
- Do not run long-lived or background commands such as `kubectl port-forward`, `Start-Process`, or `kubectl logs -f`; prefer single-shot commands that exit on their own.
- Do not use `kubectl port-forward`, background verification, `kubectl logs -f`, or `kubectl get -w`.
- For reachability checks, use the access path defined by the scenario: if a Service exists, verify via Service/endpoints/service-routed access; if no Service exists, use bounded direct checks such as `kubectl exec` with an in-container one-shot HTTP request.
- Prefer one-shot application checks such as `kubectl exec <pod> -- python3 -c "import urllib.request; print(urllib.request.urlopen('http://127.0.0.1:<port>/').getcode())"` when Python is available in the container.
 The file  /home/hugov/KubeLLM-Minh/debug_assistant_latest/troubleshooting/environment_variable/environment_variable.yaml  describes a deployment. This is the file contents: apiVersion: v1
kind: Pod
metadata:
  name: kube-env-missing
spec:
  containers:
  - name: kube-env-missing
    image: kube-env-missing-app:latest
    imagePullPolicy: Never
    ports:
    - containerPort: 8765
. The file  /home/hugov/KubeLLM-Minh/debug_assistant_latest/troubleshooting/environment_variable/server.py  describes a application. This is the file contents: import os
from http.server import HTTPServer, BaseHTTPRequestHandler
import sys

mode = os.getenv("APP_MODE")
if not mode:
    raise EnvironmentError("Missing required environment variable 'APP_MODE'")

# Create a simple server
class Handler(BaseHTTPRequestHandler):
    def do_GET(self):
        if self.path == "/":
            self.send_response(200)
            self.end_headers()
        elif self.path == "/env":
            self.send_response(200)
            self.end_headers()
            self.wfile.write(f"Running in {mode}".encode())
        else:
            self.send_response(404)
            self.end_headers()

import sys

print(f"Running in {mode}", flush=True)
sys.stdout.flush()

httpd = HTTPServer(("0.0.0.0", 8765), Handler)
httpd.serve_forever()
. The file  /home/hugov/KubeLLM-Minh/debug_assistant_latest/troubleshooting/environment_variable/Dockerfile  describes a dockerfile. This is the file contents: FROM ubuntu:20.04

RUN apt-get update && \
    apt-get install -y \
        python3 \
        python3-pip \
        python3-venv

WORKDIR /app

COPY server.py /app

EXPOSE 8765

CMD ["python3", "-u", "server.py"]
.
DEBUG    Debug logs enabled                                                     
DEBUG:  The file  /home/hugov/KubeLLM-Minh/debug_assistant_latest/troubleshooting/environment_variable/environment_variable.yaml  describes a deployment. This is the file contents: apiVersion: v1
kind: Pod
metadata:
  name: kube-env-missing
spec:
  containers:
  - name: kube-env-missing
    image: kube-env-missing-app:latest
    imagePullPolicy: Never
    ports:
    - containerPort: 8765
.
DEBUG:  The file  /home/hugov/KubeLLM-Minh/debug_assistant_latest/troubleshooting/environment_variable/environment_variable.yaml  describes a deployment. This is the file contents: apiVersion: v1
kind: Pod
metadata:
  name: kube-env-missing
spec:
  containers:
  - name: kube-env-missing
    image: kube-env-missing-app:latest
    imagePullPolicy: Never
    ports:
    - containerPort: 8765
. The file  /home/hugov/KubeLLM-Minh/debug_assistant_latest/troubleshooting/environment_variable/server.py  describes a application. This is the file contents: import os
from http.server import HTTPServer, BaseHTTPRequestHandler
import sys

mode = os.getenv("APP_MODE")
if not mode:
    raise EnvironmentError("Missing required environment variable 'APP_MODE'")

# Create a simple server
class Handler(BaseHTTPRequestHandler):
    def do_GET(self):
        if self.path == "/":
            self.send_response(200)
            self.end_headers()
        elif self.path == "/env":
            self.send_response(200)
            self.end_headers()
            self.wfile.write(f"Running in {mode}".encode())
        else:
            self.send_response(404)
            self.end_headers()

import sys

print(f"Running in {mode}", flush=True)
sys.stdout.flush()

httpd = HTTPServer(("0.0.0.0", 8765), Handler)
httpd.serve_forever()
.
DEBUG:  The file  /home/hugov/KubeLLM-Minh/debug_assistant_latest/troubleshooting/environment_variable/environment_variable.yaml  describes a deployment. This is the file contents: apiVersion: v1
kind: Pod
metadata:
  name: kube-env-missing
spec:
  containers:
  - name: kube-env-missing
    image: kube-env-missing-app:latest
    imagePullPolicy: Never
    ports:
    - containerPort: 8765
. The file  /home/hugov/KubeLLM-Minh/debug_assistant_latest/troubleshooting/environment_variable/server.py  describes a application. This is the file contents: import os
from http.server import HTTPServer, BaseHTTPRequestHandler
import sys

mode = os.getenv("APP_MODE")
if not mode:
    raise EnvironmentError("Missing required environment variable 'APP_MODE'")

# Create a simple server
class Handler(BaseHTTPRequestHandler):
    def do_GET(self):
        if self.path == "/":
            self.send_response(200)
            self.end_headers()
        elif self.path == "/env":
            self.send_response(200)
            self.end_headers()
            self.wfile.write(f"Running in {mode}".encode())
        else:
            self.send_response(404)
            self.end_headers()

import sys

print(f"Running in {mode}", flush=True)
sys.stdout.flush()

httpd = HTTPServer(("0.0.0.0", 8765), Handler)
httpd.serve_forever()
.
DEBUG:  The file  /home/hugov/KubeLLM-Minh/debug_assistant_latest/troubleshooting/environment_variable/environment_variable.yaml  describes a deployment. This is the file contents: apiVersion: v1
kind: Pod
metadata:
  name: kube-env-missing
spec:
  containers:
  - name: kube-env-missing
    image: kube-env-missing-app:latest
    imagePullPolicy: Never
    ports:
    - containerPort: 8765
. The file  /home/hugov/KubeLLM-Minh/debug_assistant_latest/troubleshooting/environment_variable/server.py  describes a application. This is the file contents: import os
from http.server import HTTPServer, BaseHTTPRequestHandler
import sys

mode = os.getenv("APP_MODE")
if not mode:
    raise EnvironmentError("Missing required environment variable 'APP_MODE'")

# Create a simple server
class Handler(BaseHTTPRequestHandler):
    def do_GET(self):
        if self.path == "/":
            self.send_response(200)
            self.end_headers()
        elif self.path == "/env":
            self.send_response(200)
            self.end_headers()
            self.wfile.write(f"Running in {mode}".encode())
        else:
            self.send_response(404)
            self.end_headers()

import sys

print(f"Running in {mode}", flush=True)
sys.stdout.flush()

httpd = HTTPServer(("0.0.0.0", 8765), Handler)
httpd.serve_forever()
. The file  /home/hugov/KubeLLM-Minh/debug_assistant_latest/troubleshooting/environment_variable/Dockerfile  describes a dockerfile. This is the file contents: FROM ubuntu:20.04

RUN apt-get update && \
    apt-get install -y \
        python3 \
        python3-pip \
        python3-venv

WORKDIR /app

COPY server.py /app

EXPOSE 8765

CMD ["python3", "-u", "server.py"]
.
DEBUG    *********** Agent Run Start: fba3ea83-a5fb-46ce-964a-c8db9eed4495      
         ***********                                                            
DEBUG    Function run_shell_command from shell_tools added to model.            
DEBUG    ---------- Ollama Response Start ----------                            
DEBUG    ============== system ==============                                   
DEBUG    ## Instructions                                                        
         - If all and only all commands fail to execute, declare that there was 
         an error in trying to solve the issue, and end that statement with this
         token: <|ERROR|>.                                                      
         - You have solved this issue only when the original user-visible       
         problem is fixed in the live cluster. Verify the relevant Kubernetes   
         resources and application behavior with commands before declaring      
         success; pod Running/Ready status alone is not sufficient unless the   
         original problem is only pod startup.                                  
         - After every step, check whether the original problem is fixed in the 
         live cluster. If you changed manifests, images, or cluster             
         configuration, apply the change and verify the live resource state     
         reflects it before declaring success.                                  
         - If you believe you have met the goal, declare that you have solved   
         the user's issue, and end that statement with this token: <|SOLVED|>.  
         - If the steps do not solve the issue, or if you need more information,
         declare that you cannot solve the issue, and end that statement with   
         this token: <|FAILED|>.                                                
         - Do not use live feed flags when checking the logs such as 'kubectl   
         logs -f'                                                               
         - Do not use commands like vim or vi                                   
         - Do not use commands that open up editors like 'kubectl edit'         
         - Use markdown to format your answers.                                 
                                                                                
         ## Guidelines                                                          
         If a command invocation is successful but gives no stdout nor stderr,  
         then that is because that invocation resulted in no output to stdout or
         stderr.                                                                
         If a command contains a placeholder name surrounded in angle brackets  
         such as <pod_name>, for example, then **do not** run that command      
         as-is. First run a `kubectl get` command to find a real name to replace
         the placeholder name, then run the suggested command with the replaced 
         name of the resource. For example, if you see `kubectl logs <pod_name> 
         -n example_namespace`, first run `kubectl get pods -n                  
         example_namespace` and use the name of the first pod you see.          
         Do not use live feed flags when checking the logs such as 'kubectl logs
         -f'                                                                    
         If you do not conclude on an answer or a code then try again please.   
         Do not use commands like vim or vi                                     
         Do not use commands that open up editors like 'kubectl edit'           
DEBUG    ============== user ==============                                     
DEBUG    Perform the actions suggested here:                                    
         1. Insert APP_MODE into the Pod manifest (set to "development"; replace
         the value if you need a different mode)                                
         ```bash                                                                
         sed -i '/imagePullPolicy: Never/a\                                     
             env:\                                                              
             - name: APP_MODE\                                                  
               value: "development"'                                            
         /home/hugov/KubeLLM-Minh/debug_assistant_latest/troubleshooting/environ
         ment_variable/environment_variable.yaml                                
         ```                                                                    
                                                                                
         2. Recreate the Pod from the updated manifest (delete existing Pod if  
         present, then create from the file)                                    
         ```bash                                                                
         kubectl delete pod kube-env-missing --ignore-not-found                 
         kubectl apply -f                                                       
         /home/hugov/KubeLLM-Minh/debug_assistant_latest/troubleshooting/environ
         ment_variable/environment_variable.yaml                                
         ```                                                                    
                                                                                
         3. Wait for the Pod to become Ready and verify the server started      
         without the EnvironmentError by checking logs                          
         ```bash                                                                
         kubectl wait --for=condition=Ready pod/kube-env-missing --timeout=60s  
         kubectl logs pod/kube-env-missing                                      
         ```                                                                    
                                                                                
         The relevant configuration file is located in this path:               
         /home/hugov/KubeLLM-Minh/debug_assistant_latest/troubleshooting/environ
         ment_variable/environment_variable.yaml                                
         You can update these files if necessary. If any files are updated, make
         sure to delete and reapply the configuration file.                     
         Do not use live feed flags when checking the logs such as 'kubectl logs
         -f'                                                                    
         ### Tool Usage Rules                                                   
         - Do not attempt many commands in one tool call.                       
         - Never repeat a tool call that has already been executed successfully 
         in this run.                                                           
         - If you need the result of a previous tool call, use the provided     
         output rather than re-invoking it.                                     
         - Keep the tool call as simple as possible to avoid errors.            
         - Do not run long-lived or background commands such as `kubectl        
         port-forward`, `Start-Process`, or `kubectl logs -f`; prefer           
         single-shot commands that exit on their own.                           
         - Do not use `kubectl port-forward`, background verification, `kubectl 
         logs -f`, or `kubectl get -w`.                                         
         - For reachability checks, use the access path defined by the scenario:
         if a Service exists, verify via Service/endpoints/service-routed       
         access; if no Service exists, use bounded direct checks such as        
         `kubectl exec` with an in-container one-shot HTTP request.             
         - Prefer one-shot application checks such as `kubectl exec <pod> --    
         python3 -c "import urllib.request;                                     
         print(urllib.request.urlopen('http://127.0.0.1:<port>/').getcode())"`  
         when Python is available in the container.                             
                                                                                
DEBUG    ============== assistant ==============                                
DEBUG    Tool Calls: [                                                          
           {                                                                    
             "type": "function",                                                
             "function": {                                                      
               "name": "run_shell_command",                                     
               "arguments": "{\"command\": \"cat                                
         /home/hugov/KubeLLM-Minh/debug_assistant_latest/troubleshooting/environ
         ment_variable/environment_variable.yaml\"}"                            
             }                                                                  
           }                                                                    
         ]                                                                      
DEBUG    **************** METRICS START ****************                        
DEBUG    * Time to generate response:   67.3704s                                
DEBUG    * Tokens per second:           1.7367 tokens/s                         
DEBUG    * Input tokens:                1371                                    
DEBUG    * Output tokens:               117                                     
DEBUG    * Total tokens:                1488                                    
DEBUG    **************** METRICS END ******************                        
DEBUG    Getting function run_shell_command                                     
DEBUG    Running: run_shell_command(command=...)                                
INFO     Running shell command: cat                                             
         /home/hugov/KubeLLM-Minh/debug_assistant_latest/troubleshooting/environ
         ment_variable/environment_variable.yaml                                
DEBUG    Return code: 0                                                         
DEBUG    ---------- Ollama Response Start ----------                            
DEBUG    ============== system ==============                                   
DEBUG    ## Instructions                                                        
         - If all and only all commands fail to execute, declare that there was 
         an error in trying to solve the issue, and end that statement with this
         token: <|ERROR|>.                                                      
         - You have solved this issue only when the original user-visible       
         problem is fixed in the live cluster. Verify the relevant Kubernetes   
         resources and application behavior with commands before declaring      
         success; pod Running/Ready status alone is not sufficient unless the   
         original problem is only pod startup.                                  
         - After every step, check whether the original problem is fixed in the 
         live cluster. If you changed manifests, images, or cluster             
         configuration, apply the change and verify the live resource state     
         reflects it before declaring success.                                  
         - If you believe you have met the goal, declare that you have solved   
         the user's issue, and end that statement with this token: <|SOLVED|>.  
         - If the steps do not solve the issue, or if you need more information,
         declare that you cannot solve the issue, and end that statement with   
         this token: <|FAILED|>.                                                
         - Do not use live feed flags when checking the logs such as 'kubectl   
         logs -f'                                                               
         - Do not use commands like vim or vi                                   
         - Do not use commands that open up editors like 'kubectl edit'         
         - Use markdown to format your answers.                                 
                                                                                
         ## Guidelines                                                          
         If a command invocation is successful but gives no stdout nor stderr,  
         then that is because that invocation resulted in no output to stdout or
         stderr.                                                                
         If a command contains a placeholder name surrounded in angle brackets  
         such as <pod_name>, for example, then **do not** run that command      
         as-is. First run a `kubectl get` command to find a real name to replace
         the placeholder name, then run the suggested command with the replaced 
         name of the resource. For example, if you see `kubectl logs <pod_name> 
         -n example_namespace`, first run `kubectl get pods -n                  
         example_namespace` and use the name of the first pod you see.          
         Do not use live feed flags when checking the logs such as 'kubectl logs
         -f'                                                                    
         If you do not conclude on an answer or a code then try again please.   
         Do not use commands like vim or vi                                     
         Do not use commands that open up editors like 'kubectl edit'           
DEBUG    ============== user ==============                                     
DEBUG    Perform the actions suggested here:                                    
         1. Insert APP_MODE into the Pod manifest (set to "development"; replace
         the value if you need a different mode)                                
         ```bash                                                                
         sed -i '/imagePullPolicy: Never/a\                                     
             env:\                                                              
             - name: APP_MODE\                                                  
               value: "development"'                                            
         /home/hugov/KubeLLM-Minh/debug_assistant_latest/troubleshooting/environ
         ment_variable/environment_variable.yaml                                
         ```                                                                    
                                                                                
         2. Recreate the Pod from the updated manifest (delete existing Pod if  
         present, then create from the file)                                    
         ```bash                                                                
         kubectl delete pod kube-env-missing --ignore-not-found                 
         kubectl apply -f                                                       
         /home/hugov/KubeLLM-Minh/debug_assistant_latest/troubleshooting/environ
         ment_variable/environment_variable.yaml                                
         ```                                                                    
                                                                                
         3. Wait for the Pod to become Ready and verify the server started      
         without the EnvironmentError by checking logs                          
         ```bash                                                                
         kubectl wait --for=condition=Ready pod/kube-env-missing --timeout=60s  
         kubectl logs pod/kube-env-missing                                      
         ```                                                                    
                                                                                
         The relevant configuration file is located in this path:               
         /home/hugov/KubeLLM-Minh/debug_assistant_latest/troubleshooting/environ
         ment_variable/environment_variable.yaml                                
         You can update these files if necessary. If any files are updated, make
         sure to delete and reapply the configuration file.                     
         Do not use live feed flags when checking the logs such as 'kubectl logs
         -f'                                                                    
         ### Tool Usage Rules                                                   
         - Do not attempt many commands in one tool call.                       
         - Never repeat a tool call that has already been executed successfully 
         in this run.                                                           
         - If you need the result of a previous tool call, use the provided     
         output rather than re-invoking it.                                     
         - Keep the tool call as simple as possible to avoid errors.            
         - Do not run long-lived or background commands such as `kubectl        
         port-forward`, `Start-Process`, or `kubectl logs -f`; prefer           
         single-shot commands that exit on their own.                           
         - Do not use `kubectl port-forward`, background verification, `kubectl 
         logs -f`, or `kubectl get -w`.                                         
         - For reachability checks, use the access path defined by the scenario:
         if a Service exists, verify via Service/endpoints/service-routed       
         access; if no Service exists, use bounded direct checks such as        
         `kubectl exec` with an in-container one-shot HTTP request.             
         - Prefer one-shot application checks such as `kubectl exec <pod> --    
         python3 -c "import urllib.request;                                     
         print(urllib.request.urlopen('http://127.0.0.1:<port>/').getcode())"`  
         when Python is available in the container.                             
                                                                                
DEBUG    ============== assistant ==============                                
DEBUG    Tool Calls: [                                                          
           {                                                                    
             "type": "function",                                                
             "function": {                                                      
               "name": "run_shell_command",                                     
               "arguments": "{\"command\": \"cat                                
         /home/hugov/KubeLLM-Minh/debug_assistant_latest/troubleshooting/environ
         ment_variable/environment_variable.yaml\"}"                            
             }                                                                  
           }                                                                    
         ]                                                                      
DEBUG    ============== tool ==============                                     
DEBUG    apiVersion: v1                                                         
         kind: Pod                                                              
         metadata:                                                              
           name: kube-env-missing                                               
         spec:                                                                  
           containers:                                                          
           - name: kube-env-missing                                             
             image: kube-env-missing-app:latest                                 
             imagePullPolicy: Never                                             
             ports:                                                             
             - containerPort: 8765                                              
                                                                                
DEBUG    ============== assistant ==============                                
DEBUG    Tool Calls: [                                                          
           {                                                                    
             "type": "function",                                                
             "function": {                                                      
               "name": "run_shell_command",                                     
               "arguments": "{\"command\": \"cat                                
         /home/hugov/KubeLLM-Minh/debug_assistant_latest/troubleshooting/environ
         ment_variable/environment_variable.yaml\"}"                            
             }                                                                  
           }                                                                    
         ]                                                                      
DEBUG    **************** METRICS START ****************                        
DEBUG    * Time to generate response:   40.1888s                                
DEBUG    * Tokens per second:           5.4493 tokens/s                         
DEBUG    * Input tokens:                1454                                    
DEBUG    * Output tokens:               219                                     
DEBUG    * Total tokens:                1673                                    
DEBUG    **************** METRICS END ******************                        
DEBUG    Getting function run_shell_command                                     
DEBUG    Running: run_shell_command(command=...)                                
INFO     Running shell command: cat                                             
         /home/hugov/KubeLLM-Minh/debug_assistant_latest/troubleshooting/environ
         ment_variable/environment_variable.yaml                                
DEBUG    Return code: 0                                                         
DEBUG    ---------- Ollama Response Start ----------                            
DEBUG    ============== system ==============                                   
DEBUG    ## Instructions                                                        
         - If all and only all commands fail to execute, declare that there was 
         an error in trying to solve the issue, and end that statement with this
         token: <|ERROR|>.                                                      
         - You have solved this issue only when the original user-visible       
         problem is fixed in the live cluster. Verify the relevant Kubernetes   
         resources and application behavior with commands before declaring      
         success; pod Running/Ready status alone is not sufficient unless the   
         original problem is only pod startup.                                  
         - After every step, check whether the original problem is fixed in the 
         live cluster. If you changed manifests, images, or cluster             
         configuration, apply the change and verify the live resource state     
         reflects it before declaring success.                                  
         - If you believe you have met the goal, declare that you have solved   
         the user's issue, and end that statement with this token: <|SOLVED|>.  
         - If the steps do not solve the issue, or if you need more information,
         declare that you cannot solve the issue, and end that statement with   
         this token: <|FAILED|>.                                                
         - Do not use live feed flags when checking the logs such as 'kubectl   
         logs -f'                                                               
         - Do not use commands like vim or vi                                   
         - Do not use commands that open up editors like 'kubectl edit'         
         - Use markdown to format your answers.                                 
                                                                                
         ## Guidelines                                                          
         If a command invocation is successful but gives no stdout nor stderr,  
         then that is because that invocation resulted in no output to stdout or
         stderr.                                                                
         If a command contains a placeholder name surrounded in angle brackets  
         such as <pod_name>, for example, then **do not** run that command      
         as-is. First run a `kubectl get` command to find a real name to replace
         the placeholder name, then run the suggested command with the replaced 
         name of the resource. For example, if you see `kubectl logs <pod_name> 
         -n example_namespace`, first run `kubectl get pods -n                  
         example_namespace` and use the name of the first pod you see.          
         Do not use live feed flags when checking the logs such as 'kubectl logs
         -f'                                                                    
         If you do not conclude on an answer or a code then try again please.   
         Do not use commands like vim or vi                                     
         Do not use commands that open up editors like 'kubectl edit'           
DEBUG    ============== user ==============                                     
DEBUG    Perform the actions suggested here:                                    
         1. Insert APP_MODE into the Pod manifest (set to "development"; replace
         the value if you need a different mode)                                
         ```bash                                                                
         sed -i '/imagePullPolicy: Never/a\                                     
             env:\                                                              
             - name: APP_MODE\                                                  
               value: "development"'                                            
         /home/hugov/KubeLLM-Minh/debug_assistant_latest/troubleshooting/environ
         ment_variable/environment_variable.yaml                                
         ```                                                                    
                                                                                
         2. Recreate the Pod from the updated manifest (delete existing Pod if  
         present, then create from the file)                                    
         ```bash                                                                
         kubectl delete pod kube-env-missing --ignore-not-found                 
         kubectl apply -f                                                       
         /home/hugov/KubeLLM-Minh/debug_assistant_latest/troubleshooting/environ
         ment_variable/environment_variable.yaml                                
         ```                                                                    
                                                                                
         3. Wait for the Pod to become Ready and verify the server started      
         without the EnvironmentError by checking logs                          
         ```bash                                                                
         kubectl wait --for=condition=Ready pod/kube-env-missing --timeout=60s  
         kubectl logs pod/kube-env-missing                                      
         ```                                                                    
                                                                                
         The relevant configuration file is located in this path:               
         /home/hugov/KubeLLM-Minh/debug_assistant_latest/troubleshooting/environ
         ment_variable/environment_variable.yaml                                
         You can update these files if necessary. If any files are updated, make
         sure to delete and reapply the configuration file.                     
         Do not use live feed flags when checking the logs such as 'kubectl logs
         -f'                                                                    
         ### Tool Usage Rules                                                   
         - Do not attempt many commands in one tool call.                       
         - Never repeat a tool call that has already been executed successfully 
         in this run.                                                           
         - If you need the result of a previous tool call, use the provided     
         output rather than re-invoking it.                                     
         - Keep the tool call as simple as possible to avoid errors.            
         - Do not run long-lived or background commands such as `kubectl        
         port-forward`, `Start-Process`, or `kubectl logs -f`; prefer           
         single-shot commands that exit on their own.                           
         - Do not use `kubectl port-forward`, background verification, `kubectl 
         logs -f`, or `kubectl get -w`.                                         
         - For reachability checks, use the access path defined by the scenario:
         if a Service exists, verify via Service/endpoints/service-routed       
         access; if no Service exists, use bounded direct checks such as        
         `kubectl exec` with an in-container one-shot HTTP request.             
         - Prefer one-shot application checks such as `kubectl exec <pod> --    
         python3 -c "import urllib.request;                                     
         print(urllib.request.urlopen('http://127.0.0.1:<port>/').getcode())"`  
         when Python is available in the container.                             
                                                                                
DEBUG    ============== assistant ==============                                
DEBUG    Tool Calls: [                                                          
           {                                                                    
             "type": "function",                                                
             "function": {                                                      
               "name": "run_shell_command",                                     
               "arguments": "{\"command\": \"cat                                
         /home/hugov/KubeLLM-Minh/debug_assistant_latest/troubleshooting/environ
         ment_variable/environment_variable.yaml\"}"                            
             }                                                                  
           }                                                                    
         ]                                                                      
DEBUG    ============== tool ==============                                     
DEBUG    apiVersion: v1                                                         
         kind: Pod                                                              
         metadata:                                                              
           name: kube-env-missing                                               
         spec:                                                                  
           containers:                                                          
           - name: kube-env-missing                                             
             image: kube-env-missing-app:latest                                 
             imagePullPolicy: Never                                             
             ports:                                                             
             - containerPort: 8765                                              
                                                                                
DEBUG    ============== assistant ==============                                
DEBUG    Tool Calls: [                                                          
           {                                                                    
             "type": "function",                                                
             "function": {                                                      
               "name": "run_shell_command",                                     
               "arguments": "{\"command\": \"cat                                
         /home/hugov/KubeLLM-Minh/debug_assistant_latest/troubleshooting/environ
         ment_variable/environment_variable.yaml\"}"                            
             }                                                                  
           }                                                                    
         ]                                                                      
DEBUG    ============== tool ==============                                     
DEBUG    apiVersion: v1                                                         
         kind: Pod                                                              
         metadata:                                                              
           name: kube-env-missing                                               
         spec:                                                                  
           containers:                                                          
           - name: kube-env-missing                                             
             image: kube-env-missing-app:latest                                 
             imagePullPolicy: Never                                             
             ports:                                                             
             - containerPort: 8765                                              
                                                                                
DEBUG    ============== assistant ==============                                
DEBUG    **************** METRICS START ****************                        
DEBUG    * Time to generate response:   4.2717s                                 
DEBUG    * Tokens per second:           0.9364 tokens/s                         
DEBUG    * Input tokens:                1537                                    
DEBUG    * Output tokens:               4                                       
DEBUG    * Total tokens:                1541                                    
DEBUG    **************** METRICS END ******************                        
DEBUG    ---------- Ollama Response End ----------                              
DEBUG    Added 6 Messages to AgentMemory                                        
DEBUG    Added AgentRun to AgentMemory                                          
DEBUG    --**-- Logging Agent Run                                               
DEBUG    *********** Agent Run End: fba3ea83-a5fb-46ce-964a-c8db9eed4495        
         ***********                                                            
Warning: Unknown model 'muse-glimmer:30b' - cost set to $0.00

================================================================================
STARTING VERIFICATION PHASE
================================================================================

DEBUG    *********** Agent ID: 9e4dad2f-1c46-4a04-8e29-0b7cf8061731 *********** 
DEBUG    *********** Session ID: 09a3c1b2-dbec-431a-a23e-82310c47e098           
         ***********                                                            
DEBUG    Debug logs enabled                                                     
DEBUG: You are a precise Kubernetes Verification Agent. Your only goal is to determine, with evidence, whether the original problem described below has been fully resolved in the current cluster state.

            ### ORIGINAL PROBLEM TO VERIFY
            The pod on my Kubernetes cluster logs show EnvironmentError: Missing required environment variable 'APP_MODE'.

            ### VERIFICATION RULES (STRICTLY FOLLOW)
            1. **Never assume** the problem is fixed. You must prove it with real commands and observed output.
            2. Always start verification using `kubectl` (never guess pod/service names).
            3. Use exact resource names extracted from the YAML manifests — do not invent them.
            4. If a command fails or a resource does not exist, clearly state that and do not proceed as if it succeeded.
            5. Only declare the issue resolved if all relevant pods are Running/Ready and the configured access path for this scenario is reachable.

            ### RELEVANT MANIFESTS (use these to find exact names)
             The file  /home/hugov/KubeLLM-Minh/debug_assistant_latest/troubleshooting/environment_variable/environment_variable.yaml  describes a deployment. This is the file contents: apiVersion: v1
kind: Pod
metadata:
  name: kube-env-missing
spec:
  containers:
  - name: kube-env-missing
    image: kube-env-missing-app:latest
    imagePullPolicy: Never
    ports:
    - containerPort: 8765
.
DEBUG: You are a precise Kubernetes Verification Agent. Your only goal is to determine, with evidence, whether the original problem described below has been fully resolved in the current cluster state.

            ### ORIGINAL PROBLEM TO VERIFY
            The pod on my Kubernetes cluster logs show EnvironmentError: Missing required environment variable 'APP_MODE'.

            ### VERIFICATION RULES (STRICTLY FOLLOW)
            1. **Never assume** the problem is fixed. You must prove it with real commands and observed output.
            2. Always start verification using `kubectl` (never guess pod/service names).
            3. Use exact resource names extracted from the YAML manifests — do not invent them.
            4. If a command fails or a resource does not exist, clearly state that and do not proceed as if it succeeded.
            5. Only declare the issue resolved if all relevant pods are Running/Ready and the configured access path for this scenario is reachable.

            ### RELEVANT MANIFESTS (use these to find exact names)
             The file  /home/hugov/KubeLLM-Minh/debug_assistant_latest/troubleshooting/environment_variable/environment_variable.yaml  describes a deployment. This is the file contents: apiVersion: v1
kind: Pod
metadata:
  name: kube-env-missing
spec:
  containers:
  - name: kube-env-missing
    image: kube-env-missing-app:latest
    imagePullPolicy: Never
    ports:
    - containerPort: 8765
. The file  /home/hugov/KubeLLM-Minh/debug_assistant_latest/troubleshooting/environment_variable/server.py  describes a application. This is the file contents: import os
from http.server import HTTPServer, BaseHTTPRequestHandler
import sys

mode = os.getenv("APP_MODE")
if not mode:
    raise EnvironmentError("Missing required environment variable 'APP_MODE'")

# Create a simple server
class Handler(BaseHTTPRequestHandler):
    def do_GET(self):
        if self.path == "/":
            self.send_response(200)
            self.end_headers()
        elif self.path == "/env":
            self.send_response(200)
            self.end_headers()
            self.wfile.write(f"Running in {mode}".encode())
        else:
            self.send_response(404)
            self.end_headers()

import sys

print(f"Running in {mode}", flush=True)
sys.stdout.flush()

httpd = HTTPServer(("0.0.0.0", 8765), Handler)
httpd.serve_forever()
.
DEBUG: You are a precise Kubernetes Verification Agent. Your only goal is to determine, with evidence, whether the original problem described below has been fully resolved in the current cluster state.

            ### ORIGINAL PROBLEM TO VERIFY
            The pod on my Kubernetes cluster logs show EnvironmentError: Missing required environment variable 'APP_MODE'.

            ### VERIFICATION RULES (STRICTLY FOLLOW)
            1. **Never assume** the problem is fixed. You must prove it with real commands and observed output.
            2. Always start verification using `kubectl` (never guess pod/service names).
            3. Use exact resource names extracted from the YAML manifests — do not invent them.
            4. If a command fails or a resource does not exist, clearly state that and do not proceed as if it succeeded.
            5. Only declare the issue resolved if all relevant pods are Running/Ready and the configured access path for this scenario is reachable.

            ### RELEVANT MANIFESTS (use these to find exact names)
             The file  /home/hugov/KubeLLM-Minh/debug_assistant_latest/troubleshooting/environment_variable/environment_variable.yaml  describes a deployment. This is the file contents: apiVersion: v1
kind: Pod
metadata:
  name: kube-env-missing
spec:
  containers:
  - name: kube-env-missing
    image: kube-env-missing-app:latest
    imagePullPolicy: Never
    ports:
    - containerPort: 8765
. The file  /home/hugov/KubeLLM-Minh/debug_assistant_latest/troubleshooting/environment_variable/server.py  describes a application. This is the file contents: import os
from http.server import HTTPServer, BaseHTTPRequestHandler
import sys

mode = os.getenv("APP_MODE")
if not mode:
    raise EnvironmentError("Missing required environment variable 'APP_MODE'")

# Create a simple server
class Handler(BaseHTTPRequestHandler):
    def do_GET(self):
        if self.path == "/":
            self.send_response(200)
            self.end_headers()
        elif self.path == "/env":
            self.send_response(200)
            self.end_headers()
            self.wfile.write(f"Running in {mode}".encode())
        else:
            self.send_response(404)
            self.end_headers()

import sys

print(f"Running in {mode}", flush=True)
sys.stdout.flush()

httpd = HTTPServer(("0.0.0.0", 8765), Handler)
httpd.serve_forever()
.
DEBUG    *********** Agent Run Start: 0bd4e429-6b5e-4088-88fa-8fb508cc5696      
         ***********                                                            
DEBUG    Function run_shell_command from shell_tools added to model.            
DEBUG    ---------- OpenAI Response Start ----------                            
DEBUG    ============== system ==============                                   
DEBUG    ## Instructions                                                        
         - You are a verification agent tasked with verifying whether the       
         described Kubernetes issue has been fixed.                             
         - Run diagnostic commands to check the current state of the cluster.   
         - Always verify that the pods are running                              
         - Since this Kubernetes cluster is running on Minikube, use the        
         minikube service command to access services when appropriate.          
         - Do not use live feed flags when checking the logs such as 'kubectl   
         logs -f'                                                               
         - If kubectl logs fails, wait 5-10 seconds and try again up to 3 times 
         - If logs are still unavailable after retries, you can still verify    
         based on pod status and output of specific diagnostic command that will
         be provided to you                                                     
         - Use <|VERIFIED|> if the pod is Running and the kubectl or minikube   
         diagnostic commands indicate success, even if logs are temporarily     
         unavailable)                                                           
         - After completing verification, you must conclude with EXACTLY one of 
         these tokens:                                                          
         - - <|VERIFIED|> if the issue has been completely fixed                
         - - <|FAILED|> if the issue has NOT been fixed                         
         - - <|VERIFICATION_ERROR|> only if you cannot check files or pod status
         at all                                                                 
         - DO NOT create your own tokens. Use ONLY the three tokens listed      
         above.                                                                 
         - Use markdown to format your answers.                                 
                                                                                
         ## Guidelines                                                          
         If pod logs are temporarily unavailable, this is acceptable            
         The PRIMARY verification is: pod is Running and output of kubectl or   
         minikube based diagnostic commands.                                    
         Log verification is secondary - if unavailable, ignore it. You can     
         verify without logs                                                    
         You MUST use one of the three specified tokens: <|VERIFIED|>,          
         <|FAILED|>, or <|VERIFICATION_ERROR|>                                  
DEBUG    ============== user ==============                                     
DEBUG    You are a precise Kubernetes Verification Agent. Your only goal is to  
         determine, with evidence, whether the original problem described below 
         has been fully resolved in the current cluster state.                  
                                                                                
                     ### ORIGINAL PROBLEM TO VERIFY                             
                     The pod on my Kubernetes cluster logs show                 
         EnvironmentError: Missing required environment variable 'APP_MODE'.    
                                                                                
                     ### VERIFICATION RULES (STRICTLY FOLLOW)                   
                     1. **Never assume** the problem is fixed. You must prove it
         with real commands and observed output.                                
                     2. Always start verification using `kubectl` (never guess  
         pod/service names).                                                    
                     3. Use exact resource names extracted from the YAML        
         manifests — do not invent them.                                        
                     4. If a command fails or a resource does not exist, clearly
         state that and do not proceed as if it succeeded.                      
                     5. Only declare the issue resolved if all relevant pods are
         Running/Ready and the configured access path for this scenario is      
         reachable.                                                             
                                                                                
                     ### RELEVANT MANIFESTS (use these to find exact names)     
                      The file                                                  
         /home/hugov/KubeLLM-Minh/debug_assistant_latest/troubleshooting/environ
         ment_variable/environment_variable.yaml  describes a deployment. This  
         is the file contents: apiVersion: v1                                   
         kind: Pod                                                              
         metadata:                                                              
           name: kube-env-missing                                               
         spec:                                                                  
           containers:                                                          
           - name: kube-env-missing                                             
             image: kube-env-missing-app:latest                                 
             imagePullPolicy: Never                                             
             ports:                                                             
             - containerPort: 8765                                              
         . The file                                                             
         /home/hugov/KubeLLM-Minh/debug_assistant_latest/troubleshooting/environ
         ment_variable/server.py  describes a application. This is the file     
         contents: import os                                                    
         from http.server import HTTPServer, BaseHTTPRequestHandler             
         import sys                                                             
                                                                                
         mode = os.getenv("APP_MODE")                                           
         if not mode:                                                           
             raise EnvironmentError("Missing required environment variable      
         'APP_MODE'")                                                           
                                                                                
         # Create a simple server                                               
         class Handler(BaseHTTPRequestHandler):                                 
             def do_GET(self):                                                  
                 if self.path == "/":                                           
                     self.send_response(200)                                    
                     self.end_headers()                                         
                 elif self.path == "/env":                                      
                     self.send_response(200)                                    
                     self.end_headers()                                         
                     self.wfile.write(f"Running in {mode}".encode())            
                 else:                                                          
                     self.send_response(404)                                    
                     self.end_headers()                                         
                                                                                
         import sys                                                             
                                                                                
         print(f"Running in {mode}", flush=True)                                
         sys.stdout.flush()                                                     
                                                                                
         httpd = HTTPServer(("0.0.0.0", 8765), Handler)                         
         httpd.serve_forever()                                                  
         .                                                                      
                     ### CURRENT CONTEXT                                        
                     - Working directory:                                       
         /home/hugov/KubeLLM-Minh/debug_assistant_latest/troubleshooting/environ
         ment_variable/                                                         
                     - Main configuration file: environment_variable.yaml       
                     - Minikube profile: minikube                               
                                                                                
                     ### STEP-BY-STEP VERIFICATION PROCEDURE (follow exactly in 
         order)                                                                 
                     1. Run `kubectl get pods` → confirm all expected pods exist
         and are in Running state with 1/1 (or expected) ready containers.      
                     2. For each expected pod, run `kubectl describe pod        
         <pod-name>` and check Events for errors (CrashLoopBackOff,             
         ImagePullBackOff, OOM, etc.).                                          
                     3. If relevant service YAML exists, run `kubectl get       
         service <service-name>` → confirm expected Service exists and has      
         ClusterIP assigned.                                                    
                     4. Only if a Service manifest exists and the Service is    
         running:                                                               
                        - Run: `minikube -p minikube service <service-name>     
         --url`                                                                 
                        - Take the URL(s) returned and test with `curl -v <url>`
                     5. If Ingress exists, get the ingress address and test the 
         hostname/path with curl.                                               
                                                                                
         ### Tool Usage Rules                                                   
         - Do not attempt many commands in one tool call.                       
         - Never repeat a tool call that has already been executed successfully 
         in this run.                                                           
         - If you need the result of a previous tool call, use the provided     
         output rather than re-invoking it.                                     
         - Keep the tool call as simple as possible to avoid errors.            
         - Do not run long-lived or background commands such as `kubectl        
         port-forward`, `Start-Process`, or `kubectl logs -f`; prefer           
         single-shot commands that exit on their own.                           
         - Do not use `kubectl port-forward`, background verification, `kubectl 
         logs -f`, or `kubectl get -w`.                                         
         - For reachability checks, use the access path defined by the scenario:
         if a Service exists, verify via Service/endpoints/service-routed       
         access; if no Service exists, use bounded direct checks such as        
         `kubectl exec` with an in-container one-shot HTTP request.             
         - Prefer one-shot application checks such as `kubectl exec <pod> --    
         python3 -c "import urllib.request;                                     
         print(urllib.request.urlopen('http://127.0.0.1:<port>/').getcode())"`  
         when Python is available in the container.                             
         ### SCENARIO-SPECIFIC VERIFICATION GUIDANCE                            
         - This scenario intentionally has no Kubernetes Service. Absence of a  
         Service is not a failure.                                              
         - Do not verify this scenario via `minikube service`, external URL,    
         Service existence, or Service endpoints.                               
         - Verify the configured direct-access success criteria instead:        
         resource readiness, expected container port, and in-pod/local HTTP     
         response on the intended port.                                         
                                                                                
                                                                                
         === CRITICAL: USE EXACT TOKENS ===                                     
         You MUST conclude with EXACTLY one of these three tokens:              
         1. <|VERIFIED|> if the issue has been completely resolved              
         2. <|FAILED|> if the issue has NOT been fixed                          
         3. <|VERIFICATION_ERROR|> if you encountered errors during verification
                                                                                
         DO NOT make up your own tokens like <|FIX_VERIFIED_FAILED|> or anything
         else.                                                                  
         Use ONLY: <|VERIFIED|>, <|FAILED|>, or <|VERIFICATION_ERROR|>          
                                                                                
DEBUG    ============== assistant ==============                                
DEBUG    Tool Calls: [                                                          
           {                                                                    
             "id": "call_b2eq1LhmYXJbQo4QhbwYQsIg",                             
             "function": {                                                      
               "arguments": "{\"command\":\"kubectl get pods -A                 
         --no-headers\"}",                                                      
               "name": "run_shell_command"                                      
             },                                                                 
             "type": "function"                                                 
           }                                                                    
         ]                                                                      
DEBUG    **************** METRICS START ****************                        
DEBUG    * Time to generate response:   6.1638s                                 
DEBUG    * Tokens per second:           129.9533 tokens/s                       
DEBUG    * Input tokens:                1711                                    
DEBUG    * Output tokens:               801                                     
DEBUG    * Total tokens:                2512                                    
DEBUG    * Prompt tokens details:       {'audio_tokens': 0, 'cached_tokens': 0} 
DEBUG    * Completion tokens details:   {'accepted_prediction_tokens': 0,       
         'audio_tokens': 0, 'reasoning_tokens': 768,                            
         'rejected_prediction_tokens': 0}                                       
DEBUG    **************** METRICS END ******************                        
DEBUG    Getting function run_shell_command                                     
DEBUG    Running: run_shell_command(command=kubectl get pods -A --no-headers)   
INFO     Running shell command: kubectl get pods -A --no-headers                
DEBUG    Return code: 0                                                         
DEBUG    ---------- OpenAI Response Start ----------                            
DEBUG    ============== developer ==============                                
DEBUG    ## Instructions                                                        
         - You are a verification agent tasked with verifying whether the       
         described Kubernetes issue has been fixed.                             
         - Run diagnostic commands to check the current state of the cluster.   
         - Always verify that the pods are running                              
         - Since this Kubernetes cluster is running on Minikube, use the        
         minikube service command to access services when appropriate.          
         - Do not use live feed flags when checking the logs such as 'kubectl   
         logs -f'                                                               
         - If kubectl logs fails, wait 5-10 seconds and try again up to 3 times 
         - If logs are still unavailable after retries, you can still verify    
         based on pod status and output of specific diagnostic command that will
         be provided to you                                                     
         - Use <|VERIFIED|> if the pod is Running and the kubectl or minikube   
         diagnostic commands indicate success, even if logs are temporarily     
         unavailable)                                                           
         - After completing verification, you must conclude with EXACTLY one of 
         these tokens:                                                          
         - - <|VERIFIED|> if the issue has been completely fixed                
         - - <|FAILED|> if the issue has NOT been fixed                         
         - - <|VERIFICATION_ERROR|> only if you cannot check files or pod status
         at all                                                                 
         - DO NOT create your own tokens. Use ONLY the three tokens listed      
         above.                                                                 
         - Use markdown to format your answers.                                 
                                                                                
         ## Guidelines                                                          
         If pod logs are temporarily unavailable, this is acceptable            
         The PRIMARY verification is: pod is Running and output of kubectl or   
         minikube based diagnostic commands.                                    
         Log verification is secondary - if unavailable, ignore it. You can     
         verify without logs                                                    
         You MUST use one of the three specified tokens: <|VERIFIED|>,          
         <|FAILED|>, or <|VERIFICATION_ERROR|>                                  
DEBUG    ============== user ==============                                     
DEBUG    You are a precise Kubernetes Verification Agent. Your only goal is to  
         determine, with evidence, whether the original problem described below 
         has been fully resolved in the current cluster state.                  
                                                                                
                     ### ORIGINAL PROBLEM TO VERIFY                             
                     The pod on my Kubernetes cluster logs show                 
         EnvironmentError: Missing required environment variable 'APP_MODE'.    
                                                                                
                     ### VERIFICATION RULES (STRICTLY FOLLOW)                   
                     1. **Never assume** the problem is fixed. You must prove it
         with real commands and observed output.                                
                     2. Always start verification using `kubectl` (never guess  
         pod/service names).                                                    
                     3. Use exact resource names extracted from the YAML        
         manifests — do not invent them.                                        
                     4. If a command fails or a resource does not exist, clearly
         state that and do not proceed as if it succeeded.                      
                     5. Only declare the issue resolved if all relevant pods are
         Running/Ready and the configured access path for this scenario is      
         reachable.                                                             
                                                                                
                     ### RELEVANT MANIFESTS (use these to find exact names)     
                      The file                                                  
         /home/hugov/KubeLLM-Minh/debug_assistant_latest/troubleshooting/environ
         ment_variable/environment_variable.yaml  describes a deployment. This  
         is the file contents: apiVersion: v1                                   
         kind: Pod                                                              
         metadata:                                                              
           name: kube-env-missing                                               
         spec:                                                                  
           containers:                                                          
           - name: kube-env-missing                                             
             image: kube-env-missing-app:latest                                 
             imagePullPolicy: Never                                             
             ports:                                                             
             - containerPort: 8765                                              
         . The file                                                             
         /home/hugov/KubeLLM-Minh/debug_assistant_latest/troubleshooting/environ
         ment_variable/server.py  describes a application. This is the file     
         contents: import os                                                    
         from http.server import HTTPServer, BaseHTTPRequestHandler             
         import sys                                                             
                                                                                
         mode = os.getenv("APP_MODE")                                           
         if not mode:                                                           
             raise EnvironmentError("Missing required environment variable      
         'APP_MODE'")                                                           
                                                                                
         # Create a simple server                                               
         class Handler(BaseHTTPRequestHandler):                                 
             def do_GET(self):                                                  
                 if self.path == "/":                                           
                     self.send_response(200)                                    
                     self.end_headers()                                         
                 elif self.path == "/env":                                      
                     self.send_response(200)                                    
                     self.end_headers()                                         
                     self.wfile.write(f"Running in {mode}".encode())            
                 else:                                                          
                     self.send_response(404)                                    
                     self.end_headers()                                         
                                                                                
         import sys                                                             
                                                                                
         print(f"Running in {mode}", flush=True)                                
         sys.stdout.flush()                                                     
                                                                                
         httpd = HTTPServer(("0.0.0.0", 8765), Handler)                         
         httpd.serve_forever()                                                  
         .                                                                      
                     ### CURRENT CONTEXT                                        
                     - Working directory:                                       
         /home/hugov/KubeLLM-Minh/debug_assistant_latest/troubleshooting/environ
         ment_variable/                                                         
                     - Main configuration file: environment_variable.yaml       
                     - Minikube profile: minikube                               
                                                                                
                     ### STEP-BY-STEP VERIFICATION PROCEDURE (follow exactly in 
         order)                                                                 
                     1. Run `kubectl get pods` → confirm all expected pods exist
         and are in Running state with 1/1 (or expected) ready containers.      
                     2. For each expected pod, run `kubectl describe pod        
         <pod-name>` and check Events for errors (CrashLoopBackOff,             
         ImagePullBackOff, OOM, etc.).                                          
                     3. If relevant service YAML exists, run `kubectl get       
         service <service-name>` → confirm expected Service exists and has      
         ClusterIP assigned.                                                    
                     4. Only if a Service manifest exists and the Service is    
         running:                                                               
                        - Run: `minikube -p minikube service <service-name>     
         --url`                                                                 
                        - Take the URL(s) returned and test with `curl -v <url>`
                     5. If Ingress exists, get the ingress address and test the 
         hostname/path with curl.                                               
                                                                                
         ### Tool Usage Rules                                                   
         - Do not attempt many commands in one tool call.                       
         - Never repeat a tool call that has already been executed successfully 
         in this run.                                                           
         - If you need the result of a previous tool call, use the provided     
         output rather than re-invoking it.                                     
         - Keep the tool call as simple as possible to avoid errors.            
         - Do not run long-lived or background commands such as `kubectl        
         port-forward`, `Start-Process`, or `kubectl logs -f`; prefer           
         single-shot commands that exit on their own.                           
         - Do not use `kubectl port-forward`, background verification, `kubectl 
         logs -f`, or `kubectl get -w`.                                         
         - For reachability checks, use the access path defined by the scenario:
         if a Service exists, verify via Service/endpoints/service-routed       
         access; if no Service exists, use bounded direct checks such as        
         `kubectl exec` with an in-container one-shot HTTP request.             
         - Prefer one-shot application checks such as `kubectl exec <pod> --    
         python3 -c "import urllib.request;                                     
         print(urllib.request.urlopen('http://127.0.0.1:<port>/').getcode())"`  
         when Python is available in the container.                             
         ### SCENARIO-SPECIFIC VERIFICATION GUIDANCE                            
         - This scenario intentionally has no Kubernetes Service. Absence of a  
         Service is not a failure.                                              
         - Do not verify this scenario via `minikube service`, external URL,    
         Service existence, or Service endpoints.                               
         - Verify the configured direct-access success criteria instead:        
         resource readiness, expected container port, and in-pod/local HTTP     
         response on the intended port.                                         
                                                                                
                                                                                
         === CRITICAL: USE EXACT TOKENS ===                                     
         You MUST conclude with EXACTLY one of these three tokens:              
         1. <|VERIFIED|> if the issue has been completely resolved              
         2. <|FAILED|> if the issue has NOT been fixed                          
         3. <|VERIFICATION_ERROR|> if you encountered errors during verification
                                                                                
         DO NOT make up your own tokens like <|FIX_VERIFIED_FAILED|> or anything
         else.                                                                  
         Use ONLY: <|VERIFIED|>, <|FAILED|>, or <|VERIFICATION_ERROR|>          
                                                                                
DEBUG    ============== assistant ==============                                
DEBUG    Tool Calls: [                                                          
           {                                                                    
             "id": "call_b2eq1LhmYXJbQo4QhbwYQsIg",                             
             "function": {                                                      
               "arguments": "{\"command\":\"kubectl get pods -A                 
         --no-headers\"}",                                                      
               "name": "run_shell_command"                                      
             },                                                                 
             "type": "function"                                                 
           }                                                                    
         ]                                                                      
DEBUG    ============== tool ==============                                     
DEBUG    Tool call Id: call_b2eq1LhmYXJbQo4QhbwYQsIg                            
DEBUG    default       kube-env-missing                   0/1   CrashLoopBackOff
         4 (68s ago)   2m35s                                                    
         kube-system   coredns-6f6b679f8f-5zkx6           1/1   Running         
         3 (8d ago)    9d                                                       
         kube-system   etcd-minikube                      1/1   Running         
         3 (8d ago)    9d                                                       
         kube-system   kube-apiserver-minikube            1/1   Running         
         3 (8d ago)    9d                                                       
         kube-system   kube-controller-manager-minikube   1/1   Running         
         3 (8d ago)    9d                                                       
         kube-system   kube-proxy-28xkt                   1/1   Running         
         3 (8d ago)    9d                                                       
         kube-system   kube-scheduler-minikube            1/1   Running         
         3 (8d ago)    9d                                                       
         kube-system   storage-provisioner                1/1   Running         
         6 (8d ago)    9d                                                       
                                                                                
DEBUG    ============== assistant ==============                                
DEBUG    Tool Calls: [                                                          
           {                                                                    
             "id": "call_SwKkZK3vslced2GSxRR2rW2k",                             
             "function": {                                                      
               "arguments": "{\"command\":\"kubectl describe pod                
         kube-env-missing -n default\"}",                                       
               "name": "run_shell_command"                                      
             },                                                                 
             "type": "function"                                                 
           }                                                                    
         ]                                                                      
DEBUG    **************** METRICS START ****************                        
DEBUG    * Time to generate response:   2.9985s                                 
DEBUG    * Tokens per second:           96.7139 tokens/s                        
DEBUG    * Input tokens:                2001                                    
DEBUG    * Output tokens:               290                                     
DEBUG    * Total tokens:                2291                                    
DEBUG    * Prompt tokens details:       {'audio_tokens': 0, 'cached_tokens':    
         1536}                                                                  
DEBUG    * Completion tokens details:   {'accepted_prediction_tokens': 0,       
         'audio_tokens': 0, 'reasoning_tokens': 256,                            
         'rejected_prediction_tokens': 0}                                       
DEBUG    **************** METRICS END ******************                        
DEBUG    Getting function run_shell_command                                     
DEBUG    Running: run_shell_command(command=kubectl describe pod                
         kube-env-missing -n default)                                           
INFO     Running shell command: kubectl describe pod kube-env-missing -n default
DEBUG    Return code: 0                                                         
DEBUG    ---------- OpenAI Response Start ----------                            
DEBUG    ============== developer ==============                                
DEBUG    ## Instructions                                                        
         - You are a verification agent tasked with verifying whether the       
         described Kubernetes issue has been fixed.                             
         - Run diagnostic commands to check the current state of the cluster.   
         - Always verify that the pods are running                              
         - Since this Kubernetes cluster is running on Minikube, use the        
         minikube service command to access services when appropriate.          
         - Do not use live feed flags when checking the logs such as 'kubectl   
         logs -f'                                                               
         - If kubectl logs fails, wait 5-10 seconds and try again up to 3 times 
         - If logs are still unavailable after retries, you can still verify    
         based on pod status and output of specific diagnostic command that will
         be provided to you                                                     
         - Use <|VERIFIED|> if the pod is Running and the kubectl or minikube   
         diagnostic commands indicate success, even if logs are temporarily     
         unavailable)                                                           
         - After completing verification, you must conclude with EXACTLY one of 
         these tokens:                                                          
         - - <|VERIFIED|> if the issue has been completely fixed                
         - - <|FAILED|> if the issue has NOT been fixed                         
         - - <|VERIFICATION_ERROR|> only if you cannot check files or pod status
         at all                                                                 
         - DO NOT create your own tokens. Use ONLY the three tokens listed      
         above.                                                                 
         - Use markdown to format your answers.                                 
                                                                                
         ## Guidelines                                                          
         If pod logs are temporarily unavailable, this is acceptable            
         The PRIMARY verification is: pod is Running and output of kubectl or   
         minikube based diagnostic commands.                                    
         Log verification is secondary - if unavailable, ignore it. You can     
         verify without logs                                                    
         You MUST use one of the three specified tokens: <|VERIFIED|>,          
         <|FAILED|>, or <|VERIFICATION_ERROR|>                                  
DEBUG    ============== user ==============                                     
DEBUG    You are a precise Kubernetes Verification Agent. Your only goal is to  
         determine, with evidence, whether the original problem described below 
         has been fully resolved in the current cluster state.                  
                                                                                
                     ### ORIGINAL PROBLEM TO VERIFY                             
                     The pod on my Kubernetes cluster logs show                 
         EnvironmentError: Missing required environment variable 'APP_MODE'.    
                                                                                
                     ### VERIFICATION RULES (STRICTLY FOLLOW)                   
                     1. **Never assume** the problem is fixed. You must prove it
         with real commands and observed output.                                
                     2. Always start verification using `kubectl` (never guess  
         pod/service names).                                                    
                     3. Use exact resource names extracted from the YAML        
         manifests — do not invent them.                                        
                     4. If a command fails or a resource does not exist, clearly
         state that and do not proceed as if it succeeded.                      
                     5. Only declare the issue resolved if all relevant pods are
         Running/Ready and the configured access path for this scenario is      
         reachable.                                                             
                                                                                
                     ### RELEVANT MANIFESTS (use these to find exact names)     
                      The file                                                  
         /home/hugov/KubeLLM-Minh/debug_assistant_latest/troubleshooting/environ
         ment_variable/environment_variable.yaml  describes a deployment. This  
         is the file contents: apiVersion: v1                                   
         kind: Pod                                                              
         metadata:                                                              
           name: kube-env-missing                                               
         spec:                                                                  
           containers:                                                          
           - name: kube-env-missing                                             
             image: kube-env-missing-app:latest                                 
             imagePullPolicy: Never                                             
             ports:                                                             
             - containerPort: 8765                                              
         . The file                                                             
         /home/hugov/KubeLLM-Minh/debug_assistant_latest/troubleshooting/environ
         ment_variable/server.py  describes a application. This is the file     
         contents: import os                                                    
         from http.server import HTTPServer, BaseHTTPRequestHandler             
         import sys                                                             
                                                                                
         mode = os.getenv("APP_MODE")                                           
         if not mode:                                                           
             raise EnvironmentError("Missing required environment variable      
         'APP_MODE'")                                                           
                                                                                
         # Create a simple server                                               
         class Handler(BaseHTTPRequestHandler):                                 
             def do_GET(self):                                                  
                 if self.path == "/":                                           
                     self.send_response(200)                                    
                     self.end_headers()                                         
                 elif self.path == "/env":                                      
                     self.send_response(200)                                    
                     self.end_headers()                                         
                     self.wfile.write(f"Running in {mode}".encode())            
                 else:                                                          
                     self.send_response(404)                                    
                     self.end_headers()                                         
                                                                                
         import sys                                                             
                                                                                
         print(f"Running in {mode}", flush=True)                                
         sys.stdout.flush()                                                     
                                                                                
         httpd = HTTPServer(("0.0.0.0", 8765), Handler)                         
         httpd.serve_forever()                                                  
         .                                                                      
                     ### CURRENT CONTEXT                                        
                     - Working directory:                                       
         /home/hugov/KubeLLM-Minh/debug_assistant_latest/troubleshooting/environ
         ment_variable/                                                         
                     - Main configuration file: environment_variable.yaml       
                     - Minikube profile: minikube                               
                                                                                
                     ### STEP-BY-STEP VERIFICATION PROCEDURE (follow exactly in 
         order)                                                                 
                     1. Run `kubectl get pods` → confirm all expected pods exist
         and are in Running state with 1/1 (or expected) ready containers.      
                     2. For each expected pod, run `kubectl describe pod        
         <pod-name>` and check Events for errors (CrashLoopBackOff,             
         ImagePullBackOff, OOM, etc.).                                          
                     3. If relevant service YAML exists, run `kubectl get       
         service <service-name>` → confirm expected Service exists and has      
         ClusterIP assigned.                                                    
                     4. Only if a Service manifest exists and the Service is    
         running:                                                               
                        - Run: `minikube -p minikube service <service-name>     
         --url`                                                                 
                        - Take the URL(s) returned and test with `curl -v <url>`
                     5. If Ingress exists, get the ingress address and test the 
         hostname/path with curl.                                               
                                                                                
         ### Tool Usage Rules                                                   
         - Do not attempt many commands in one tool call.                       
         - Never repeat a tool call that has already been executed successfully 
         in this run.                                                           
         - If you need the result of a previous tool call, use the provided     
         output rather than re-invoking it.                                     
         - Keep the tool call as simple as possible to avoid errors.            
         - Do not run long-lived or background commands such as `kubectl        
         port-forward`, `Start-Process`, or `kubectl logs -f`; prefer           
         single-shot commands that exit on their own.                           
         - Do not use `kubectl port-forward`, background verification, `kubectl 
         logs -f`, or `kubectl get -w`.                                         
         - For reachability checks, use the access path defined by the scenario:
         if a Service exists, verify via Service/endpoints/service-routed       
         access; if no Service exists, use bounded direct checks such as        
         `kubectl exec` with an in-container one-shot HTTP request.             
         - Prefer one-shot application checks such as `kubectl exec <pod> --    
         python3 -c "import urllib.request;                                     
         print(urllib.request.urlopen('http://127.0.0.1:<port>/').getcode())"`  
         when Python is available in the container.                             
         ### SCENARIO-SPECIFIC VERIFICATION GUIDANCE                            
         - This scenario intentionally has no Kubernetes Service. Absence of a  
         Service is not a failure.                                              
         - Do not verify this scenario via `minikube service`, external URL,    
         Service existence, or Service endpoints.                               
         - Verify the configured direct-access success criteria instead:        
         resource readiness, expected container port, and in-pod/local HTTP     
         response on the intended port.                                         
                                                                                
                                                                                
         === CRITICAL: USE EXACT TOKENS ===                                     
         You MUST conclude with EXACTLY one of these three tokens:              
         1. <|VERIFIED|> if the issue has been completely resolved              
         2. <|FAILED|> if the issue has NOT been fixed                          
         3. <|VERIFICATION_ERROR|> if you encountered errors during verification
                                                                                
         DO NOT make up your own tokens like <|FIX_VERIFIED_FAILED|> or anything
         else.                                                                  
         Use ONLY: <|VERIFIED|>, <|FAILED|>, or <|VERIFICATION_ERROR|>          
                                                                                
DEBUG    ============== assistant ==============                                
DEBUG    Tool Calls: [                                                          
           {                                                                    
             "id": "call_b2eq1LhmYXJbQo4QhbwYQsIg",                             
             "function": {                                                      
               "arguments": "{\"command\":\"kubectl get pods -A                 
         --no-headers\"}",                                                      
               "name": "run_shell_command"                                      
             },                                                                 
             "type": "function"                                                 
           }                                                                    
         ]                                                                      
DEBUG    ============== tool ==============                                     
DEBUG    Tool call Id: call_b2eq1LhmYXJbQo4QhbwYQsIg                            
DEBUG    default       kube-env-missing                   0/1   CrashLoopBackOff
         4 (68s ago)   2m35s                                                    
         kube-system   coredns-6f6b679f8f-5zkx6           1/1   Running         
         3 (8d ago)    9d                                                       
         kube-system   etcd-minikube                      1/1   Running         
         3 (8d ago)    9d                                                       
         kube-system   kube-apiserver-minikube            1/1   Running         
         3 (8d ago)    9d                                                       
         kube-system   kube-controller-manager-minikube   1/1   Running         
         3 (8d ago)    9d                                                       
         kube-system   kube-proxy-28xkt                   1/1   Running         
         3 (8d ago)    9d                                                       
         kube-system   kube-scheduler-minikube            1/1   Running         
         3 (8d ago)    9d                                                       
         kube-system   storage-provisioner                1/1   Running         
         6 (8d ago)    9d                                                       
                                                                                
DEBUG    ============== assistant ==============                                
DEBUG    Tool Calls: [                                                          
           {                                                                    
             "id": "call_SwKkZK3vslced2GSxRR2rW2k",                             
             "function": {                                                      
               "arguments": "{\"command\":\"kubectl describe pod                
         kube-env-missing -n default\"}",                                       
               "name": "run_shell_command"                                      
             },                                                                 
             "type": "function"                                                 
           }                                                                    
         ]                                                                      
DEBUG    ============== tool ==============                                     
DEBUG    Tool call Id: call_SwKkZK3vslced2GSxRR2rW2k                            
DEBUG    Status:           Running                                              
         IP:               10.244.2.0                                           
         IPs:                                                                   
           IP:  10.244.2.0                                                      
         Containers:                                                            
           kube-env-missing:                                                    
             Container ID:                                                      
         docker://c2443cb722257e70669b20e677ddd024541b1c975e46d10e5fa1174f663133
         79                                                                     
             Image:          kube-env-missing-app:latest                        
             Image ID:                                                          
         docker://sha256:e293d32ced4b7a591d1f9e599c30c64d949f23e7970b53bc380d0fe
         194ab7f9f                                                              
             Port:           8765/TCP                                           
             Host Port:      0/TCP                                              
             State:          Waiting                                            
               Reason:       CrashLoopBackOff                                   
             Last State:     Terminated                                         
               Reason:       Error                                              
               Exit Code:    1                                                  
               Started:      Wed, 12 Aug 2026 16:18:41 +0000                    
               Finished:     Wed, 12 Aug 2026 16:18:42 +0000                    
             Ready:          False                                              
             Restart Count:  4                                                  
             Environment:    <none>                                             
             Mounts:                                                            
               /var/run/secrets/kubernetes.io/serviceaccount from               
         kube-api-access-k29m8 (ro)                                             
         Conditions:                                                            
           Type                        Status                                   
           PodReadyToStartContainers   True                                     
           Initialized                 True                                     
           Ready                       False                                    
           ContainersReady             False                                    
           PodScheduled                True                                     
         Volumes:                                                               
           kube-api-access-k29m8:                                               
             Type:                    Projected (a volume that contains injected
         data from multiple sources)                                            
             TokenExpirationSeconds:  3607                                      
             ConfigMapName:           kube-root-ca.crt                          
             Optional:                false                                     
             DownwardAPI:             true                                      
         QoS Class:                   BestEffort                                
         Node-Selectors:              <none>                                    
         Tolerations:                 node.kubernetes.io/not-ready:NoExecute    
         op=Exists for 300s                                                     
                                      node.kubernetes.io/unreachable:NoExecute  
         op=Exists for 300s                                                     
         Events:                                                                
           Type     Reason     Age                   From               Message 
           ----     ------     ----                  ----               ------- 
           Normal   Scheduled  2m38s                 default-scheduler          
         Successfully assigned default/kube-env-missing to minikube             
           Normal   Pulled     73s (x5 over 2m39s)   kubelet                    
         spec.containers{kube-env-missing}: Container image                     
         "kube-env-missing-app:latest" already present on machine               
           Normal   Created    73s (x5 over 2m39s)   kubelet                    
         spec.containers{kube-env-missing}: Created container kube-env-missing  
           Normal   Started    73s (x5 over 2m38s)   kubelet                    
         spec.containers{kube-env-missing}: Started container kube-env-missing  
           Warning  BackOff    58s (x10 over 2m37s)  kubelet                    
         spec.containers{kube-env-missing}: Back-off restarting failed container
         kube-env-missing in pod                                                
         kube-env-missing_default(c4131ae9-e9cf-4e4b-9ec6-6d8fa741b7c2)         
                                                                                
DEBUG    ============== assistant ==============                                
DEBUG    Tool Calls: [                                                          
           {                                                                    
             "id": "call_GtHaTkBBFMTZB4ltoEErunN1",                             
             "function": {                                                      
               "arguments": "{\"command\":\"kubectl logs kube-env-missing -n    
         default --previous\"}",                                                
               "name": "run_shell_command"                                      
             },                                                                 
             "type": "function"                                                 
           }                                                                    
         ]                                                                      
DEBUG    **************** METRICS START ****************                        
DEBUG    * Time to generate response:   8.8656s                                 
DEBUG    * Tokens per second:           112.2320 tokens/s                       
DEBUG    * Input tokens:                2743                                    
DEBUG    * Output tokens:               995                                     
DEBUG    * Total tokens:                3738                                    
DEBUG    * Prompt tokens details:       {'audio_tokens': 0, 'cached_tokens':    
         1792}                                                                  
DEBUG    * Completion tokens details:   {'accepted_prediction_tokens': 0,       
         'audio_tokens': 0, 'reasoning_tokens': 960,                            
         'rejected_prediction_tokens': 0}                                       
DEBUG    **************** METRICS END ******************                        
DEBUG    Getting function run_shell_command                                     
DEBUG    Running: run_shell_command(command=kubectl logs kube-env-missing -n    
         default --previous)                                                    
INFO     Running shell command: kubectl logs kube-env-missing -n default        
         --previous                                                             
DEBUG    Return code: 0                                                         
DEBUG    ---------- OpenAI Response Start ----------                            
DEBUG    ============== developer ==============                                
DEBUG    ## Instructions                                                        
         - You are a verification agent tasked with verifying whether the       
         described Kubernetes issue has been fixed.                             
         - Run diagnostic commands to check the current state of the cluster.   
         - Always verify that the pods are running                              
         - Since this Kubernetes cluster is running on Minikube, use the        
         minikube service command to access services when appropriate.          
         - Do not use live feed flags when checking the logs such as 'kubectl   
         logs -f'                                                               
         - If kubectl logs fails, wait 5-10 seconds and try again up to 3 times 
         - If logs are still unavailable after retries, you can still verify    
         based on pod status and output of specific diagnostic command that will
         be provided to you                                                     
         - Use <|VERIFIED|> if the pod is Running and the kubectl or minikube   
         diagnostic commands indicate success, even if logs are temporarily     
         unavailable)                                                           
         - After completing verification, you must conclude with EXACTLY one of 
         these tokens:                                                          
         - - <|VERIFIED|> if the issue has been completely fixed                
         - - <|FAILED|> if the issue has NOT been fixed                         
         - - <|VERIFICATION_ERROR|> only if you cannot check files or pod status
         at all                                                                 
         - DO NOT create your own tokens. Use ONLY the three tokens listed      
         above.                                                                 
         - Use markdown to format your answers.                                 
                                                                                
         ## Guidelines                                                          
         If pod logs are temporarily unavailable, this is acceptable            
         The PRIMARY verification is: pod is Running and output of kubectl or   
         minikube based diagnostic commands.                                    
         Log verification is secondary - if unavailable, ignore it. You can     
         verify without logs                                                    
         You MUST use one of the three specified tokens: <|VERIFIED|>,          
         <|FAILED|>, or <|VERIFICATION_ERROR|>                                  
DEBUG    ============== user ==============                                     
DEBUG    You are a precise Kubernetes Verification Agent. Your only goal is to  
         determine, with evidence, whether the original problem described below 
         has been fully resolved in the current cluster state.                  
                                                                                
                     ### ORIGINAL PROBLEM TO VERIFY                             
                     The pod on my Kubernetes cluster logs show                 
         EnvironmentError: Missing required environment variable 'APP_MODE'.    
                                                                                
                     ### VERIFICATION RULES (STRICTLY FOLLOW)                   
                     1. **Never assume** the problem is fixed. You must prove it
         with real commands and observed output.                                
                     2. Always start verification using `kubectl` (never guess  
         pod/service names).                                                    
                     3. Use exact resource names extracted from the YAML        
         manifests — do not invent them.                                        
                     4. If a command fails or a resource does not exist, clearly
         state that and do not proceed as if it succeeded.                      
                     5. Only declare the issue resolved if all relevant pods are
         Running/Ready and the configured access path for this scenario is      
         reachable.                                                             
                                                                                
                     ### RELEVANT MANIFESTS (use these to find exact names)     
                      The file                                                  
         /home/hugov/KubeLLM-Minh/debug_assistant_latest/troubleshooting/environ
         ment_variable/environment_variable.yaml  describes a deployment. This  
         is the file contents: apiVersion: v1                                   
         kind: Pod                                                              
         metadata:                                                              
           name: kube-env-missing                                               
         spec:                                                                  
           containers:                                                          
           - name: kube-env-missing                                             
             image: kube-env-missing-app:latest                                 
             imagePullPolicy: Never                                             
             ports:                                                             
             - containerPort: 8765                                              
         . The file                                                             
         /home/hugov/KubeLLM-Minh/debug_assistant_latest/troubleshooting/environ
         ment_variable/server.py  describes a application. This is the file     
         contents: import os                                                    
         from http.server import HTTPServer, BaseHTTPRequestHandler             
         import sys                                                             
                                                                                
         mode = os.getenv("APP_MODE")                                           
         if not mode:                                                           
             raise EnvironmentError("Missing required environment variable      
         'APP_MODE'")                                                           
                                                                                
         # Create a simple server                                               
         class Handler(BaseHTTPRequestHandler):                                 
             def do_GET(self):                                                  
                 if self.path == "/":                                           
                     self.send_response(200)                                    
                     self.end_headers()                                         
                 elif self.path == "/env":                                      
                     self.send_response(200)                                    
                     self.end_headers()                                         
                     self.wfile.write(f"Running in {mode}".encode())            
                 else:                                                          
                     self.send_response(404)                                    
                     self.end_headers()                                         
                                                                                
         import sys                                                             
                                                                                
         print(f"Running in {mode}", flush=True)                                
         sys.stdout.flush()                                                     
                                                                                
         httpd = HTTPServer(("0.0.0.0", 8765), Handler)                         
         httpd.serve_forever()                                                  
         .                                                                      
                     ### CURRENT CONTEXT                                        
                     - Working directory:                                       
         /home/hugov/KubeLLM-Minh/debug_assistant_latest/troubleshooting/environ
         ment_variable/                                                         
                     - Main configuration file: environment_variable.yaml       
                     - Minikube profile: minikube                               
                                                                                
                     ### STEP-BY-STEP VERIFICATION PROCEDURE (follow exactly in 
         order)                                                                 
                     1. Run `kubectl get pods` → confirm all expected pods exist
         and are in Running state with 1/1 (or expected) ready containers.      
                     2. For each expected pod, run `kubectl describe pod        
         <pod-name>` and check Events for errors (CrashLoopBackOff,             
         ImagePullBackOff, OOM, etc.).                                          
                     3. If relevant service YAML exists, run `kubectl get       
         service <service-name>` → confirm expected Service exists and has      
         ClusterIP assigned.                                                    
                     4. Only if a Service manifest exists and the Service is    
         running:                                                               
                        - Run: `minikube -p minikube service <service-name>     
         --url`                                                                 
                        - Take the URL(s) returned and test with `curl -v <url>`
                     5. If Ingress exists, get the ingress address and test the 
         hostname/path with curl.                                               
                                                                                
         ### Tool Usage Rules                                                   
         - Do not attempt many commands in one tool call.                       
         - Never repeat a tool call that has already been executed successfully 
         in this run.                                                           
         - If you need the result of a previous tool call, use the provided     
         output rather than re-invoking it.                                     
         - Keep the tool call as simple as possible to avoid errors.            
         - Do not run long-lived or background commands such as `kubectl        
         port-forward`, `Start-Process`, or `kubectl logs -f`; prefer           
         single-shot commands that exit on their own.                           
         - Do not use `kubectl port-forward`, background verification, `kubectl 
         logs -f`, or `kubectl get -w`.                                         
         - For reachability checks, use the access path defined by the scenario:
         if a Service exists, verify via Service/endpoints/service-routed       
         access; if no Service exists, use bounded direct checks such as        
         `kubectl exec` with an in-container one-shot HTTP request.             
         - Prefer one-shot application checks such as `kubectl exec <pod> --    
         python3 -c "import urllib.request;                                     
         print(urllib.request.urlopen('http://127.0.0.1:<port>/').getcode())"`  
         when Python is available in the container.                             
         ### SCENARIO-SPECIFIC VERIFICATION GUIDANCE                            
         - This scenario intentionally has no Kubernetes Service. Absence of a  
         Service is not a failure.                                              
         - Do not verify this scenario via `minikube service`, external URL,    
         Service existence, or Service endpoints.                               
         - Verify the configured direct-access success criteria instead:        
         resource readiness, expected container port, and in-pod/local HTTP     
         response on the intended port.                                         
                                                                                
                                                                                
         === CRITICAL: USE EXACT TOKENS ===                                     
         You MUST conclude with EXACTLY one of these three tokens:              
         1. <|VERIFIED|> if the issue has been completely resolved              
         2. <|FAILED|> if the issue has NOT been fixed                          
         3. <|VERIFICATION_ERROR|> if you encountered errors during verification
                                                                                
         DO NOT make up your own tokens like <|FIX_VERIFIED_FAILED|> or anything
         else.                                                                  
         Use ONLY: <|VERIFIED|>, <|FAILED|>, or <|VERIFICATION_ERROR|>          
                                                                                
DEBUG    ============== assistant ==============                                
DEBUG    Tool Calls: [                                                          
           {                                                                    
             "id": "call_b2eq1LhmYXJbQo4QhbwYQsIg",                             
             "function": {                                                      
               "arguments": "{\"command\":\"kubectl get pods -A                 
         --no-headers\"}",                                                      
               "name": "run_shell_command"                                      
             },                                                                 
             "type": "function"                                                 
           }                                                                    
         ]                                                                      
DEBUG    ============== tool ==============                                     
DEBUG    Tool call Id: call_b2eq1LhmYXJbQo4QhbwYQsIg                            
DEBUG    default       kube-env-missing                   0/1   CrashLoopBackOff
         4 (68s ago)   2m35s                                                    
         kube-system   coredns-6f6b679f8f-5zkx6           1/1   Running         
         3 (8d ago)    9d                                                       
         kube-system   etcd-minikube                      1/1   Running         
         3 (8d ago)    9d                                                       
         kube-system   kube-apiserver-minikube            1/1   Running         
         3 (8d ago)    9d                                                       
         kube-system   kube-controller-manager-minikube   1/1   Running         
         3 (8d ago)    9d                                                       
         kube-system   kube-proxy-28xkt                   1/1   Running         
         3 (8d ago)    9d                                                       
         kube-system   kube-scheduler-minikube            1/1   Running         
         3 (8d ago)    9d                                                       
         kube-system   storage-provisioner                1/1   Running         
         6 (8d ago)    9d                                                       
                                                                                
DEBUG    ============== assistant ==============                                
DEBUG    Tool Calls: [                                                          
           {                                                                    
             "id": "call_SwKkZK3vslced2GSxRR2rW2k",                             
             "function": {                                                      
               "arguments": "{\"command\":\"kubectl describe pod                
         kube-env-missing -n default\"}",                                       
               "name": "run_shell_command"                                      
             },                                                                 
             "type": "function"                                                 
           }                                                                    
         ]                                                                      
DEBUG    ============== tool ==============                                     
DEBUG    Tool call Id: call_SwKkZK3vslced2GSxRR2rW2k                            
DEBUG    Status:           Running                                              
         IP:               10.244.2.0                                           
         IPs:                                                                   
           IP:  10.244.2.0                                                      
         Containers:                                                            
           kube-env-missing:                                                    
             Container ID:                                                      
         docker://c2443cb722257e70669b20e677ddd024541b1c975e46d10e5fa1174f663133
         79                                                                     
             Image:          kube-env-missing-app:latest                        
             Image ID:                                                          
         docker://sha256:e293d32ced4b7a591d1f9e599c30c64d949f23e7970b53bc380d0fe
         194ab7f9f                                                              
             Port:           8765/TCP                                           
             Host Port:      0/TCP                                              
             State:          Waiting                                            
               Reason:       CrashLoopBackOff                                   
             Last State:     Terminated                                         
               Reason:       Error                                              
               Exit Code:    1                                                  
               Started:      Wed, 12 Aug 2026 16:18:41 +0000                    
               Finished:     Wed, 12 Aug 2026 16:18:42 +0000                    
             Ready:          False                                              
             Restart Count:  4                                                  
             Environment:    <none>                                             
             Mounts:                                                            
               /var/run/secrets/kubernetes.io/serviceaccount from               
         kube-api-access-k29m8 (ro)                                             
         Conditions:                                                            
           Type                        Status                                   
           PodReadyToStartContainers   True                                     
           Initialized                 True                                     
           Ready                       False                                    
           ContainersReady             False                                    
           PodScheduled                True                                     
         Volumes:                                                               
           kube-api-access-k29m8:                                               
             Type:                    Projected (a volume that contains injected
         data from multiple sources)                                            
             TokenExpirationSeconds:  3607                                      
             ConfigMapName:           kube-root-ca.crt                          
             Optional:                false                                     
             DownwardAPI:             true                                      
         QoS Class:                   BestEffort                                
         Node-Selectors:              <none>                                    
         Tolerations:                 node.kubernetes.io/not-ready:NoExecute    
         op=Exists for 300s                                                     
                                      node.kubernetes.io/unreachable:NoExecute  
         op=Exists for 300s                                                     
         Events:                                                                
           Type     Reason     Age                   From               Message 
           ----     ------     ----                  ----               ------- 
           Normal   Scheduled  2m38s                 default-scheduler          
         Successfully assigned default/kube-env-missing to minikube             
           Normal   Pulled     73s (x5 over 2m39s)   kubelet                    
         spec.containers{kube-env-missing}: Container image                     
         "kube-env-missing-app:latest" already present on machine               
           Normal   Created    73s (x5 over 2m39s)   kubelet                    
         spec.containers{kube-env-missing}: Created container kube-env-missing  
           Normal   Started    73s (x5 over 2m38s)   kubelet                    
         spec.containers{kube-env-missing}: Started container kube-env-missing  
           Warning  BackOff    58s (x10 over 2m37s)  kubelet                    
         spec.containers{kube-env-missing}: Back-off restarting failed container
         kube-env-missing in pod                                                
         kube-env-missing_default(c4131ae9-e9cf-4e4b-9ec6-6d8fa741b7c2)         
                                                                                
DEBUG    ============== assistant ==============                                
DEBUG    Tool Calls: [                                                          
           {                                                                    
             "id": "call_GtHaTkBBFMTZB4ltoEErunN1",                             
             "function": {                                                      
               "arguments": "{\"command\":\"kubectl logs kube-env-missing -n    
         default --previous\"}",                                                
               "name": "run_shell_command"                                      
             },                                                                 
             "type": "function"                                                 
           }                                                                    
         ]                                                                      
DEBUG    ============== tool ==============                                     
DEBUG    Tool call Id: call_GtHaTkBBFMTZB4ltoEErunN1                            
DEBUG    Traceback (most recent call last):                                     
           File "server.py", line 7, in <module>                                
             raise EnvironmentError("Missing required environment variable      
         'APP_MODE'")                                                           
         OSError: Missing required environment variable 'APP_MODE'              
                                                                                
DEBUG    ============== assistant ==============                                
DEBUG    Tool Calls: [                                                          
           {                                                                    
             "id": "call_MfH2ZON0oyNIUGAGYi2zkFUO",                             
             "function": {                                                      
               "arguments": "{\"command\":\"kubectl logs kube-env-missing -n    
         default\"}",                                                           
               "name": "run_shell_command"                                      
             },                                                                 
             "type": "function"                                                 
           }                                                                    
         ]                                                                      
DEBUG    **************** METRICS START ****************                        
DEBUG    * Time to generate response:   0.7745s                                 
DEBUG    * Tokens per second:           34.8626 tokens/s                        
DEBUG    * Input tokens:                2830                                    
DEBUG    * Output tokens:               27                                      
DEBUG    * Total tokens:                2857                                    
DEBUG    * Prompt tokens details:       {'audio_tokens': 0, 'cached_tokens':    
         2560}                                                                  
DEBUG    * Completion tokens details:   {'accepted_prediction_tokens': 0,       
         'audio_tokens': 0, 'reasoning_tokens': 0, 'rejected_prediction_tokens':
         0}                                                                     
DEBUG    **************** METRICS END ******************                        
DEBUG    Getting function run_shell_command                                     
DEBUG    Running: run_shell_command(command=kubectl logs kube-env-missing -n    
         default)                                                               
INFO     Running shell command: kubectl logs kube-env-missing -n default        
DEBUG    Return code: 0                                                         
DEBUG    ---------- OpenAI Response Start ----------                            
DEBUG    ============== developer ==============                                
DEBUG    ## Instructions                                                        
         - You are a verification agent tasked with verifying whether the       
         described Kubernetes issue has been fixed.                             
         - Run diagnostic commands to check the current state of the cluster.   
         - Always verify that the pods are running                              
         - Since this Kubernetes cluster is running on Minikube, use the        
         minikube service command to access services when appropriate.          
         - Do not use live feed flags when checking the logs such as 'kubectl   
         logs -f'                                                               
         - If kubectl logs fails, wait 5-10 seconds and try again up to 3 times 
         - If logs are still unavailable after retries, you can still verify    
         based on pod status and output of specific diagnostic command that will
         be provided to you                                                     
         - Use <|VERIFIED|> if the pod is Running and the kubectl or minikube   
         diagnostic commands indicate success, even if logs are temporarily     
         unavailable)                                                           
         - After completing verification, you must conclude with EXACTLY one of 
         these tokens:                                                          
         - - <|VERIFIED|> if the issue has been completely fixed                
         - - <|FAILED|> if the issue has NOT been fixed                         
         - - <|VERIFICATION_ERROR|> only if you cannot check files or pod status
         at all                                                                 
         - DO NOT create your own tokens. Use ONLY the three tokens listed      
         above.                                                                 
         - Use markdown to format your answers.                                 
                                                                                
         ## Guidelines                                                          
         If pod logs are temporarily unavailable, this is acceptable            
         The PRIMARY verification is: pod is Running and output of kubectl or   
         minikube based diagnostic commands.                                    
         Log verification is secondary - if unavailable, ignore it. You can     
         verify without logs                                                    
         You MUST use one of the three specified tokens: <|VERIFIED|>,          
         <|FAILED|>, or <|VERIFICATION_ERROR|>                                  
DEBUG    ============== user ==============                                     
DEBUG    You are a precise Kubernetes Verification Agent. Your only goal is to  
         determine, with evidence, whether the original problem described below 
         has been fully resolved in the current cluster state.                  
                                                                                
                     ### ORIGINAL PROBLEM TO VERIFY                             
                     The pod on my Kubernetes cluster logs show                 
         EnvironmentError: Missing required environment variable 'APP_MODE'.    
                                                                                
                     ### VERIFICATION RULES (STRICTLY FOLLOW)                   
                     1. **Never assume** the problem is fixed. You must prove it
         with real commands and observed output.                                
                     2. Always start verification using `kubectl` (never guess  
         pod/service names).                                                    
                     3. Use exact resource names extracted from the YAML        
         manifests — do not invent them.                                        
                     4. If a command fails or a resource does not exist, clearly
         state that and do not proceed as if it succeeded.                      
                     5. Only declare the issue resolved if all relevant pods are
         Running/Ready and the configured access path for this scenario is      
         reachable.                                                             
                                                                                
                     ### RELEVANT MANIFESTS (use these to find exact names)     
                      The file                                                  
         /home/hugov/KubeLLM-Minh/debug_assistant_latest/troubleshooting/environ
         ment_variable/environment_variable.yaml  describes a deployment. This  
         is the file contents: apiVersion: v1                                   
         kind: Pod                                                              
         metadata:                                                              
           name: kube-env-missing                                               
         spec:                                                                  
           containers:                                                          
           - name: kube-env-missing                                             
             image: kube-env-missing-app:latest                                 
             imagePullPolicy: Never                                             
             ports:                                                             
             - containerPort: 8765                                              
         . The file                                                             
         /home/hugov/KubeLLM-Minh/debug_assistant_latest/troubleshooting/environ
         ment_variable/server.py  describes a application. This is the file     
         contents: import os                                                    
         from http.server import HTTPServer, BaseHTTPRequestHandler             
         import sys                                                             
                                                                                
         mode = os.getenv("APP_MODE")                                           
         if not mode:                                                           
             raise EnvironmentError("Missing required environment variable      
         'APP_MODE'")                                                           
                                                                                
         # Create a simple server                                               
         class Handler(BaseHTTPRequestHandler):                                 
             def do_GET(self):                                                  
                 if self.path == "/":                                           
                     self.send_response(200)                                    
                     self.end_headers()                                         
                 elif self.path == "/env":                                      
                     self.send_response(200)                                    
                     self.end_headers()                                         
                     self.wfile.write(f"Running in {mode}".encode())            
                 else:                                                          
                     self.send_response(404)                                    
                     self.end_headers()                                         
                                                                                
         import sys                                                             
                                                                                
         print(f"Running in {mode}", flush=True)                                
         sys.stdout.flush()                                                     
                                                                                
         httpd = HTTPServer(("0.0.0.0", 8765), Handler)                         
         httpd.serve_forever()                                                  
         .                                                                      
                     ### CURRENT CONTEXT                                        
                     - Working directory:                                       
         /home/hugov/KubeLLM-Minh/debug_assistant_latest/troubleshooting/environ
         ment_variable/                                                         
                     - Main configuration file: environment_variable.yaml       
                     - Minikube profile: minikube                               
                                                                                
                     ### STEP-BY-STEP VERIFICATION PROCEDURE (follow exactly in 
         order)                                                                 
                     1. Run `kubectl get pods` → confirm all expected pods exist
         and are in Running state with 1/1 (or expected) ready containers.      
                     2. For each expected pod, run `kubectl describe pod        
         <pod-name>` and check Events for errors (CrashLoopBackOff,             
         ImagePullBackOff, OOM, etc.).                                          
                     3. If relevant service YAML exists, run `kubectl get       
         service <service-name>` → confirm expected Service exists and has      
         ClusterIP assigned.                                                    
                     4. Only if a Service manifest exists and the Service is    
         running:                                                               
                        - Run: `minikube -p minikube service <service-name>     
         --url`                                                                 
                        - Take the URL(s) returned and test with `curl -v <url>`
                     5. If Ingress exists, get the ingress address and test the 
         hostname/path with curl.                                               
                                                                                
         ### Tool Usage Rules                                                   
         - Do not attempt many commands in one tool call.                       
         - Never repeat a tool call that has already been executed successfully 
         in this run.                                                           
         - If you need the result of a previous tool call, use the provided     
         output rather than re-invoking it.                                     
         - Keep the tool call as simple as possible to avoid errors.            
         - Do not run long-lived or background commands such as `kubectl        
         port-forward`, `Start-Process`, or `kubectl logs -f`; prefer           
         single-shot commands that exit on their own.                           
         - Do not use `kubectl port-forward`, background verification, `kubectl 
         logs -f`, or `kubectl get -w`.                                         
         - For reachability checks, use the access path defined by the scenario:
         if a Service exists, verify via Service/endpoints/service-routed       
         access; if no Service exists, use bounded direct checks such as        
         `kubectl exec` with an in-container one-shot HTTP request.             
         - Prefer one-shot application checks such as `kubectl exec <pod> --    
         python3 -c "import urllib.request;                                     
         print(urllib.request.urlopen('http://127.0.0.1:<port>/').getcode())"`  
         when Python is available in the container.                             
         ### SCENARIO-SPECIFIC VERIFICATION GUIDANCE                            
         - This scenario intentionally has no Kubernetes Service. Absence of a  
         Service is not a failure.                                              
         - Do not verify this scenario via `minikube service`, external URL,    
         Service existence, or Service endpoints.                               
         - Verify the configured direct-access success criteria instead:        
         resource readiness, expected container port, and in-pod/local HTTP     
         response on the intended port.                                         
                                                                                
                                                                                
         === CRITICAL: USE EXACT TOKENS ===                                     
         You MUST conclude with EXACTLY one of these three tokens:              
         1. <|VERIFIED|> if the issue has been completely resolved              
         2. <|FAILED|> if the issue has NOT been fixed                          
         3. <|VERIFICATION_ERROR|> if you encountered errors during verification
                                                                                
         DO NOT make up your own tokens like <|FIX_VERIFIED_FAILED|> or anything
         else.                                                                  
         Use ONLY: <|VERIFIED|>, <|FAILED|>, or <|VERIFICATION_ERROR|>          
                                                                                
DEBUG    ============== assistant ==============                                
DEBUG    Tool Calls: [                                                          
           {                                                                    
             "id": "call_b2eq1LhmYXJbQo4QhbwYQsIg",                             
             "function": {                                                      
               "arguments": "{\"command\":\"kubectl get pods -A                 
         --no-headers\"}",                                                      
               "name": "run_shell_command"                                      
             },                                                                 
             "type": "function"                                                 
           }                                                                    
         ]                                                                      
DEBUG    ============== tool ==============                                     
DEBUG    Tool call Id: call_b2eq1LhmYXJbQo4QhbwYQsIg                            
DEBUG    default       kube-env-missing                   0/1   CrashLoopBackOff
         4 (68s ago)   2m35s                                                    
         kube-system   coredns-6f6b679f8f-5zkx6           1/1   Running         
         3 (8d ago)    9d                                                       
         kube-system   etcd-minikube                      1/1   Running         
         3 (8d ago)    9d                                                       
         kube-system   kube-apiserver-minikube            1/1   Running         
         3 (8d ago)    9d                                                       
         kube-system   kube-controller-manager-minikube   1/1   Running         
         3 (8d ago)    9d                                                       
         kube-system   kube-proxy-28xkt                   1/1   Running         
         3 (8d ago)    9d                                                       
         kube-system   kube-scheduler-minikube            1/1   Running         
         3 (8d ago)    9d                                                       
         kube-system   storage-provisioner                1/1   Running         
         6 (8d ago)    9d                                                       
                                                                                
DEBUG    ============== assistant ==============                                
DEBUG    Tool Calls: [                                                          
           {                                                                    
             "id": "call_SwKkZK3vslced2GSxRR2rW2k",                             
             "function": {                                                      
               "arguments": "{\"command\":\"kubectl describe pod                
         kube-env-missing -n default\"}",                                       
               "name": "run_shell_command"                                      
             },                                                                 
             "type": "function"                                                 
           }                                                                    
         ]                                                                      
DEBUG    ============== tool ==============                                     
DEBUG    Tool call Id: call_SwKkZK3vslced2GSxRR2rW2k                            
DEBUG    Status:           Running                                              
         IP:               10.244.2.0                                           
         IPs:                                                                   
           IP:  10.244.2.0                                                      
         Containers:                                                            
           kube-env-missing:                                                    
             Container ID:                                                      
         docker://c2443cb722257e70669b20e677ddd024541b1c975e46d10e5fa1174f663133
         79                                                                     
             Image:          kube-env-missing-app:latest                        
             Image ID:                                                          
         docker://sha256:e293d32ced4b7a591d1f9e599c30c64d949f23e7970b53bc380d0fe
         194ab7f9f                                                              
             Port:           8765/TCP                                           
             Host Port:      0/TCP                                              
             State:          Waiting                                            
               Reason:       CrashLoopBackOff                                   
             Last State:     Terminated                                         
               Reason:       Error                                              
               Exit Code:    1                                                  
               Started:      Wed, 12 Aug 2026 16:18:41 +0000                    
               Finished:     Wed, 12 Aug 2026 16:18:42 +0000                    
             Ready:          False                                              
             Restart Count:  4                                                  
             Environment:    <none>                                             
             Mounts:                                                            
               /var/run/secrets/kubernetes.io/serviceaccount from               
         kube-api-access-k29m8 (ro)                                             
         Conditions:                                                            
           Type                        Status                                   
           PodReadyToStartContainers   True                                     
           Initialized                 True                                     
           Ready                       False                                    
           ContainersReady             False                                    
           PodScheduled                True                                     
         Volumes:                                                               
           kube-api-access-k29m8:                                               
             Type:                    Projected (a volume that contains injected
         data from multiple sources)                                            
             TokenExpirationSeconds:  3607                                      
             ConfigMapName:           kube-root-ca.crt                          
             Optional:                false                                     
             DownwardAPI:             true                                      
         QoS Class:                   BestEffort                                
         Node-Selectors:              <none>                                    
         Tolerations:                 node.kubernetes.io/not-ready:NoExecute    
         op=Exists for 300s                                                     
                                      node.kubernetes.io/unreachable:NoExecute  
         op=Exists for 300s                                                     
         Events:                                                                
           Type     Reason     Age                   From               Message 
           ----     ------     ----                  ----               ------- 
           Normal   Scheduled  2m38s                 default-scheduler          
         Successfully assigned default/kube-env-missing to minikube             
           Normal   Pulled     73s (x5 over 2m39s)   kubelet                    
         spec.containers{kube-env-missing}: Container image                     
         "kube-env-missing-app:latest" already present on machine               
           Normal   Created    73s (x5 over 2m39s)   kubelet                    
         spec.containers{kube-env-missing}: Created container kube-env-missing  
           Normal   Started    73s (x5 over 2m38s)   kubelet                    
         spec.containers{kube-env-missing}: Started container kube-env-missing  
           Warning  BackOff    58s (x10 over 2m37s)  kubelet                    
         spec.containers{kube-env-missing}: Back-off restarting failed container
         kube-env-missing in pod                                                
         kube-env-missing_default(c4131ae9-e9cf-4e4b-9ec6-6d8fa741b7c2)         
                                                                                
DEBUG    ============== assistant ==============                                
DEBUG    Tool Calls: [                                                          
           {                                                                    
             "id": "call_GtHaTkBBFMTZB4ltoEErunN1",                             
             "function": {                                                      
               "arguments": "{\"command\":\"kubectl logs kube-env-missing -n    
         default --previous\"}",                                                
               "name": "run_shell_command"                                      
             },                                                                 
             "type": "function"                                                 
           }                                                                    
         ]                                                                      
DEBUG    ============== tool ==============                                     
DEBUG    Tool call Id: call_GtHaTkBBFMTZB4ltoEErunN1                            
DEBUG    Traceback (most recent call last):                                     
           File "server.py", line 7, in <module>                                
             raise EnvironmentError("Missing required environment variable      
         'APP_MODE'")                                                           
         OSError: Missing required environment variable 'APP_MODE'              
                                                                                
DEBUG    ============== assistant ==============                                
DEBUG    Tool Calls: [                                                          
           {                                                                    
             "id": "call_MfH2ZON0oyNIUGAGYi2zkFUO",                             
             "function": {                                                      
               "arguments": "{\"command\":\"kubectl logs kube-env-missing -n    
         default\"}",                                                           
               "name": "run_shell_command"                                      
             },                                                                 
             "type": "function"                                                 
           }                                                                    
         ]                                                                      
DEBUG    ============== tool ==============                                     
DEBUG    Tool call Id: call_MfH2ZON0oyNIUGAGYi2zkFUO                            
DEBUG    Traceback (most recent call last):                                     
           File "server.py", line 7, in <module>                                
             raise EnvironmentError("Missing required environment variable      
         'APP_MODE'")                                                           
         OSError: Missing required environment variable 'APP_MODE'              
                                                                                
DEBUG    ============== assistant ==============                                
DEBUG    Verification results                                                   
                                                                                
         1) Pods overview                                                       
         - Command: kubectl get pods -A --no-headers                            
         - Result:                                                              
           - default kube-env-missing 0/1   CrashLoopBackOff                    
           - kube-system coredns-6f6b679f8f-5zkx6 1/1 Running                   
           - (other kube-system components show Running)                        
         - Interpretation: The target pod kube-env-missing is not in Running    
         state; it is in CrashLoopBackOff. Other system pods are healthy.       
                                                                                
         2) Pod details                                                         
         - Command: kubectl describe pod kube-env-missing -n default            
         - Key excerpts:                                                        
           - State: Waiting                                                     
           - Last State: Terminated | Reason: Error | Exit Code: 1              
           - Reason: CrashLoopBackOff                                           
           - Events include: BackOff restarting failed container                
         kube-env-missing                                                       
         - Interpretation: The container is crashing on start and restarting,   
         i.e., not healthy.                                                     
                                                                                
         3) Pod logs                                                            
         - Commands:                                                            
           - kubectl logs kube-env-missing -n default --previous                
           - kubectl logs kube-env-missing -n default                           
         - Result (both attempts show):                                         
           - OSError: Missing required environment variable 'APP_MODE'          
         - Interpretation: The application still fails at startup due to missing
         APP_MODE environment variable.                                         
                                                                                
         Assessment against verification criteria                               
                                                                                
         - The pod is not Running/Ready (it is in CrashLoopBackOff). Therefore  
         the primary condition for success (pod Running) is not met.            
         - The observed failure is precisely due to missing APP_MODE, consistent
         with the original problem description.                                 
         - There is no Service involved in this scenario, so service            
         reachability checks are not applicable.                                
                                                                                
         Conclusion                                                             
                                                                                
         - <|FAILED|>                                                           
DEBUG    **************** METRICS START ****************                        
DEBUG    * Time to generate response:   11.0368s                                
DEBUG    * Tokens per second:           119.8717 tokens/s                       
DEBUG    * Input tokens:                2915                                    
DEBUG    * Output tokens:               1323                                    
DEBUG    * Total tokens:                4238                                    
DEBUG    * Prompt tokens details:       {'audio_tokens': 0, 'cached_tokens':    
         2688}                                                                  
DEBUG    * Completion tokens details:   {'accepted_prediction_tokens': 0,       
         'audio_tokens': 0, 'reasoning_tokens': 960,                            
         'rejected_prediction_tokens': 0}                                       
DEBUG    **************** METRICS END ******************                        
DEBUG    ---------- OpenAI Response End ----------                              
DEBUG    Added 10 Messages to AgentMemory                                       
DEBUG    Added AgentRun to AgentMemory                                          
DEBUG    --**-- Logging Agent Run                                               
DEBUG    *********** Agent Run End: 0bd4e429-6b5e-4088-88fa-8fb508cc5696        
         ***********                                                            

================================================================================
VERIFICATION STATUS: ✗ FAILED
The issue has NOT been fixed
================================================================================


Final Task Status: FAILURE
Debug Agent Self-Report: FAILURE
Verification Agent Report: FAILED

=================================================
                   FINISHED                      
=================================================

============================================================
Running ground truth verification...

============================================================
GROUND TRUTH VERIFICATION: environment_variable
============================================================
[FAIL] pod_ready (15 attempts)
       Pod is Ready
       Expected: True
       Actual:   False
[SKIP] env_present
       Container has APP_MODE environment variable defined
       Expected: APP_MODE
       Actual:   skipped (dependency 'pod_ready' did not pass)
[SKIP] no_crash
       Container has not restarted
       Expected: 0
       Actual:   skipped (dependency 'pod_ready' did not pass)
------------------------------------------------------------
Result: FAILED | FAIL: 1, SKIP: 2 | 30947ms
============================================================

