New Run Response: {'status': 'New run started'}
Initialize Response: {'status': 'Agent initialized'}
Clear Knowledge Base Response: {'status': 'Knowledge base cleared', 'table': 'ai.local_rag_documents_nomic-embed-text'}
Add URL Response: {'status': 'URL added', 'url': 'https://learnk8s.io/troubleshooting-deployments', 'table': 'local_rag_documents_nomic-embed-text'}
DEBUG:  The pod is Running, but describing the Service shows no endpoints for the application. Give specific commands to fix this issue. If modifying file contents is necessary, use the sed command to achieve this. If providing a file path, make sure to keep the full file path. Suggest only the essential steps needed to solve the issue. Be frugal. ### Durable Fix Guidance
- Prefer durable fixes to source files, manifests, Dockerfiles, or other declared configuration over editing files inside a running container. Treat running-container edits as temporary diagnostics unless the user explicitly asks for an ephemeral repair.
- When visible application source and Kubernetes manifests disagree, update the source-of-truth configuration so they are consistent, then reapply or recreate the affected workload so the live cluster reflects the corrected configuration.
- Do not skip a visible source/config mismatch solely because a quick localhost reachability check succeeds.
 ### Minikube Image Guidance
- For minikube-backed clusters, if rebuilding an application image is necessary, recommend building or loading the image into the active minikube profile rather than pushing to a remote registry.
- Prefer `PROFILE=${MINIKUBE_PROFILE:-$(kubectl config current-context)}` followed by `minikube -p "$PROFILE" image build -t <image>:<tag> -f <Dockerfile> <context>`.
- Do not recommend `docker push` or switching a Deployment to a new unpublished image tag unless registry credentials and pull access are explicitly available.
- Prefer manifest-only fixes when the application source and image contents do not need to change.
 ### Tool Usage Rules
- Do not attempt many commands in one tool call.
- Never repeat a tool call that has already been executed successfully in this run.
- If you need the result of a previous tool call, use the provided output rather than re-invoking it.
- Keep the tool call as simple as possible to avoid errors.
- Never run Minikube lifecycle or configuration commands such as `minikube start`, `minikube stop`, `minikube delete`, `minikube pause`, `minikube unpause`, or `minikube config`; the runner owns the active profile. Use `minikube status` only for diagnostics and report an unhealthy profile.
- Do not run long-lived or background commands such as `kubectl port-forward`, `Start-Process`, or `kubectl logs -f`; prefer single-shot commands that exit on their own.
- Do not use `kubectl port-forward`, background verification, `kubectl logs -f`, or `kubectl get -w`.
- For reachability checks, use the access path defined by the scenario: if a Service exists, verify via Service/endpoints/service-routed access; if no Service exists, use bounded direct checks such as `kubectl exec` with an in-container one-shot HTTP request.
- Prefer one-shot application checks such as `kubectl exec <pod> -- python3 -c "import urllib.request; print(urllib.request.urlopen('http://127.0.0.1:<port>/').getcode())"` when Python is available in the container.
 The file  /home/minh/KubeLLM/debug_assistant_latest/troubleshooting/incorrect_selector_missing_label/incorrect_selector_missing_label.yaml  describes a deployment. This is the file contents: apiVersion: v1
kind: Pod
metadata:
  name: kube-selector-missing-label
  labels:
    tier: frontend
spec:
  containers:
  - name: kube-selector-missing-label
    image: kube-selector-missing-label-app:latest
    imagePullPolicy: Never
    ports:
    - containerPort: 8765
.
DEBUG:  The pod is Running, but describing the Service shows no endpoints for the application. Give specific commands to fix this issue. If modifying file contents is necessary, use the sed command to achieve this. If providing a file path, make sure to keep the full file path. Suggest only the essential steps needed to solve the issue. Be frugal. ### Durable Fix Guidance
- Prefer durable fixes to source files, manifests, Dockerfiles, or other declared configuration over editing files inside a running container. Treat running-container edits as temporary diagnostics unless the user explicitly asks for an ephemeral repair.
- When visible application source and Kubernetes manifests disagree, update the source-of-truth configuration so they are consistent, then reapply or recreate the affected workload so the live cluster reflects the corrected configuration.
- Do not skip a visible source/config mismatch solely because a quick localhost reachability check succeeds.
 ### Minikube Image Guidance
- For minikube-backed clusters, if rebuilding an application image is necessary, recommend building or loading the image into the active minikube profile rather than pushing to a remote registry.
- Prefer `PROFILE=${MINIKUBE_PROFILE:-$(kubectl config current-context)}` followed by `minikube -p "$PROFILE" image build -t <image>:<tag> -f <Dockerfile> <context>`.
- Do not recommend `docker push` or switching a Deployment to a new unpublished image tag unless registry credentials and pull access are explicitly available.
- Prefer manifest-only fixes when the application source and image contents do not need to change.
 ### Tool Usage Rules
- Do not attempt many commands in one tool call.
- Never repeat a tool call that has already been executed successfully in this run.
- If you need the result of a previous tool call, use the provided output rather than re-invoking it.
- Keep the tool call as simple as possible to avoid errors.
- Never run Minikube lifecycle or configuration commands such as `minikube start`, `minikube stop`, `minikube delete`, `minikube pause`, `minikube unpause`, or `minikube config`; the runner owns the active profile. Use `minikube status` only for diagnostics and report an unhealthy profile.
- Do not run long-lived or background commands such as `kubectl port-forward`, `Start-Process`, or `kubectl logs -f`; prefer single-shot commands that exit on their own.
- Do not use `kubectl port-forward`, background verification, `kubectl logs -f`, or `kubectl get -w`.
- For reachability checks, use the access path defined by the scenario: if a Service exists, verify via Service/endpoints/service-routed access; if no Service exists, use bounded direct checks such as `kubectl exec` with an in-container one-shot HTTP request.
- Prefer one-shot application checks such as `kubectl exec <pod> -- python3 -c "import urllib.request; print(urllib.request.urlopen('http://127.0.0.1:<port>/').getcode())"` when Python is available in the container.
 The file  /home/minh/KubeLLM/debug_assistant_latest/troubleshooting/incorrect_selector_missing_label/incorrect_selector_missing_label.yaml  describes a deployment. This is the file contents: apiVersion: v1
kind: Pod
metadata:
  name: kube-selector-missing-label
  labels:
    tier: frontend
spec:
  containers:
  - name: kube-selector-missing-label
    image: kube-selector-missing-label-app:latest
    imagePullPolicy: Never
    ports:
    - containerPort: 8765
. The file  /home/minh/KubeLLM/debug_assistant_latest/troubleshooting/incorrect_selector_missing_label/server.py  describes a application. This is the file contents: from http.server import HTTPServer, BaseHTTPRequestHandler
class Handler(BaseHTTPRequestHandler):
    def do_GET(self):
        self.send_response(200)
        self.end_headers()
        self.wfile.write(b"ok")
HTTPServer(("0.0.0.0", 8765), Handler).serve_forever()
.
DEBUG:  The pod is Running, but describing the Service shows no endpoints for the application. Give specific commands to fix this issue. If modifying file contents is necessary, use the sed command to achieve this. If providing a file path, make sure to keep the full file path. Suggest only the essential steps needed to solve the issue. Be frugal. ### Durable Fix Guidance
- Prefer durable fixes to source files, manifests, Dockerfiles, or other declared configuration over editing files inside a running container. Treat running-container edits as temporary diagnostics unless the user explicitly asks for an ephemeral repair.
- When visible application source and Kubernetes manifests disagree, update the source-of-truth configuration so they are consistent, then reapply or recreate the affected workload so the live cluster reflects the corrected configuration.
- Do not skip a visible source/config mismatch solely because a quick localhost reachability check succeeds.
 ### Minikube Image Guidance
- For minikube-backed clusters, if rebuilding an application image is necessary, recommend building or loading the image into the active minikube profile rather than pushing to a remote registry.
- Prefer `PROFILE=${MINIKUBE_PROFILE:-$(kubectl config current-context)}` followed by `minikube -p "$PROFILE" image build -t <image>:<tag> -f <Dockerfile> <context>`.
- Do not recommend `docker push` or switching a Deployment to a new unpublished image tag unless registry credentials and pull access are explicitly available.
- Prefer manifest-only fixes when the application source and image contents do not need to change.
 ### Tool Usage Rules
- Do not attempt many commands in one tool call.
- Never repeat a tool call that has already been executed successfully in this run.
- If you need the result of a previous tool call, use the provided output rather than re-invoking it.
- Keep the tool call as simple as possible to avoid errors.
- Never run Minikube lifecycle or configuration commands such as `minikube start`, `minikube stop`, `minikube delete`, `minikube pause`, `minikube unpause`, or `minikube config`; the runner owns the active profile. Use `minikube status` only for diagnostics and report an unhealthy profile.
- Do not run long-lived or background commands such as `kubectl port-forward`, `Start-Process`, or `kubectl logs -f`; prefer single-shot commands that exit on their own.
- Do not use `kubectl port-forward`, background verification, `kubectl logs -f`, or `kubectl get -w`.
- For reachability checks, use the access path defined by the scenario: if a Service exists, verify via Service/endpoints/service-routed access; if no Service exists, use bounded direct checks such as `kubectl exec` with an in-container one-shot HTTP request.
- Prefer one-shot application checks such as `kubectl exec <pod> -- python3 -c "import urllib.request; print(urllib.request.urlopen('http://127.0.0.1:<port>/').getcode())"` when Python is available in the container.
 The file  /home/minh/KubeLLM/debug_assistant_latest/troubleshooting/incorrect_selector_missing_label/incorrect_selector_missing_label.yaml  describes a deployment. This is the file contents: apiVersion: v1
kind: Pod
metadata:
  name: kube-selector-missing-label
  labels:
    tier: frontend
spec:
  containers:
  - name: kube-selector-missing-label
    image: kube-selector-missing-label-app:latest
    imagePullPolicy: Never
    ports:
    - containerPort: 8765
. The file  /home/minh/KubeLLM/debug_assistant_latest/troubleshooting/incorrect_selector_missing_label/server.py  describes a application. This is the file contents: from http.server import HTTPServer, BaseHTTPRequestHandler
class Handler(BaseHTTPRequestHandler):
    def do_GET(self):
        self.send_response(200)
        self.end_headers()
        self.wfile.write(b"ok")
HTTPServer(("0.0.0.0", 8765), Handler).serve_forever()
. The file  /home/minh/KubeLLM/debug_assistant_latest/troubleshooting/incorrect_selector_missing_label/app_service.yaml  describes a service. This is the file contents: apiVersion: v1
kind: Service
metadata:
  name: selector-missing-label-service
spec:
  selector:
    app: kube-selector-missing-label
  ports:
  - protocol: TCP
    port: 8000
    targetPort: 8765
.
DEBUG:  The pod is Running, but describing the Service shows no endpoints for the application. Give specific commands to fix this issue. If modifying file contents is necessary, use the sed command to achieve this. If providing a file path, make sure to keep the full file path. Suggest only the essential steps needed to solve the issue. Be frugal. ### Durable Fix Guidance
- Prefer durable fixes to source files, manifests, Dockerfiles, or other declared configuration over editing files inside a running container. Treat running-container edits as temporary diagnostics unless the user explicitly asks for an ephemeral repair.
- When visible application source and Kubernetes manifests disagree, update the source-of-truth configuration so they are consistent, then reapply or recreate the affected workload so the live cluster reflects the corrected configuration.
- Do not skip a visible source/config mismatch solely because a quick localhost reachability check succeeds.
 ### Minikube Image Guidance
- For minikube-backed clusters, if rebuilding an application image is necessary, recommend building or loading the image into the active minikube profile rather than pushing to a remote registry.
- Prefer `PROFILE=${MINIKUBE_PROFILE:-$(kubectl config current-context)}` followed by `minikube -p "$PROFILE" image build -t <image>:<tag> -f <Dockerfile> <context>`.
- Do not recommend `docker push` or switching a Deployment to a new unpublished image tag unless registry credentials and pull access are explicitly available.
- Prefer manifest-only fixes when the application source and image contents do not need to change.
 ### Tool Usage Rules
- Do not attempt many commands in one tool call.
- Never repeat a tool call that has already been executed successfully in this run.
- If you need the result of a previous tool call, use the provided output rather than re-invoking it.
- Keep the tool call as simple as possible to avoid errors.
- Never run Minikube lifecycle or configuration commands such as `minikube start`, `minikube stop`, `minikube delete`, `minikube pause`, `minikube unpause`, or `minikube config`; the runner owns the active profile. Use `minikube status` only for diagnostics and report an unhealthy profile.
- Do not run long-lived or background commands such as `kubectl port-forward`, `Start-Process`, or `kubectl logs -f`; prefer single-shot commands that exit on their own.
- Do not use `kubectl port-forward`, background verification, `kubectl logs -f`, or `kubectl get -w`.
- For reachability checks, use the access path defined by the scenario: if a Service exists, verify via Service/endpoints/service-routed access; if no Service exists, use bounded direct checks such as `kubectl exec` with an in-container one-shot HTTP request.
- Prefer one-shot application checks such as `kubectl exec <pod> -- python3 -c "import urllib.request; print(urllib.request.urlopen('http://127.0.0.1:<port>/').getcode())"` when Python is available in the container.
 The file  /home/minh/KubeLLM/debug_assistant_latest/troubleshooting/incorrect_selector_missing_label/incorrect_selector_missing_label.yaml  describes a deployment. This is the file contents: apiVersion: v1
kind: Pod
metadata:
  name: kube-selector-missing-label
  labels:
    tier: frontend
spec:
  containers:
  - name: kube-selector-missing-label
    image: kube-selector-missing-label-app:latest
    imagePullPolicy: Never
    ports:
    - containerPort: 8765
. The file  /home/minh/KubeLLM/debug_assistant_latest/troubleshooting/incorrect_selector_missing_label/server.py  describes a application. This is the file contents: from http.server import HTTPServer, BaseHTTPRequestHandler
class Handler(BaseHTTPRequestHandler):
    def do_GET(self):
        self.send_response(200)
        self.end_headers()
        self.wfile.write(b"ok")
HTTPServer(("0.0.0.0", 8765), Handler).serve_forever()
. The file  /home/minh/KubeLLM/debug_assistant_latest/troubleshooting/incorrect_selector_missing_label/app_service.yaml  describes a service. This is the file contents: apiVersion: v1
kind: Service
metadata:
  name: selector-missing-label-service
spec:
  selector:
    app: kube-selector-missing-label
  ports:
  - protocol: TCP
    port: 8000
    targetPort: 8765
. The file  /home/minh/KubeLLM/debug_assistant_latest/troubleshooting/incorrect_selector_missing_label/Dockerfile  describes a dockerfile. This is the file contents: FROM ubuntu:20.04
RUN apt-get update && apt-get install -y python3 && rm -rf /var/lib/apt/lists/*
WORKDIR /app
COPY server.py /app/server.py
EXPOSE 8765
CMD ["python3", "server.py"]
.
DEBUG    *********** Agent ID: 38026b31-7fc5-48ba-bec3-b096540dc865 *********** 
DEBUG    *********** Session ID: f14fdb03-9c89-4b6c-9ce6-1a91b1405752           
         ***********                                                            
DEBUG    Debug logs enabled                                                     
DEBUG:  The file  /home/minh/KubeLLM/debug_assistant_latest/troubleshooting/incorrect_selector_missing_label/incorrect_selector_missing_label.yaml  describes a deployment. This is the file contents: apiVersion: v1
kind: Pod
metadata:
  name: kube-selector-missing-label
  labels:
    tier: frontend
spec:
  containers:
  - name: kube-selector-missing-label
    image: kube-selector-missing-label-app:latest
    imagePullPolicy: Never
    ports:
    - containerPort: 8765
.
DEBUG:  The file  /home/minh/KubeLLM/debug_assistant_latest/troubleshooting/incorrect_selector_missing_label/incorrect_selector_missing_label.yaml  describes a deployment. This is the file contents: apiVersion: v1
kind: Pod
metadata:
  name: kube-selector-missing-label
  labels:
    tier: frontend
spec:
  containers:
  - name: kube-selector-missing-label
    image: kube-selector-missing-label-app:latest
    imagePullPolicy: Never
    ports:
    - containerPort: 8765
. The file  /home/minh/KubeLLM/debug_assistant_latest/troubleshooting/incorrect_selector_missing_label/server.py  describes a application. This is the file contents: from http.server import HTTPServer, BaseHTTPRequestHandler
class Handler(BaseHTTPRequestHandler):
    def do_GET(self):
        self.send_response(200)
        self.end_headers()
        self.wfile.write(b"ok")
HTTPServer(("0.0.0.0", 8765), Handler).serve_forever()
.
DEBUG:  The file  /home/minh/KubeLLM/debug_assistant_latest/troubleshooting/incorrect_selector_missing_label/incorrect_selector_missing_label.yaml  describes a deployment. This is the file contents: apiVersion: v1
kind: Pod
metadata:
  name: kube-selector-missing-label
  labels:
    tier: frontend
spec:
  containers:
  - name: kube-selector-missing-label
    image: kube-selector-missing-label-app:latest
    imagePullPolicy: Never
    ports:
    - containerPort: 8765
. The file  /home/minh/KubeLLM/debug_assistant_latest/troubleshooting/incorrect_selector_missing_label/server.py  describes a application. This is the file contents: from http.server import HTTPServer, BaseHTTPRequestHandler
class Handler(BaseHTTPRequestHandler):
    def do_GET(self):
        self.send_response(200)
        self.end_headers()
        self.wfile.write(b"ok")
HTTPServer(("0.0.0.0", 8765), Handler).serve_forever()
. The file  /home/minh/KubeLLM/debug_assistant_latest/troubleshooting/incorrect_selector_missing_label/app_service.yaml  describes a service. This is the file contents: apiVersion: v1
kind: Service
metadata:
  name: selector-missing-label-service
spec:
  selector:
    app: kube-selector-missing-label
  ports:
  - protocol: TCP
    port: 8000
    targetPort: 8765
.
DEBUG:  The file  /home/minh/KubeLLM/debug_assistant_latest/troubleshooting/incorrect_selector_missing_label/incorrect_selector_missing_label.yaml  describes a deployment. This is the file contents: apiVersion: v1
kind: Pod
metadata:
  name: kube-selector-missing-label
  labels:
    tier: frontend
spec:
  containers:
  - name: kube-selector-missing-label
    image: kube-selector-missing-label-app:latest
    imagePullPolicy: Never
    ports:
    - containerPort: 8765
. The file  /home/minh/KubeLLM/debug_assistant_latest/troubleshooting/incorrect_selector_missing_label/server.py  describes a application. This is the file contents: from http.server import HTTPServer, BaseHTTPRequestHandler
class Handler(BaseHTTPRequestHandler):
    def do_GET(self):
        self.send_response(200)
        self.end_headers()
        self.wfile.write(b"ok")
HTTPServer(("0.0.0.0", 8765), Handler).serve_forever()
. The file  /home/minh/KubeLLM/debug_assistant_latest/troubleshooting/incorrect_selector_missing_label/app_service.yaml  describes a service. This is the file contents: apiVersion: v1
kind: Service
metadata:
  name: selector-missing-label-service
spec:
  selector:
    app: kube-selector-missing-label
  ports:
  - protocol: TCP
    port: 8000
    targetPort: 8765
. The file  /home/minh/KubeLLM/debug_assistant_latest/troubleshooting/incorrect_selector_missing_label/Dockerfile  describes a dockerfile. This is the file contents: FROM ubuntu:20.04
RUN apt-get update && apt-get install -y python3 && rm -rf /var/lib/apt/lists/*
WORKDIR /app
COPY server.py /app/server.py
EXPOSE 8765
CMD ["python3", "server.py"]
.
DEBUG    *********** Agent Run Start: 896656ab-87e1-479d-a44f-fec5eb5e518e      
         ***********                                                            
DEBUG    Function run_shell_command from shell_tools added to model.            
DEBUG    ---------- Ollama Response Start ----------                            
DEBUG    ============== system ==============                                   
DEBUG    ## Instructions                                                        
         - If all and only all commands fail to execute, declare that there was 
         an error in trying to solve the issue, and end that statement with this
         token: <|ERROR|>.                                                      
         - You have solved this issue only when the original user-visible       
         problem is fixed in the live cluster. Verify the relevant Kubernetes   
         resources and application behavior with commands before declaring      
         success; pod Running/Ready status alone is not sufficient unless the   
         original problem is only pod startup.                                  
         - After every step, check whether the original problem is fixed in the 
         live cluster. If you changed manifests, images, or cluster             
         configuration, apply the change and verify the live resource state     
         reflects it before declaring success.                                  
         - If you believe you have met the goal, declare that you have solved   
         the user's issue, and end that statement with this token: <|SOLVED|>.  
         - If the steps do not solve the issue, or if you need more information,
         declare that you cannot solve the issue, and end that statement with   
         this token: <|FAILED|>.                                                
         - Do not use live feed flags when checking the logs such as 'kubectl   
         logs -f'                                                               
         - Do not use commands like vim or vi                                   
         - Do not use commands that open up editors like 'kubectl edit'         
         - Use markdown to format your answers.                                 
                                                                                
         ## Guidelines                                                          
         If a command invocation is successful but gives no stdout nor stderr,  
         then that is because that invocation resulted in no output to stdout or
         stderr.                                                                
         If a command contains a placeholder name surrounded in angle brackets  
         such as <pod_name>, for example, then **do not** run that command      
         as-is. First run a `kubectl get` command to find a real name to replace
         the placeholder name, then run the suggested command with the replaced 
         name of the resource. For example, if you see `kubectl logs <pod_name> 
         -n example_namespace`, first run `kubectl get pods -n                  
         example_namespace` and use the name of the first pod you see.          
         Do not use live feed flags when checking the logs such as 'kubectl logs
         -f'                                                                    
         If you do not conclude on an answer or a code then try again please.   
         Do not use commands like vim or vi                                     
         Do not use commands that open up editors like 'kubectl edit'           
DEBUG    ============== user ==============                                     
DEBUG    Perform the actions suggested here:                                    
         1. Add the missing label "app: kube-selector-missing-label" to the Pod 
         manifest (source-of-truth) so the Service selector matches the Pod:    
         ```bash                                                                
         sed -i '/tier: frontend/a\    app: kube-selector-missing-label'        
         /home/minh/KubeLLM/debug_assistant_latest/troubleshooting/incorrect_sel
         ector_missing_label/incorrect_selector_missing_label.yaml              
         ```                                                                    
                                                                                
         2. Re-apply the updated Pod manifest so the live Pod gets the new      
         label:                                                                 
         ```bash                                                                
         kubectl apply -f                                                       
         /home/minh/KubeLLM/debug_assistant_latest/troubleshooting/incorrect_sel
         ector_missing_label/incorrect_selector_missing_label.yaml              
         ```                                                                    
                                                                                
         3. Confirm the Pod now has the expected label:                         
         ```bash                                                                
         kubectl get pod kube-selector-missing-label --show-labels              
         ```                                                                    
                                                                                
         4. Confirm the Service endpoints are populated (should list the Pod    
         IP/port):                                                              
         ```bash                                                                
         kubectl get endpoints selector-missing-label-service -o yaml           
         ```                                                                    
                                                                                
         The relevant configuration file is located in this path:               
         /home/minh/KubeLLM/debug_assistant_latest/troubleshooting/incorrect_sel
         ector_missing_label/incorrect_selector_missing_label.yaml              
         You can update these files if necessary. If any files are updated, make
         sure to delete and reapply the configuration file.                     
         Do not use live feed flags when checking the logs such as 'kubectl logs
         -f'                                                                    
         ### Tool Usage Rules                                                   
         - Do not attempt many commands in one tool call.                       
         - Never repeat a tool call that has already been executed successfully 
         in this run.                                                           
         - If you need the result of a previous tool call, use the provided     
         output rather than re-invoking it.                                     
         - Keep the tool call as simple as possible to avoid errors.            
         - Never run Minikube lifecycle or configuration commands such as       
         `minikube start`, `minikube stop`, `minikube delete`, `minikube pause`,
         `minikube unpause`, or `minikube config`; the runner owns the active   
         profile. Use `minikube status` only for diagnostics and report an      
         unhealthy profile.                                                     
         - Do not run long-lived or background commands such as `kubectl        
         port-forward`, `Start-Process`, or `kubectl logs -f`; prefer           
         single-shot commands that exit on their own.                           
         - Do not use `kubectl port-forward`, background verification, `kubectl 
         logs -f`, or `kubectl get -w`.                                         
         - For reachability checks, use the access path defined by the scenario:
         if a Service exists, verify via Service/endpoints/service-routed       
         access; if no Service exists, use bounded direct checks such as        
         `kubectl exec` with an in-container one-shot HTTP request.             
         - Prefer one-shot application checks such as `kubectl exec <pod> --    
         python3 -c "import urllib.request;                                     
         print(urllib.request.urlopen('http://127.0.0.1:<port>/').getcode())"`  
         when Python is available in the container.                             
                                                                                
DEBUG    ============== assistant ==============                                
DEBUG    I'll help you perform these actions to fix the selector mismatch issue.
         Let me execute each step systematically.                               
                                                                                
         ## Step 1: Add the missing label to the Pod manifest                   
DEBUG    Tool Calls: [                                                          
           {                                                                    
             "type": "function",                                                
             "function": {                                                      
               "name": "run_shell_command",                                     
               "arguments": "{\"command\": \"sed -i '/tier: frontend/a\\\\      
         app: kube-selector-missing-label'                                      
         /home/minh/KubeLLM/debug_assistant_latest/troubleshooting/incorrect_sel
         ector_missing_label/incorrect_selector_missing_label.yaml\"}"          
             }                                                                  
           }                                                                    
         ]                                                                      
DEBUG    **************** METRICS START ****************                        
DEBUG    * Time to generate response:   3.7567s                                 
DEBUG    * Tokens per second:           64.1524 tokens/s                        
DEBUG    * Input tokens:                1229                                    
DEBUG    * Output tokens:               241                                     
DEBUG    * Total tokens:                1470                                    
DEBUG    **************** METRICS END ******************                        
DEBUG    Getting function run_shell_command                                     
DEBUG    Running: run_shell_command(command=...)                                
INFO     Running shell command: sed -i '/tier: frontend/a\    app:              
         kube-selector-missing-label'                                           
         /home/minh/KubeLLM/debug_assistant_latest/troubleshooting/incorrect_sel
         ector_missing_label/incorrect_selector_missing_label.yaml              
DEBUG    Return code: 0                                                         
DEBUG    ---------- Ollama Response Start ----------                            
DEBUG    ============== system ==============                                   
DEBUG    ## Instructions                                                        
         - If all and only all commands fail to execute, declare that there was 
         an error in trying to solve the issue, and end that statement with this
         token: <|ERROR|>.                                                      
         - You have solved this issue only when the original user-visible       
         problem is fixed in the live cluster. Verify the relevant Kubernetes   
         resources and application behavior with commands before declaring      
         success; pod Running/Ready status alone is not sufficient unless the   
         original problem is only pod startup.                                  
         - After every step, check whether the original problem is fixed in the 
         live cluster. If you changed manifests, images, or cluster             
         configuration, apply the change and verify the live resource state     
         reflects it before declaring success.                                  
         - If you believe you have met the goal, declare that you have solved   
         the user's issue, and end that statement with this token: <|SOLVED|>.  
         - If the steps do not solve the issue, or if you need more information,
         declare that you cannot solve the issue, and end that statement with   
         this token: <|FAILED|>.                                                
         - Do not use live feed flags when checking the logs such as 'kubectl   
         logs -f'                                                               
         - Do not use commands like vim or vi                                   
         - Do not use commands that open up editors like 'kubectl edit'         
         - Use markdown to format your answers.                                 
                                                                                
         ## Guidelines                                                          
         If a command invocation is successful but gives no stdout nor stderr,  
         then that is because that invocation resulted in no output to stdout or
         stderr.                                                                
         If a command contains a placeholder name surrounded in angle brackets  
         such as <pod_name>, for example, then **do not** run that command      
         as-is. First run a `kubectl get` command to find a real name to replace
         the placeholder name, then run the suggested command with the replaced 
         name of the resource. For example, if you see `kubectl logs <pod_name> 
         -n example_namespace`, first run `kubectl get pods -n                  
         example_namespace` and use the name of the first pod you see.          
         Do not use live feed flags when checking the logs such as 'kubectl logs
         -f'                                                                    
         If you do not conclude on an answer or a code then try again please.   
         Do not use commands like vim or vi                                     
         Do not use commands that open up editors like 'kubectl edit'           
DEBUG    ============== user ==============                                     
DEBUG    Perform the actions suggested here:                                    
         1. Add the missing label "app: kube-selector-missing-label" to the Pod 
         manifest (source-of-truth) so the Service selector matches the Pod:    
         ```bash                                                                
         sed -i '/tier: frontend/a\    app: kube-selector-missing-label'        
         /home/minh/KubeLLM/debug_assistant_latest/troubleshooting/incorrect_sel
         ector_missing_label/incorrect_selector_missing_label.yaml              
         ```                                                                    
                                                                                
         2. Re-apply the updated Pod manifest so the live Pod gets the new      
         label:                                                                 
         ```bash                                                                
         kubectl apply -f                                                       
         /home/minh/KubeLLM/debug_assistant_latest/troubleshooting/incorrect_sel
         ector_missing_label/incorrect_selector_missing_label.yaml              
         ```                                                                    
                                                                                
         3. Confirm the Pod now has the expected label:                         
         ```bash                                                                
         kubectl get pod kube-selector-missing-label --show-labels              
         ```                                                                    
                                                                                
         4. Confirm the Service endpoints are populated (should list the Pod    
         IP/port):                                                              
         ```bash                                                                
         kubectl get endpoints selector-missing-label-service -o yaml           
         ```                                                                    
                                                                                
         The relevant configuration file is located in this path:               
         /home/minh/KubeLLM/debug_assistant_latest/troubleshooting/incorrect_sel
         ector_missing_label/incorrect_selector_missing_label.yaml              
         You can update these files if necessary. If any files are updated, make
         sure to delete and reapply the configuration file.                     
         Do not use live feed flags when checking the logs such as 'kubectl logs
         -f'                                                                    
         ### Tool Usage Rules                                                   
         - Do not attempt many commands in one tool call.                       
         - Never repeat a tool call that has already been executed successfully 
         in this run.                                                           
         - If you need the result of a previous tool call, use the provided     
         output rather than re-invoking it.                                     
         - Keep the tool call as simple as possible to avoid errors.            
         - Never run Minikube lifecycle or configuration commands such as       
         `minikube start`, `minikube stop`, `minikube delete`, `minikube pause`,
         `minikube unpause`, or `minikube config`; the runner owns the active   
         profile. Use `minikube status` only for diagnostics and report an      
         unhealthy profile.                                                     
         - Do not run long-lived or background commands such as `kubectl        
         port-forward`, `Start-Process`, or `kubectl logs -f`; prefer           
         single-shot commands that exit on their own.                           
         - Do not use `kubectl port-forward`, background verification, `kubectl 
         logs -f`, or `kubectl get -w`.                                         
         - For reachability checks, use the access path defined by the scenario:
         if a Service exists, verify via Service/endpoints/service-routed       
         access; if no Service exists, use bounded direct checks such as        
         `kubectl exec` with an in-container one-shot HTTP request.             
         - Prefer one-shot application checks such as `kubectl exec <pod> --    
         python3 -c "import urllib.request;                                     
         print(urllib.request.urlopen('http://127.0.0.1:<port>/').getcode())"`  
         when Python is available in the container.                             
                                                                                
DEBUG    ============== assistant ==============                                
DEBUG    I'll help you perform these actions to fix the selector mismatch issue.
         Let me execute each step systematically.                               
                                                                                
         ## Step 1: Add the missing label to the Pod manifest                   
DEBUG    Tool Calls: [                                                          
           {                                                                    
             "type": "function",                                                
             "function": {                                                      
               "name": "run_shell_command",                                     
               "arguments": "{\"command\": \"sed -i '/tier: frontend/a\\\\      
         app: kube-selector-missing-label'                                      
         /home/minh/KubeLLM/debug_assistant_latest/troubleshooting/incorrect_sel
         ector_missing_label/incorrect_selector_missing_label.yaml\"}"          
             }                                                                  
           }                                                                    
         ]                                                                      
DEBUG    ============== tool ==============                                     
DEBUG    ============== assistant ==============                                
DEBUG    Tool Calls: [                                                          
           {                                                                    
             "type": "function",                                                
             "function": {                                                      
               "name": "run_shell_command",                                     
               "arguments": "{\"command\": \"cat                                
         /home/minh/KubeLLM/debug_assistant_latest/troubleshooting/incorrect_sel
         ector_missing_label/incorrect_selector_missing_label.yaml\"}"          
             }                                                                  
           }                                                                    
         ]                                                                      
DEBUG    **************** METRICS START ****************                        
DEBUG    * Time to generate response:   1.2508s                                 
DEBUG    * Tokens per second:           50.3691 tokens/s                        
DEBUG    * Input tokens:                1268                                    
DEBUG    * Output tokens:               63                                      
DEBUG    * Total tokens:                1331                                    
DEBUG    **************** METRICS END ******************                        
DEBUG    Getting function run_shell_command                                     
DEBUG    Running: run_shell_command(command=...)                                
INFO     Running shell command: cat                                             
         /home/minh/KubeLLM/debug_assistant_latest/troubleshooting/incorrect_sel
         ector_missing_label/incorrect_selector_missing_label.yaml              
DEBUG    Return code: 0                                                         
DEBUG    ---------- Ollama Response Start ----------                            
DEBUG    ============== system ==============                                   
DEBUG    ## Instructions                                                        
         - If all and only all commands fail to execute, declare that there was 
         an error in trying to solve the issue, and end that statement with this
         token: <|ERROR|>.                                                      
         - You have solved this issue only when the original user-visible       
         problem is fixed in the live cluster. Verify the relevant Kubernetes   
         resources and application behavior with commands before declaring      
         success; pod Running/Ready status alone is not sufficient unless the   
         original problem is only pod startup.                                  
         - After every step, check whether the original problem is fixed in the 
         live cluster. If you changed manifests, images, or cluster             
         configuration, apply the change and verify the live resource state     
         reflects it before declaring success.                                  
         - If you believe you have met the goal, declare that you have solved   
         the user's issue, and end that statement with this token: <|SOLVED|>.  
         - If the steps do not solve the issue, or if you need more information,
         declare that you cannot solve the issue, and end that statement with   
         this token: <|FAILED|>.                                                
         - Do not use live feed flags when checking the logs such as 'kubectl   
         logs -f'                                                               
         - Do not use commands like vim or vi                                   
         - Do not use commands that open up editors like 'kubectl edit'         
         - Use markdown to format your answers.                                 
                                                                                
         ## Guidelines                                                          
         If a command invocation is successful but gives no stdout nor stderr,  
         then that is because that invocation resulted in no output to stdout or
         stderr.                                                                
         If a command contains a placeholder name surrounded in angle brackets  
         such as <pod_name>, for example, then **do not** run that command      
         as-is. First run a `kubectl get` command to find a real name to replace
         the placeholder name, then run the suggested command with the replaced 
         name of the resource. For example, if you see `kubectl logs <pod_name> 
         -n example_namespace`, first run `kubectl get pods -n                  
         example_namespace` and use the name of the first pod you see.          
         Do not use live feed flags when checking the logs such as 'kubectl logs
         -f'                                                                    
         If you do not conclude on an answer or a code then try again please.   
         Do not use commands like vim or vi                                     
         Do not use commands that open up editors like 'kubectl edit'           
DEBUG    ============== user ==============                                     
DEBUG    Perform the actions suggested here:                                    
         1. Add the missing label "app: kube-selector-missing-label" to the Pod 
         manifest (source-of-truth) so the Service selector matches the Pod:    
         ```bash                                                                
         sed -i '/tier: frontend/a\    app: kube-selector-missing-label'        
         /home/minh/KubeLLM/debug_assistant_latest/troubleshooting/incorrect_sel
         ector_missing_label/incorrect_selector_missing_label.yaml              
         ```                                                                    
                                                                                
         2. Re-apply the updated Pod manifest so the live Pod gets the new      
         label:                                                                 
         ```bash                                                                
         kubectl apply -f                                                       
         /home/minh/KubeLLM/debug_assistant_latest/troubleshooting/incorrect_sel
         ector_missing_label/incorrect_selector_missing_label.yaml              
         ```                                                                    
                                                                                
         3. Confirm the Pod now has the expected label:                         
         ```bash                                                                
         kubectl get pod kube-selector-missing-label --show-labels              
         ```                                                                    
                                                                                
         4. Confirm the Service endpoints are populated (should list the Pod    
         IP/port):                                                              
         ```bash                                                                
         kubectl get endpoints selector-missing-label-service -o yaml           
         ```                                                                    
                                                                                
         The relevant configuration file is located in this path:               
         /home/minh/KubeLLM/debug_assistant_latest/troubleshooting/incorrect_sel
         ector_missing_label/incorrect_selector_missing_label.yaml              
         You can update these files if necessary. If any files are updated, make
         sure to delete and reapply the configuration file.                     
         Do not use live feed flags when checking the logs such as 'kubectl logs
         -f'                                                                    
         ### Tool Usage Rules                                                   
         - Do not attempt many commands in one tool call.                       
         - Never repeat a tool call that has already been executed successfully 
         in this run.                                                           
         - If you need the result of a previous tool call, use the provided     
         output rather than re-invoking it.                                     
         - Keep the tool call as simple as possible to avoid errors.            
         - Never run Minikube lifecycle or configuration commands such as       
         `minikube start`, `minikube stop`, `minikube delete`, `minikube pause`,
         `minikube unpause`, or `minikube config`; the runner owns the active   
         profile. Use `minikube status` only for diagnostics and report an      
         unhealthy profile.                                                     
         - Do not run long-lived or background commands such as `kubectl        
         port-forward`, `Start-Process`, or `kubectl logs -f`; prefer           
         single-shot commands that exit on their own.                           
         - Do not use `kubectl port-forward`, background verification, `kubectl 
         logs -f`, or `kubectl get -w`.                                         
         - For reachability checks, use the access path defined by the scenario:
         if a Service exists, verify via Service/endpoints/service-routed       
         access; if no Service exists, use bounded direct checks such as        
         `kubectl exec` with an in-container one-shot HTTP request.             
         - Prefer one-shot application checks such as `kubectl exec <pod> --    
         python3 -c "import urllib.request;                                     
         print(urllib.request.urlopen('http://127.0.0.1:<port>/').getcode())"`  
         when Python is available in the container.                             
                                                                                
DEBUG    ============== assistant ==============                                
DEBUG    I'll help you perform these actions to fix the selector mismatch issue.
         Let me execute each step systematically.                               
                                                                                
         ## Step 1: Add the missing label to the Pod manifest                   
DEBUG    Tool Calls: [                                                          
           {                                                                    
             "type": "function",                                                
             "function": {                                                      
               "name": "run_shell_command",                                     
               "arguments": "{\"command\": \"sed -i '/tier: frontend/a\\\\      
         app: kube-selector-missing-label'                                      
         /home/minh/KubeLLM/debug_assistant_latest/troubleshooting/incorrect_sel
         ector_missing_label/incorrect_selector_missing_label.yaml\"}"          
             }                                                                  
           }                                                                    
         ]                                                                      
DEBUG    ============== tool ==============                                     
DEBUG    ============== assistant ==============                                
DEBUG    Tool Calls: [                                                          
           {                                                                    
             "type": "function",                                                
             "function": {                                                      
               "name": "run_shell_command",                                     
               "arguments": "{\"command\": \"cat                                
         /home/minh/KubeLLM/debug_assistant_latest/troubleshooting/incorrect_sel
         ector_missing_label/incorrect_selector_missing_label.yaml\"}"          
             }                                                                  
           }                                                                    
         ]                                                                      
DEBUG    ============== tool ==============                                     
DEBUG    apiVersion: v1                                                         
         kind: Pod                                                              
         metadata:                                                              
           name: kube-selector-missing-label                                    
           labels:                                                              
             tier: frontend                                                     
             app: kube-selector-missing-label                                   
         spec:                                                                  
           containers:                                                          
           - name: kube-selector-missing-label                                  
             image: kube-selector-missing-label-app:latest                      
             imagePullPolicy: Never                                             
             ports:                                                             
             - containerPort: 8765                                              
                                                                                
DEBUG    ============== assistant ==============                                
DEBUG    ## Step 2: Re-apply the updated Pod manifest                           
DEBUG    Tool Calls: [                                                          
           {                                                                    
             "type": "function",                                                
             "function": {                                                      
               "name": "run_shell_command",                                     
               "arguments": "{\"command\": \"kubectl apply -f                   
         /home/minh/KubeLLM/debug_assistant_latest/troubleshooting/incorrect_sel
         ector_missing_label/incorrect_selector_missing_label.yaml\"}"          
             }                                                                  
           }                                                                    
         ]                                                                      
DEBUG    **************** METRICS START ****************                        
DEBUG    * Time to generate response:   1.5184s                                 
DEBUG    * Tokens per second:           55.3218 tokens/s                        
DEBUG    * Input tokens:                1358                                    
DEBUG    * Output tokens:               84                                      
DEBUG    * Total tokens:                1442                                    
DEBUG    **************** METRICS END ******************                        
DEBUG    Getting function run_shell_command                                     
DEBUG    Running: run_shell_command(command=...)                                
INFO     Running shell command: kubectl apply -f                                
         /home/minh/KubeLLM/debug_assistant_latest/troubleshooting/incorrect_sel
         ector_missing_label/incorrect_selector_missing_label.yaml              
DEBUG    Return code: 0                                                         
DEBUG    ---------- Ollama Response Start ----------                            
DEBUG    ============== system ==============                                   
DEBUG    ## Instructions                                                        
         - If all and only all commands fail to execute, declare that there was 
         an error in trying to solve the issue, and end that statement with this
         token: <|ERROR|>.                                                      
         - You have solved this issue only when the original user-visible       
         problem is fixed in the live cluster. Verify the relevant Kubernetes   
         resources and application behavior with commands before declaring      
         success; pod Running/Ready status alone is not sufficient unless the   
         original problem is only pod startup.                                  
         - After every step, check whether the original problem is fixed in the 
         live cluster. If you changed manifests, images, or cluster             
         configuration, apply the change and verify the live resource state     
         reflects it before declaring success.                                  
         - If you believe you have met the goal, declare that you have solved   
         the user's issue, and end that statement with this token: <|SOLVED|>.  
         - If the steps do not solve the issue, or if you need more information,
         declare that you cannot solve the issue, and end that statement with   
         this token: <|FAILED|>.                                                
         - Do not use live feed flags when checking the logs such as 'kubectl   
         logs -f'                                                               
         - Do not use commands like vim or vi                                   
         - Do not use commands that open up editors like 'kubectl edit'         
         - Use markdown to format your answers.                                 
                                                                                
         ## Guidelines                                                          
         If a command invocation is successful but gives no stdout nor stderr,  
         then that is because that invocation resulted in no output to stdout or
         stderr.                                                                
         If a command contains a placeholder name surrounded in angle brackets  
         such as <pod_name>, for example, then **do not** run that command      
         as-is. First run a `kubectl get` command to find a real name to replace
         the placeholder name, then run the suggested command with the replaced 
         name of the resource. For example, if you see `kubectl logs <pod_name> 
         -n example_namespace`, first run `kubectl get pods -n                  
         example_namespace` and use the name of the first pod you see.          
         Do not use live feed flags when checking the logs such as 'kubectl logs
         -f'                                                                    
         If you do not conclude on an answer or a code then try again please.   
         Do not use commands like vim or vi                                     
         Do not use commands that open up editors like 'kubectl edit'           
DEBUG    ============== user ==============                                     
DEBUG    Perform the actions suggested here:                                    
         1. Add the missing label "app: kube-selector-missing-label" to the Pod 
         manifest (source-of-truth) so the Service selector matches the Pod:    
         ```bash                                                                
         sed -i '/tier: frontend/a\    app: kube-selector-missing-label'        
         /home/minh/KubeLLM/debug_assistant_latest/troubleshooting/incorrect_sel
         ector_missing_label/incorrect_selector_missing_label.yaml              
         ```                                                                    
                                                                                
         2. Re-apply the updated Pod manifest so the live Pod gets the new      
         label:                                                                 
         ```bash                                                                
         kubectl apply -f                                                       
         /home/minh/KubeLLM/debug_assistant_latest/troubleshooting/incorrect_sel
         ector_missing_label/incorrect_selector_missing_label.yaml              
         ```                                                                    
                                                                                
         3. Confirm the Pod now has the expected label:                         
         ```bash                                                                
         kubectl get pod kube-selector-missing-label --show-labels              
         ```                                                                    
                                                                                
         4. Confirm the Service endpoints are populated (should list the Pod    
         IP/port):                                                              
         ```bash                                                                
         kubectl get endpoints selector-missing-label-service -o yaml           
         ```                                                                    
                                                                                
         The relevant configuration file is located in this path:               
         /home/minh/KubeLLM/debug_assistant_latest/troubleshooting/incorrect_sel
         ector_missing_label/incorrect_selector_missing_label.yaml              
         You can update these files if necessary. If any files are updated, make
         sure to delete and reapply the configuration file.                     
         Do not use live feed flags when checking the logs such as 'kubectl logs
         -f'                                                                    
         ### Tool Usage Rules                                                   
         - Do not attempt many commands in one tool call.                       
         - Never repeat a tool call that has already been executed successfully 
         in this run.                                                           
         - If you need the result of a previous tool call, use the provided     
         output rather than re-invoking it.                                     
         - Keep the tool call as simple as possible to avoid errors.            
         - Never run Minikube lifecycle or configuration commands such as       
         `minikube start`, `minikube stop`, `minikube delete`, `minikube pause`,
         `minikube unpause`, or `minikube config`; the runner owns the active   
         profile. Use `minikube status` only for diagnostics and report an      
         unhealthy profile.                                                     
         - Do not run long-lived or background commands such as `kubectl        
         port-forward`, `Start-Process`, or `kubectl logs -f`; prefer           
         single-shot commands that exit on their own.                           
         - Do not use `kubectl port-forward`, background verification, `kubectl 
         logs -f`, or `kubectl get -w`.                                         
         - For reachability checks, use the access path defined by the scenario:
         if a Service exists, verify via Service/endpoints/service-routed       
         access; if no Service exists, use bounded direct checks such as        
         `kubectl exec` with an in-container one-shot HTTP request.             
         - Prefer one-shot application checks such as `kubectl exec <pod> --    
         python3 -c "import urllib.request;                                     
         print(urllib.request.urlopen('http://127.0.0.1:<port>/').getcode())"`  
         when Python is available in the container.                             
                                                                                
DEBUG    ============== assistant ==============                                
DEBUG    I'll help you perform these actions to fix the selector mismatch issue.
         Let me execute each step systematically.                               
                                                                                
         ## Step 1: Add the missing label to the Pod manifest                   
DEBUG    Tool Calls: [                                                          
           {                                                                    
             "type": "function",                                                
             "function": {                                                      
               "name": "run_shell_command",                                     
               "arguments": "{\"command\": \"sed -i '/tier: frontend/a\\\\      
         app: kube-selector-missing-label'                                      
         /home/minh/KubeLLM/debug_assistant_latest/troubleshooting/incorrect_sel
         ector_missing_label/incorrect_selector_missing_label.yaml\"}"          
             }                                                                  
           }                                                                    
         ]                                                                      
DEBUG    ============== tool ==============                                     
DEBUG    ============== assistant ==============                                
DEBUG    Tool Calls: [                                                          
           {                                                                    
             "type": "function",                                                
             "function": {                                                      
               "name": "run_shell_command",                                     
               "arguments": "{\"command\": \"cat                                
         /home/minh/KubeLLM/debug_assistant_latest/troubleshooting/incorrect_sel
         ector_missing_label/incorrect_selector_missing_label.yaml\"}"          
             }                                                                  
           }                                                                    
         ]                                                                      
DEBUG    ============== tool ==============                                     
DEBUG    apiVersion: v1                                                         
         kind: Pod                                                              
         metadata:                                                              
           name: kube-selector-missing-label                                    
           labels:                                                              
             tier: frontend                                                     
             app: kube-selector-missing-label                                   
         spec:                                                                  
           containers:                                                          
           - name: kube-selector-missing-label                                  
             image: kube-selector-missing-label-app:latest                      
             imagePullPolicy: Never                                             
             ports:                                                             
             - containerPort: 8765                                              
                                                                                
DEBUG    ============== assistant ==============                                
DEBUG    ## Step 2: Re-apply the updated Pod manifest                           
DEBUG    Tool Calls: [                                                          
           {                                                                    
             "type": "function",                                                
             "function": {                                                      
               "name": "run_shell_command",                                     
               "arguments": "{\"command\": \"kubectl apply -f                   
         /home/minh/KubeLLM/debug_assistant_latest/troubleshooting/incorrect_sel
         ector_missing_label/incorrect_selector_missing_label.yaml\"}"          
             }                                                                  
           }                                                                    
         ]                                                                      
DEBUG    ============== tool ==============                                     
DEBUG    pod/kube-selector-missing-label configured                             
                                                                                
DEBUG    ============== assistant ==============                                
DEBUG    ## Step 3: Confirm the Pod now has the expected label                  
DEBUG    Tool Calls: [                                                          
           {                                                                    
             "type": "function",                                                
             "function": {                                                      
               "name": "run_shell_command",                                     
               "arguments": "{\"command\": \"kubectl get pod                    
         kube-selector-missing-label --show-labels\"}"                          
             }                                                                  
           }                                                                    
         ]                                                                      
DEBUG    **************** METRICS START ****************                        
DEBUG    * Time to generate response:   1.1739s                                 
DEBUG    * Tokens per second:           51.1101 tokens/s                        
DEBUG    * Input tokens:                1384                                    
DEBUG    * Output tokens:               60                                      
DEBUG    * Total tokens:                1444                                    
DEBUG    **************** METRICS END ******************                        
DEBUG    Getting function run_shell_command                                     
DEBUG    Running: run_shell_command(command=kubectl get pod                     
         kube-selector-missing-label --show-labels)                             
INFO     Running shell command: kubectl get pod kube-selector-missing-label     
         --show-labels                                                          
DEBUG    Return code: 0                                                         
DEBUG    ---------- Ollama Response Start ----------                            
DEBUG    ============== system ==============                                   
DEBUG    ## Instructions                                                        
         - If all and only all commands fail to execute, declare that there was 
         an error in trying to solve the issue, and end that statement with this
         token: <|ERROR|>.                                                      
         - You have solved this issue only when the original user-visible       
         problem is fixed in the live cluster. Verify the relevant Kubernetes   
         resources and application behavior with commands before declaring      
         success; pod Running/Ready status alone is not sufficient unless the   
         original problem is only pod startup.                                  
         - After every step, check whether the original problem is fixed in the 
         live cluster. If you changed manifests, images, or cluster             
         configuration, apply the change and verify the live resource state     
         reflects it before declaring success.                                  
         - If you believe you have met the goal, declare that you have solved   
         the user's issue, and end that statement with this token: <|SOLVED|>.  
         - If the steps do not solve the issue, or if you need more information,
         declare that you cannot solve the issue, and end that statement with   
         this token: <|FAILED|>.                                                
         - Do not use live feed flags when checking the logs such as 'kubectl   
         logs -f'                                                               
         - Do not use commands like vim or vi                                   
         - Do not use commands that open up editors like 'kubectl edit'         
         - Use markdown to format your answers.                                 
                                                                                
         ## Guidelines                                                          
         If a command invocation is successful but gives no stdout nor stderr,  
         then that is because that invocation resulted in no output to stdout or
         stderr.                                                                
         If a command contains a placeholder name surrounded in angle brackets  
         such as <pod_name>, for example, then **do not** run that command      
         as-is. First run a `kubectl get` command to find a real name to replace
         the placeholder name, then run the suggested command with the replaced 
         name of the resource. For example, if you see `kubectl logs <pod_name> 
         -n example_namespace`, first run `kubectl get pods -n                  
         example_namespace` and use the name of the first pod you see.          
         Do not use live feed flags when checking the logs such as 'kubectl logs
         -f'                                                                    
         If you do not conclude on an answer or a code then try again please.   
         Do not use commands like vim or vi                                     
         Do not use commands that open up editors like 'kubectl edit'           
DEBUG    ============== user ==============                                     
DEBUG    Perform the actions suggested here:                                    
         1. Add the missing label "app: kube-selector-missing-label" to the Pod 
         manifest (source-of-truth) so the Service selector matches the Pod:    
         ```bash                                                                
         sed -i '/tier: frontend/a\    app: kube-selector-missing-label'        
         /home/minh/KubeLLM/debug_assistant_latest/troubleshooting/incorrect_sel
         ector_missing_label/incorrect_selector_missing_label.yaml              
         ```                                                                    
                                                                                
         2. Re-apply the updated Pod manifest so the live Pod gets the new      
         label:                                                                 
         ```bash                                                                
         kubectl apply -f                                                       
         /home/minh/KubeLLM/debug_assistant_latest/troubleshooting/incorrect_sel
         ector_missing_label/incorrect_selector_missing_label.yaml              
         ```                                                                    
                                                                                
         3. Confirm the Pod now has the expected label:                         
         ```bash                                                                
         kubectl get pod kube-selector-missing-label --show-labels              
         ```                                                                    
                                                                                
         4. Confirm the Service endpoints are populated (should list the Pod    
         IP/port):                                                              
         ```bash                                                                
         kubectl get endpoints selector-missing-label-service -o yaml           
         ```                                                                    
                                                                                
         The relevant configuration file is located in this path:               
         /home/minh/KubeLLM/debug_assistant_latest/troubleshooting/incorrect_sel
         ector_missing_label/incorrect_selector_missing_label.yaml              
         You can update these files if necessary. If any files are updated, make
         sure to delete and reapply the configuration file.                     
         Do not use live feed flags when checking the logs such as 'kubectl logs
         -f'                                                                    
         ### Tool Usage Rules                                                   
         - Do not attempt many commands in one tool call.                       
         - Never repeat a tool call that has already been executed successfully 
         in this run.                                                           
         - If you need the result of a previous tool call, use the provided     
         output rather than re-invoking it.                                     
         - Keep the tool call as simple as possible to avoid errors.            
         - Never run Minikube lifecycle or configuration commands such as       
         `minikube start`, `minikube stop`, `minikube delete`, `minikube pause`,
         `minikube unpause`, or `minikube config`; the runner owns the active   
         profile. Use `minikube status` only for diagnostics and report an      
         unhealthy profile.                                                     
         - Do not run long-lived or background commands such as `kubectl        
         port-forward`, `Start-Process`, or `kubectl logs -f`; prefer           
         single-shot commands that exit on their own.                           
         - Do not use `kubectl port-forward`, background verification, `kubectl 
         logs -f`, or `kubectl get -w`.                                         
         - For reachability checks, use the access path defined by the scenario:
         if a Service exists, verify via Service/endpoints/service-routed       
         access; if no Service exists, use bounded direct checks such as        
         `kubectl exec` with an in-container one-shot HTTP request.             
         - Prefer one-shot application checks such as `kubectl exec <pod> --    
         python3 -c "import urllib.request;                                     
         print(urllib.request.urlopen('http://127.0.0.1:<port>/').getcode())"`  
         when Python is available in the container.                             
                                                                                
DEBUG    ============== assistant ==============                                
DEBUG    I'll help you perform these actions to fix the selector mismatch issue.
         Let me execute each step systematically.                               
                                                                                
         ## Step 1: Add the missing label to the Pod manifest                   
DEBUG    Tool Calls: [                                                          
           {                                                                    
             "type": "function",                                                
             "function": {                                                      
               "name": "run_shell_command",                                     
               "arguments": "{\"command\": \"sed -i '/tier: frontend/a\\\\      
         app: kube-selector-missing-label'                                      
         /home/minh/KubeLLM/debug_assistant_latest/troubleshooting/incorrect_sel
         ector_missing_label/incorrect_selector_missing_label.yaml\"}"          
             }                                                                  
           }                                                                    
         ]                                                                      
DEBUG    ============== tool ==============                                     
DEBUG    ============== assistant ==============                                
DEBUG    Tool Calls: [                                                          
           {                                                                    
             "type": "function",                                                
             "function": {                                                      
               "name": "run_shell_command",                                     
               "arguments": "{\"command\": \"cat                                
         /home/minh/KubeLLM/debug_assistant_latest/troubleshooting/incorrect_sel
         ector_missing_label/incorrect_selector_missing_label.yaml\"}"          
             }                                                                  
           }                                                                    
         ]                                                                      
DEBUG    ============== tool ==============                                     
DEBUG    apiVersion: v1                                                         
         kind: Pod                                                              
         metadata:                                                              
           name: kube-selector-missing-label                                    
           labels:                                                              
             tier: frontend                                                     
             app: kube-selector-missing-label                                   
         spec:                                                                  
           containers:                                                          
           - name: kube-selector-missing-label                                  
             image: kube-selector-missing-label-app:latest                      
             imagePullPolicy: Never                                             
             ports:                                                             
             - containerPort: 8765                                              
                                                                                
DEBUG    ============== assistant ==============                                
DEBUG    ## Step 2: Re-apply the updated Pod manifest                           
DEBUG    Tool Calls: [                                                          
           {                                                                    
             "type": "function",                                                
             "function": {                                                      
               "name": "run_shell_command",                                     
               "arguments": "{\"command\": \"kubectl apply -f                   
         /home/minh/KubeLLM/debug_assistant_latest/troubleshooting/incorrect_sel
         ector_missing_label/incorrect_selector_missing_label.yaml\"}"          
             }                                                                  
           }                                                                    
         ]                                                                      
DEBUG    ============== tool ==============                                     
DEBUG    pod/kube-selector-missing-label configured                             
                                                                                
DEBUG    ============== assistant ==============                                
DEBUG    ## Step 3: Confirm the Pod now has the expected label                  
DEBUG    Tool Calls: [                                                          
           {                                                                    
             "type": "function",                                                
             "function": {                                                      
               "name": "run_shell_command",                                     
               "arguments": "{\"command\": \"kubectl get pod                    
         kube-selector-missing-label --show-labels\"}"                          
             }                                                                  
           }                                                                    
         ]                                                                      
DEBUG    ============== tool ==============                                     
DEBUG    NAME                          READY   STATUS    RESTARTS   AGE   LABELS
         kube-selector-missing-label   1/1     Running   0          24s         
         app=kube-selector-missing-label,tier=frontend                          
                                                                                
DEBUG    ============== assistant ==============                                
DEBUG    ## Step 4: Confirm the Service endpoints are populated                 
DEBUG    Tool Calls: [                                                          
           {                                                                    
             "type": "function",                                                
             "function": {                                                      
               "name": "run_shell_command",                                     
               "arguments": "{\"command\": \"kubectl get endpoints              
         selector-missing-label-service -o yaml\"}"                             
             }                                                                  
           }                                                                    
         ]                                                                      
DEBUG    **************** METRICS START ****************                        
DEBUG    * Time to generate response:   1.3844s                                 
DEBUG    * Tokens per second:           59.2314 tokens/s                        
DEBUG    * Input tokens:                1449                                    
DEBUG    * Output tokens:               82                                      
DEBUG    * Total tokens:                1531                                    
DEBUG    **************** METRICS END ******************                        
DEBUG    Getting function run_shell_command                                     
DEBUG    Running: run_shell_command(command=kubectl get endpoints               
         selector-missing-label-service -o yaml)                                
INFO     Running shell command: kubectl get endpoints                           
         selector-missing-label-service -o yaml                                 
DEBUG    Return code: 0                                                         
DEBUG    ---------- Ollama Response Start ----------                            
DEBUG    ============== system ==============                                   
DEBUG    ## Instructions                                                        
         - If all and only all commands fail to execute, declare that there was 
         an error in trying to solve the issue, and end that statement with this
         token: <|ERROR|>.                                                      
         - You have solved this issue only when the original user-visible       
         problem is fixed in the live cluster. Verify the relevant Kubernetes   
         resources and application behavior with commands before declaring      
         success; pod Running/Ready status alone is not sufficient unless the   
         original problem is only pod startup.                                  
         - After every step, check whether the original problem is fixed in the 
         live cluster. If you changed manifests, images, or cluster             
         configuration, apply the change and verify the live resource state     
         reflects it before declaring success.                                  
         - If you believe you have met the goal, declare that you have solved   
         the user's issue, and end that statement with this token: <|SOLVED|>.  
         - If the steps do not solve the issue, or if you need more information,
         declare that you cannot solve the issue, and end that statement with   
         this token: <|FAILED|>.                                                
         - Do not use live feed flags when checking the logs such as 'kubectl   
         logs -f'                                                               
         - Do not use commands like vim or vi                                   
         - Do not use commands that open up editors like 'kubectl edit'         
         - Use markdown to format your answers.                                 
                                                                                
         ## Guidelines                                                          
         If a command invocation is successful but gives no stdout nor stderr,  
         then that is because that invocation resulted in no output to stdout or
         stderr.                                                                
         If a command contains a placeholder name surrounded in angle brackets  
         such as <pod_name>, for example, then **do not** run that command      
         as-is. First run a `kubectl get` command to find a real name to replace
         the placeholder name, then run the suggested command with the replaced 
         name of the resource. For example, if you see `kubectl logs <pod_name> 
         -n example_namespace`, first run `kubectl get pods -n                  
         example_namespace` and use the name of the first pod you see.          
         Do not use live feed flags when checking the logs such as 'kubectl logs
         -f'                                                                    
         If you do not conclude on an answer or a code then try again please.   
         Do not use commands like vim or vi                                     
         Do not use commands that open up editors like 'kubectl edit'           
DEBUG    ============== user ==============                                     
DEBUG    Perform the actions suggested here:                                    
         1. Add the missing label "app: kube-selector-missing-label" to the Pod 
         manifest (source-of-truth) so the Service selector matches the Pod:    
         ```bash                                                                
         sed -i '/tier: frontend/a\    app: kube-selector-missing-label'        
         /home/minh/KubeLLM/debug_assistant_latest/troubleshooting/incorrect_sel
         ector_missing_label/incorrect_selector_missing_label.yaml              
         ```                                                                    
                                                                                
         2. Re-apply the updated Pod manifest so the live Pod gets the new      
         label:                                                                 
         ```bash                                                                
         kubectl apply -f                                                       
         /home/minh/KubeLLM/debug_assistant_latest/troubleshooting/incorrect_sel
         ector_missing_label/incorrect_selector_missing_label.yaml              
         ```                                                                    
                                                                                
         3. Confirm the Pod now has the expected label:                         
         ```bash                                                                
         kubectl get pod kube-selector-missing-label --show-labels              
         ```                                                                    
                                                                                
         4. Confirm the Service endpoints are populated (should list the Pod    
         IP/port):                                                              
         ```bash                                                                
         kubectl get endpoints selector-missing-label-service -o yaml           
         ```                                                                    
                                                                                
         The relevant configuration file is located in this path:               
         /home/minh/KubeLLM/debug_assistant_latest/troubleshooting/incorrect_sel
         ector_missing_label/incorrect_selector_missing_label.yaml              
         You can update these files if necessary. If any files are updated, make
         sure to delete and reapply the configuration file.                     
         Do not use live feed flags when checking the logs such as 'kubectl logs
         -f'                                                                    
         ### Tool Usage Rules                                                   
         - Do not attempt many commands in one tool call.                       
         - Never repeat a tool call that has already been executed successfully 
         in this run.                                                           
         - If you need the result of a previous tool call, use the provided     
         output rather than re-invoking it.                                     
         - Keep the tool call as simple as possible to avoid errors.            
         - Never run Minikube lifecycle or configuration commands such as       
         `minikube start`, `minikube stop`, `minikube delete`, `minikube pause`,
         `minikube unpause`, or `minikube config`; the runner owns the active   
         profile. Use `minikube status` only for diagnostics and report an      
         unhealthy profile.                                                     
         - Do not run long-lived or background commands such as `kubectl        
         port-forward`, `Start-Process`, or `kubectl logs -f`; prefer           
         single-shot commands that exit on their own.                           
         - Do not use `kubectl port-forward`, background verification, `kubectl 
         logs -f`, or `kubectl get -w`.                                         
         - For reachability checks, use the access path defined by the scenario:
         if a Service exists, verify via Service/endpoints/service-routed       
         access; if no Service exists, use bounded direct checks such as        
         `kubectl exec` with an in-container one-shot HTTP request.             
         - Prefer one-shot application checks such as `kubectl exec <pod> --    
         python3 -c "import urllib.request;                                     
         print(urllib.request.urlopen('http://127.0.0.1:<port>/').getcode())"`  
         when Python is available in the container.                             
                                                                                
DEBUG    ============== assistant ==============                                
DEBUG    I'll help you perform these actions to fix the selector mismatch issue.
         Let me execute each step systematically.                               
                                                                                
         ## Step 1: Add the missing label to the Pod manifest                   
DEBUG    Tool Calls: [                                                          
           {                                                                    
             "type": "function",                                                
             "function": {                                                      
               "name": "run_shell_command",                                     
               "arguments": "{\"command\": \"sed -i '/tier: frontend/a\\\\      
         app: kube-selector-missing-label'                                      
         /home/minh/KubeLLM/debug_assistant_latest/troubleshooting/incorrect_sel
         ector_missing_label/incorrect_selector_missing_label.yaml\"}"          
             }                                                                  
           }                                                                    
         ]                                                                      
DEBUG    ============== tool ==============                                     
DEBUG    ============== assistant ==============                                
DEBUG    Tool Calls: [                                                          
           {                                                                    
             "type": "function",                                                
             "function": {                                                      
               "name": "run_shell_command",                                     
               "arguments": "{\"command\": \"cat                                
         /home/minh/KubeLLM/debug_assistant_latest/troubleshooting/incorrect_sel
         ector_missing_label/incorrect_selector_missing_label.yaml\"}"          
             }                                                                  
           }                                                                    
         ]                                                                      
DEBUG    ============== tool ==============                                     
DEBUG    apiVersion: v1                                                         
         kind: Pod                                                              
         metadata:                                                              
           name: kube-selector-missing-label                                    
           labels:                                                              
             tier: frontend                                                     
             app: kube-selector-missing-label                                   
         spec:                                                                  
           containers:                                                          
           - name: kube-selector-missing-label                                  
             image: kube-selector-missing-label-app:latest                      
             imagePullPolicy: Never                                             
             ports:                                                             
             - containerPort: 8765                                              
                                                                                
DEBUG    ============== assistant ==============                                
DEBUG    ## Step 2: Re-apply the updated Pod manifest                           
DEBUG    Tool Calls: [                                                          
           {                                                                    
             "type": "function",                                                
             "function": {                                                      
               "name": "run_shell_command",                                     
               "arguments": "{\"command\": \"kubectl apply -f                   
         /home/minh/KubeLLM/debug_assistant_latest/troubleshooting/incorrect_sel
         ector_missing_label/incorrect_selector_missing_label.yaml\"}"          
             }                                                                  
           }                                                                    
         ]                                                                      
DEBUG    ============== tool ==============                                     
DEBUG    pod/kube-selector-missing-label configured                             
                                                                                
DEBUG    ============== assistant ==============                                
DEBUG    ## Step 3: Confirm the Pod now has the expected label                  
DEBUG    Tool Calls: [                                                          
           {                                                                    
             "type": "function",                                                
             "function": {                                                      
               "name": "run_shell_command",                                     
               "arguments": "{\"command\": \"kubectl get pod                    
         kube-selector-missing-label --show-labels\"}"                          
             }                                                                  
           }                                                                    
         ]                                                                      
DEBUG    ============== tool ==============                                     
DEBUG    NAME                          READY   STATUS    RESTARTS   AGE   LABELS
         kube-selector-missing-label   1/1     Running   0          24s         
         app=kube-selector-missing-label,tier=frontend                          
                                                                                
DEBUG    ============== assistant ==============                                
DEBUG    ## Step 4: Confirm the Service endpoints are populated                 
DEBUG    Tool Calls: [                                                          
           {                                                                    
             "type": "function",                                                
             "function": {                                                      
               "name": "run_shell_command",                                     
               "arguments": "{\"command\": \"kubectl get endpoints              
         selector-missing-label-service -o yaml\"}"                             
             }                                                                  
           }                                                                    
         ]                                                                      
DEBUG    ============== tool ==============                                     
DEBUG    apiVersion: v1                                                         
         kind: Endpoints                                                        
         metadata:                                                              
           annotations:                                                         
             endpoints.kubernetes.io/last-change-trigger-time:                  
         "2026-07-20T00:48:14Z"                                                 
           creationTimestamp: "2026-07-20T00:48:13Z"                            
           name: selector-missing-label-service                                 
           namespace: default                                                   
           resourceVersion: "126982"                                            
           uid: 9929baf0-b817-4a75-9d6f-9e17299f6bd0                            
         subsets:                                                               
         - addresses:                                                           
           - ip: 10.244.0.233                                                   
             nodeName: minikube                                                 
             targetRef:                                                         
               kind: Pod                                                        
               name: kube-selector-missing-label                                
               namespace: default                                               
               uid: 4b15a07a-c32b-425e-aab7-180d4cd1fac2                        
           ports:                                                               
           - port: 8765                                                         
             protocol: TCP                                                      
                                                                                
DEBUG    ============== assistant ==============                                
DEBUG    Perfect! I've successfully completed all the steps to fix the selector 
         mismatch issue. Here's a summary of what was accomplished:             
                                                                                
         ## Summary of Actions Completed                                        
                                                                                
         **Step 1: ✅ Added missing label**                                     
         The label `app: kube-selector-missing-label` was successfully added to 
         the Pod manifest using sed command.                                    
                                                                                
         **Step 2: ✅ Re-applied manifest**                                     
         The updated Pod manifest was applied and the live Pod was reconfigured.
                                                                                
         **Step 3: ✅ Verified Pod labels**                                     
         The Pod now has the expected labels:                                   
         ```                                                                    
         app=kube-selector-missing-label,tier=frontend                          
         ```                                                                    
                                                                                
         **Step 4: ✅ Confirmed Service endpoints**                             
         The Service endpoints are now properly populated:                      
         - **Pod IP:** 10.244.0.233                                             
         - **Port:** 8765                                                       
         - **Target Pod:** kube-selector-missing-label                          
                                                                                
         The selector mismatch issue has been successfully resolved! The Service
         can now properly match the Pod with the label, and the endpoints are   
         correctly populated. The Service will be able to route traffic to the  
         running Pod.                                                           
DEBUG    **************** METRICS START ****************                        
DEBUG    * Time to generate response:   5.2740s                                 
DEBUG    * Tokens per second:           70.5352 tokens/s                        
DEBUG    * Input tokens:                1678                                    
DEBUG    * Output tokens:               372                                     
DEBUG    * Total tokens:                2050                                    
DEBUG    **************** METRICS END ******************                        
DEBUG    ---------- Ollama Response End ----------                              
DEBUG    Added 12 Messages to AgentMemory                                       
DEBUG    Added AgentRun to AgentMemory                                          
DEBUG    --**-- Logging Agent Run                                               
DEBUG    *********** Agent Run End: 896656ab-87e1-479d-a44f-fec5eb5e518e        
         ***********                                                            
Warning: Unknown model 'glm-4.7-flash:latest' - cost set to $0.00

================================================================================
STARTING VERIFICATION PHASE
================================================================================

DEBUG    *********** Agent ID: faba523a-646d-45dc-b6a1-a0b3d8630f1e *********** 
DEBUG    *********** Session ID: 653c61b6-2bd3-42e7-8845-8b3c45c4deeb           
         ***********                                                            
DEBUG    Debug logs enabled                                                     
DEBUG: You are a precise Kubernetes Verification Agent. Your only goal is to determine, with evidence, whether the original problem described below has been fully resolved in the current cluster state.

            ### ORIGINAL PROBLEM TO VERIFY
            The pod is Running, but describing the Service shows no endpoints for the application.

            ### VERIFICATION RULES (STRICTLY FOLLOW)
            1. **Never assume** the problem is fixed. You must prove it with real commands and observed output.
            2. Always start verification using `kubectl` (never guess pod/service names).
            3. Use exact resource names extracted from the YAML manifests — do not invent them.
            4. If a command fails or a resource does not exist, clearly state that and do not proceed as if it succeeded.
            5. Only declare the issue resolved if all relevant pods are Running/Ready and the configured access path for this scenario is reachable.

            ### RELEVANT MANIFESTS (use these to find exact names)
             The file  /home/minh/KubeLLM/debug_assistant_latest/troubleshooting/incorrect_selector_missing_label/incorrect_selector_missing_label.yaml  describes a deployment. This is the file contents: apiVersion: v1
kind: Pod
metadata:
  name: kube-selector-missing-label
  labels:
    tier: frontend
    app: kube-selector-missing-label
spec:
  containers:
  - name: kube-selector-missing-label
    image: kube-selector-missing-label-app:latest
    imagePullPolicy: Never
    ports:
    - containerPort: 8765
.
DEBUG: You are a precise Kubernetes Verification Agent. Your only goal is to determine, with evidence, whether the original problem described below has been fully resolved in the current cluster state.

            ### ORIGINAL PROBLEM TO VERIFY
            The pod is Running, but describing the Service shows no endpoints for the application.

            ### VERIFICATION RULES (STRICTLY FOLLOW)
            1. **Never assume** the problem is fixed. You must prove it with real commands and observed output.
            2. Always start verification using `kubectl` (never guess pod/service names).
            3. Use exact resource names extracted from the YAML manifests — do not invent them.
            4. If a command fails or a resource does not exist, clearly state that and do not proceed as if it succeeded.
            5. Only declare the issue resolved if all relevant pods are Running/Ready and the configured access path for this scenario is reachable.

            ### RELEVANT MANIFESTS (use these to find exact names)
             The file  /home/minh/KubeLLM/debug_assistant_latest/troubleshooting/incorrect_selector_missing_label/incorrect_selector_missing_label.yaml  describes a deployment. This is the file contents: apiVersion: v1
kind: Pod
metadata:
  name: kube-selector-missing-label
  labels:
    tier: frontend
    app: kube-selector-missing-label
spec:
  containers:
  - name: kube-selector-missing-label
    image: kube-selector-missing-label-app:latest
    imagePullPolicy: Never
    ports:
    - containerPort: 8765
. The file  /home/minh/KubeLLM/debug_assistant_latest/troubleshooting/incorrect_selector_missing_label/server.py  describes a application. This is the file contents: from http.server import HTTPServer, BaseHTTPRequestHandler
class Handler(BaseHTTPRequestHandler):
    def do_GET(self):
        self.send_response(200)
        self.end_headers()
        self.wfile.write(b"ok")
HTTPServer(("0.0.0.0", 8765), Handler).serve_forever()
.
DEBUG: You are a precise Kubernetes Verification Agent. Your only goal is to determine, with evidence, whether the original problem described below has been fully resolved in the current cluster state.

            ### ORIGINAL PROBLEM TO VERIFY
            The pod is Running, but describing the Service shows no endpoints for the application.

            ### VERIFICATION RULES (STRICTLY FOLLOW)
            1. **Never assume** the problem is fixed. You must prove it with real commands and observed output.
            2. Always start verification using `kubectl` (never guess pod/service names).
            3. Use exact resource names extracted from the YAML manifests — do not invent them.
            4. If a command fails or a resource does not exist, clearly state that and do not proceed as if it succeeded.
            5. Only declare the issue resolved if all relevant pods are Running/Ready and the configured access path for this scenario is reachable.

            ### RELEVANT MANIFESTS (use these to find exact names)
             The file  /home/minh/KubeLLM/debug_assistant_latest/troubleshooting/incorrect_selector_missing_label/incorrect_selector_missing_label.yaml  describes a deployment. This is the file contents: apiVersion: v1
kind: Pod
metadata:
  name: kube-selector-missing-label
  labels:
    tier: frontend
    app: kube-selector-missing-label
spec:
  containers:
  - name: kube-selector-missing-label
    image: kube-selector-missing-label-app:latest
    imagePullPolicy: Never
    ports:
    - containerPort: 8765
. The file  /home/minh/KubeLLM/debug_assistant_latest/troubleshooting/incorrect_selector_missing_label/server.py  describes a application. This is the file contents: from http.server import HTTPServer, BaseHTTPRequestHandler
class Handler(BaseHTTPRequestHandler):
    def do_GET(self):
        self.send_response(200)
        self.end_headers()
        self.wfile.write(b"ok")
HTTPServer(("0.0.0.0", 8765), Handler).serve_forever()
. The file  /home/minh/KubeLLM/debug_assistant_latest/troubleshooting/incorrect_selector_missing_label/app_service.yaml  describes a service. This is the file contents: apiVersion: v1
kind: Service
metadata:
  name: selector-missing-label-service
spec:
  selector:
    app: kube-selector-missing-label
  ports:
  - protocol: TCP
    port: 8000
    targetPort: 8765
.
DEBUG    *********** Agent Run Start: 57f6488e-e8d1-4c60-90f9-e6ee294d4663      
         ***********                                                            
DEBUG    Function run_shell_command from shell_tools added to model.            
DEBUG    ---------- OpenAI Response Start ----------                            
DEBUG    ============== system ==============                                   
DEBUG    ## Instructions                                                        
         - You are a verification agent tasked with verifying whether the       
         described Kubernetes issue has been fixed.                             
         - Run diagnostic commands to check the current state of the cluster.   
         - Always verify that the pods are running                              
         - Since this Kubernetes cluster is running on Minikube, use the        
         minikube service command to access services when appropriate.          
         - Do not use live feed flags when checking the logs such as 'kubectl   
         logs -f'                                                               
         - If kubectl logs fails, wait 5-10 seconds and try again up to 3 times 
         - If logs are still unavailable after retries, you can still verify    
         based on pod status and output of specific diagnostic command that will
         be provided to you                                                     
         - Use <|VERIFIED|> if the pod is Running and the kubectl or minikube   
         diagnostic commands indicate success, even if logs are temporarily     
         unavailable)                                                           
         - After completing verification, you must conclude with EXACTLY one of 
         these tokens:                                                          
         - - <|VERIFIED|> if the issue has been completely fixed                
         - - <|FAILED|> if the issue has NOT been fixed                         
         - - <|VERIFICATION_ERROR|> only if you cannot check files or pod status
         at all                                                                 
         - DO NOT create your own tokens. Use ONLY the three tokens listed      
         above.                                                                 
         - Use markdown to format your answers.                                 
                                                                                
         ## Guidelines                                                          
         If pod logs are temporarily unavailable, this is acceptable            
         The PRIMARY verification is: pod is Running and output of kubectl or   
         minikube based diagnostic commands.                                    
         Log verification is secondary - if unavailable, ignore it. You can     
         verify without logs                                                    
         You MUST use one of the three specified tokens: <|VERIFIED|>,          
         <|FAILED|>, or <|VERIFICATION_ERROR|>                                  
DEBUG    ============== user ==============                                     
DEBUG    You are a precise Kubernetes Verification Agent. Your only goal is to  
         determine, with evidence, whether the original problem described below 
         has been fully resolved in the current cluster state.                  
                                                                                
                     ### ORIGINAL PROBLEM TO VERIFY                             
                     The pod is Running, but describing the Service shows no    
         endpoints for the application.                                         
                                                                                
                     ### VERIFICATION RULES (STRICTLY FOLLOW)                   
                     1. **Never assume** the problem is fixed. You must prove it
         with real commands and observed output.                                
                     2. Always start verification using `kubectl` (never guess  
         pod/service names).                                                    
                     3. Use exact resource names extracted from the YAML        
         manifests — do not invent them.                                        
                     4. If a command fails or a resource does not exist, clearly
         state that and do not proceed as if it succeeded.                      
                     5. Only declare the issue resolved if all relevant pods are
         Running/Ready and the configured access path for this scenario is      
         reachable.                                                             
                                                                                
                     ### RELEVANT MANIFESTS (use these to find exact names)     
                      The file                                                  
         /home/minh/KubeLLM/debug_assistant_latest/troubleshooting/incorrect_sel
         ector_missing_label/incorrect_selector_missing_label.yaml  describes a 
         deployment. This is the file contents: apiVersion: v1                  
         kind: Pod                                                              
         metadata:                                                              
           name: kube-selector-missing-label                                    
           labels:                                                              
             tier: frontend                                                     
             app: kube-selector-missing-label                                   
         spec:                                                                  
           containers:                                                          
           - name: kube-selector-missing-label                                  
             image: kube-selector-missing-label-app:latest                      
             imagePullPolicy: Never                                             
             ports:                                                             
             - containerPort: 8765                                              
         . The file                                                             
         /home/minh/KubeLLM/debug_assistant_latest/troubleshooting/incorrect_sel
         ector_missing_label/server.py  describes a application. This is the    
         file contents: from http.server import HTTPServer,                     
         BaseHTTPRequestHandler                                                 
         class Handler(BaseHTTPRequestHandler):                                 
             def do_GET(self):                                                  
                 self.send_response(200)                                        
                 self.end_headers()                                             
                 self.wfile.write(b"ok")                                        
         HTTPServer(("0.0.0.0", 8765), Handler).serve_forever()                 
         . The file                                                             
         /home/minh/KubeLLM/debug_assistant_latest/troubleshooting/incorrect_sel
         ector_missing_label/app_service.yaml  describes a service. This is the 
         file contents: apiVersion: v1                                          
         kind: Service                                                          
         metadata:                                                              
           name: selector-missing-label-service                                 
         spec:                                                                  
           selector:                                                            
             app: kube-selector-missing-label                                   
           ports:                                                               
           - protocol: TCP                                                      
             port: 8000                                                         
             targetPort: 8765                                                   
         .                                                                      
                     ### CURRENT CONTEXT                                        
                     - Working directory:                                       
         /home/minh/KubeLLM/debug_assistant_latest/troubleshooting/incorrect_sel
         ector_missing_label/                                                   
                     - Main configuration file:                                 
         incorrect_selector_missing_label.yaml                                  
                     - Minikube profile: minikube                               
                                                                                
                     ### STEP-BY-STEP VERIFICATION PROCEDURE (follow exactly in 
         order)                                                                 
                     1. Run `kubectl get pods` → confirm all expected pods exist
         and are in Running state with 1/1 (or expected) ready containers.      
                     2. For each expected pod, run `kubectl describe pod        
         <pod-name>` and check Events for errors (CrashLoopBackOff,             
         ImagePullBackOff, OOM, etc.).                                          
                     3. If relevant service YAML exists, run `kubectl get       
         service <service-name>` → confirm expected Service exists and has      
         ClusterIP assigned.                                                    
                     4. Only if a Service manifest exists and the Service is    
         running:                                                               
                        - Run: `minikube -p minikube service <service-name>     
         --url`                                                                 
                        - Take the URL(s) returned and test with `curl -v <url>`
                     5. If Ingress exists, get the ingress address and test the 
         hostname/path with curl.                                               
                                                                                
         ### Tool Usage Rules                                                   
         - Do not attempt many commands in one tool call.                       
         - Never repeat a tool call that has already been executed successfully 
         in this run.                                                           
         - If you need the result of a previous tool call, use the provided     
         output rather than re-invoking it.                                     
         - Keep the tool call as simple as possible to avoid errors.            
         - Never run Minikube lifecycle or configuration commands such as       
         `minikube start`, `minikube stop`, `minikube delete`, `minikube pause`,
         `minikube unpause`, or `minikube config`; the runner owns the active   
         profile. Use `minikube status` only for diagnostics and report an      
         unhealthy profile.                                                     
         - Do not run long-lived or background commands such as `kubectl        
         port-forward`, `Start-Process`, or `kubectl logs -f`; prefer           
         single-shot commands that exit on their own.                           
         - Do not use `kubectl port-forward`, background verification, `kubectl 
         logs -f`, or `kubectl get -w`.                                         
         - For reachability checks, use the access path defined by the scenario:
         if a Service exists, verify via Service/endpoints/service-routed       
         access; if no Service exists, use bounded direct checks such as        
         `kubectl exec` with an in-container one-shot HTTP request.             
         - Prefer one-shot application checks such as `kubectl exec <pod> --    
         python3 -c "import urllib.request;                                     
         print(urllib.request.urlopen('http://127.0.0.1:<port>/').getcode())"`  
         when Python is available in the container.                             
                                                                                
                                                                                
         === CRITICAL: USE EXACT TOKENS ===                                     
         You MUST conclude with EXACTLY one of these three tokens:              
         1. <|VERIFIED|> if the issue has been completely resolved              
         2. <|FAILED|> if the issue has NOT been fixed                          
         3. <|VERIFICATION_ERROR|> if you encountered errors during verification
                                                                                
         DO NOT make up your own tokens like <|FIX_VERIFIED_FAILED|> or anything
         else.                                                                  
         Use ONLY: <|VERIFIED|>, <|FAILED|>, or <|VERIFICATION_ERROR|>          
                                                                                
DEBUG    ============== assistant ==============                                
DEBUG    Tool Calls: [                                                          
           {                                                                    
             "id": "call_HsmDxcnCtCZ3aJsAxXbnBVhw",                             
             "function": {                                                      
               "arguments": "{\"command\":\"kubectl get pods -o wide\"}",       
               "name": "run_shell_command"                                      
             },                                                                 
             "type": "function"                                                 
           }                                                                    
         ]                                                                      
DEBUG    **************** METRICS START ****************                        
DEBUG    * Time to generate response:   3.9815s                                 
DEBUG    * Tokens per second:           152.2051 tokens/s                       
DEBUG    * Input tokens:                1711                                    
DEBUG    * Output tokens:               606                                     
DEBUG    * Total tokens:                2317                                    
DEBUG    * Prompt tokens details:       {'audio_tokens': 0, 'cached_tokens': 0} 
DEBUG    * Completion tokens details:   {'accepted_prediction_tokens': 0,       
         'audio_tokens': 0, 'reasoning_tokens': 576,                            
         'rejected_prediction_tokens': 0}                                       
DEBUG    **************** METRICS END ******************                        
DEBUG    Getting function run_shell_command                                     
DEBUG    Running: run_shell_command(command=kubectl get pods -o wide)           
INFO     Running shell command: kubectl get pods -o wide                        
DEBUG    Return code: 0                                                         
DEBUG    ---------- OpenAI Response Start ----------                            
DEBUG    ============== developer ==============                                
DEBUG    ## Instructions                                                        
         - You are a verification agent tasked with verifying whether the       
         described Kubernetes issue has been fixed.                             
         - Run diagnostic commands to check the current state of the cluster.   
         - Always verify that the pods are running                              
         - Since this Kubernetes cluster is running on Minikube, use the        
         minikube service command to access services when appropriate.          
         - Do not use live feed flags when checking the logs such as 'kubectl   
         logs -f'                                                               
         - If kubectl logs fails, wait 5-10 seconds and try again up to 3 times 
         - If logs are still unavailable after retries, you can still verify    
         based on pod status and output of specific diagnostic command that will
         be provided to you                                                     
         - Use <|VERIFIED|> if the pod is Running and the kubectl or minikube   
         diagnostic commands indicate success, even if logs are temporarily     
         unavailable)                                                           
         - After completing verification, you must conclude with EXACTLY one of 
         these tokens:                                                          
         - - <|VERIFIED|> if the issue has been completely fixed                
         - - <|FAILED|> if the issue has NOT been fixed                         
         - - <|VERIFICATION_ERROR|> only if you cannot check files or pod status
         at all                                                                 
         - DO NOT create your own tokens. Use ONLY the three tokens listed      
         above.                                                                 
         - Use markdown to format your answers.                                 
                                                                                
         ## Guidelines                                                          
         If pod logs are temporarily unavailable, this is acceptable            
         The PRIMARY verification is: pod is Running and output of kubectl or   
         minikube based diagnostic commands.                                    
         Log verification is secondary - if unavailable, ignore it. You can     
         verify without logs                                                    
         You MUST use one of the three specified tokens: <|VERIFIED|>,          
         <|FAILED|>, or <|VERIFICATION_ERROR|>                                  
DEBUG    ============== user ==============                                     
DEBUG    You are a precise Kubernetes Verification Agent. Your only goal is to  
         determine, with evidence, whether the original problem described below 
         has been fully resolved in the current cluster state.                  
                                                                                
                     ### ORIGINAL PROBLEM TO VERIFY                             
                     The pod is Running, but describing the Service shows no    
         endpoints for the application.                                         
                                                                                
                     ### VERIFICATION RULES (STRICTLY FOLLOW)                   
                     1. **Never assume** the problem is fixed. You must prove it
         with real commands and observed output.                                
                     2. Always start verification using `kubectl` (never guess  
         pod/service names).                                                    
                     3. Use exact resource names extracted from the YAML        
         manifests — do not invent them.                                        
                     4. If a command fails or a resource does not exist, clearly
         state that and do not proceed as if it succeeded.                      
                     5. Only declare the issue resolved if all relevant pods are
         Running/Ready and the configured access path for this scenario is      
         reachable.                                                             
                                                                                
                     ### RELEVANT MANIFESTS (use these to find exact names)     
                      The file                                                  
         /home/minh/KubeLLM/debug_assistant_latest/troubleshooting/incorrect_sel
         ector_missing_label/incorrect_selector_missing_label.yaml  describes a 
         deployment. This is the file contents: apiVersion: v1                  
         kind: Pod                                                              
         metadata:                                                              
           name: kube-selector-missing-label                                    
           labels:                                                              
             tier: frontend                                                     
             app: kube-selector-missing-label                                   
         spec:                                                                  
           containers:                                                          
           - name: kube-selector-missing-label                                  
             image: kube-selector-missing-label-app:latest                      
             imagePullPolicy: Never                                             
             ports:                                                             
             - containerPort: 8765                                              
         . The file                                                             
         /home/minh/KubeLLM/debug_assistant_latest/troubleshooting/incorrect_sel
         ector_missing_label/server.py  describes a application. This is the    
         file contents: from http.server import HTTPServer,                     
         BaseHTTPRequestHandler                                                 
         class Handler(BaseHTTPRequestHandler):                                 
             def do_GET(self):                                                  
                 self.send_response(200)                                        
                 self.end_headers()                                             
                 self.wfile.write(b"ok")                                        
         HTTPServer(("0.0.0.0", 8765), Handler).serve_forever()                 
         . The file                                                             
         /home/minh/KubeLLM/debug_assistant_latest/troubleshooting/incorrect_sel
         ector_missing_label/app_service.yaml  describes a service. This is the 
         file contents: apiVersion: v1                                          
         kind: Service                                                          
         metadata:                                                              
           name: selector-missing-label-service                                 
         spec:                                                                  
           selector:                                                            
             app: kube-selector-missing-label                                   
           ports:                                                               
           - protocol: TCP                                                      
             port: 8000                                                         
             targetPort: 8765                                                   
         .                                                                      
                     ### CURRENT CONTEXT                                        
                     - Working directory:                                       
         /home/minh/KubeLLM/debug_assistant_latest/troubleshooting/incorrect_sel
         ector_missing_label/                                                   
                     - Main configuration file:                                 
         incorrect_selector_missing_label.yaml                                  
                     - Minikube profile: minikube                               
                                                                                
                     ### STEP-BY-STEP VERIFICATION PROCEDURE (follow exactly in 
         order)                                                                 
                     1. Run `kubectl get pods` → confirm all expected pods exist
         and are in Running state with 1/1 (or expected) ready containers.      
                     2. For each expected pod, run `kubectl describe pod        
         <pod-name>` and check Events for errors (CrashLoopBackOff,             
         ImagePullBackOff, OOM, etc.).                                          
                     3. If relevant service YAML exists, run `kubectl get       
         service <service-name>` → confirm expected Service exists and has      
         ClusterIP assigned.                                                    
                     4. Only if a Service manifest exists and the Service is    
         running:                                                               
                        - Run: `minikube -p minikube service <service-name>     
         --url`                                                                 
                        - Take the URL(s) returned and test with `curl -v <url>`
                     5. If Ingress exists, get the ingress address and test the 
         hostname/path with curl.                                               
                                                                                
         ### Tool Usage Rules                                                   
         - Do not attempt many commands in one tool call.                       
         - Never repeat a tool call that has already been executed successfully 
         in this run.                                                           
         - If you need the result of a previous tool call, use the provided     
         output rather than re-invoking it.                                     
         - Keep the tool call as simple as possible to avoid errors.            
         - Never run Minikube lifecycle or configuration commands such as       
         `minikube start`, `minikube stop`, `minikube delete`, `minikube pause`,
         `minikube unpause`, or `minikube config`; the runner owns the active   
         profile. Use `minikube status` only for diagnostics and report an      
         unhealthy profile.                                                     
         - Do not run long-lived or background commands such as `kubectl        
         port-forward`, `Start-Process`, or `kubectl logs -f`; prefer           
         single-shot commands that exit on their own.                           
         - Do not use `kubectl port-forward`, background verification, `kubectl 
         logs -f`, or `kubectl get -w`.                                         
         - For reachability checks, use the access path defined by the scenario:
         if a Service exists, verify via Service/endpoints/service-routed       
         access; if no Service exists, use bounded direct checks such as        
         `kubectl exec` with an in-container one-shot HTTP request.             
         - Prefer one-shot application checks such as `kubectl exec <pod> --    
         python3 -c "import urllib.request;                                     
         print(urllib.request.urlopen('http://127.0.0.1:<port>/').getcode())"`  
         when Python is available in the container.                             
                                                                                
                                                                                
         === CRITICAL: USE EXACT TOKENS ===                                     
         You MUST conclude with EXACTLY one of these three tokens:              
         1. <|VERIFIED|> if the issue has been completely resolved              
         2. <|FAILED|> if the issue has NOT been fixed                          
         3. <|VERIFICATION_ERROR|> if you encountered errors during verification
                                                                                
         DO NOT make up your own tokens like <|FIX_VERIFIED_FAILED|> or anything
         else.                                                                  
         Use ONLY: <|VERIFIED|>, <|FAILED|>, or <|VERIFICATION_ERROR|>          
                                                                                
DEBUG    ============== assistant ==============                                
DEBUG    Tool Calls: [                                                          
           {                                                                    
             "id": "call_HsmDxcnCtCZ3aJsAxXbnBVhw",                             
             "function": {                                                      
               "arguments": "{\"command\":\"kubectl get pods -o wide\"}",       
               "name": "run_shell_command"                                      
             },                                                                 
             "type": "function"                                                 
           }                                                                    
         ]                                                                      
DEBUG    ============== tool ==============                                     
DEBUG    Tool call Id: call_HsmDxcnCtCZ3aJsAxXbnBVhw                            
DEBUG    NAME                          READY   STATUS    RESTARTS   AGE   IP    
         NODE       NOMINATED NODE   READINESS GATES                            
         kube-selector-missing-label   1/1     Running   0          36s         
         10.244.0.233   minikube   <none>           <none>                      
                                                                                
DEBUG    ============== assistant ==============                                
DEBUG    Tool Calls: [                                                          
           {                                                                    
             "id": "call_savvMY6vULTQqsCMAONTMOlb",                             
             "function": {                                                      
               "arguments": "{\"command\":\"kubectl get service                 
         selector-missing-label-service -o wide\"}",                            
               "name": "run_shell_command"                                      
             },                                                                 
             "type": "function"                                                 
           }                                                                    
         ]                                                                      
DEBUG    **************** METRICS START ****************                        
DEBUG    * Time to generate response:   3.5779s                                 
DEBUG    * Tokens per second:           134.9963 tokens/s                       
DEBUG    * Input tokens:                1814                                    
DEBUG    * Output tokens:               483                                     
DEBUG    * Total tokens:                2297                                    
DEBUG    * Prompt tokens details:       {'audio_tokens': 0, 'cached_tokens': 0} 
DEBUG    * Completion tokens details:   {'accepted_prediction_tokens': 0,       
         'audio_tokens': 0, 'reasoning_tokens': 448,                            
         'rejected_prediction_tokens': 0}                                       
DEBUG    **************** METRICS END ******************                        
DEBUG    Getting function run_shell_command                                     
DEBUG    Running: run_shell_command(command=kubectl get service                 
         selector-missing-label-service -o wide)                                
INFO     Running shell command: kubectl get service                             
         selector-missing-label-service -o wide                                 
DEBUG    Return code: 0                                                         
DEBUG    ---------- OpenAI Response Start ----------                            
DEBUG    ============== developer ==============                                
DEBUG    ## Instructions                                                        
         - You are a verification agent tasked with verifying whether the       
         described Kubernetes issue has been fixed.                             
         - Run diagnostic commands to check the current state of the cluster.   
         - Always verify that the pods are running                              
         - Since this Kubernetes cluster is running on Minikube, use the        
         minikube service command to access services when appropriate.          
         - Do not use live feed flags when checking the logs such as 'kubectl   
         logs -f'                                                               
         - If kubectl logs fails, wait 5-10 seconds and try again up to 3 times 
         - If logs are still unavailable after retries, you can still verify    
         based on pod status and output of specific diagnostic command that will
         be provided to you                                                     
         - Use <|VERIFIED|> if the pod is Running and the kubectl or minikube   
         diagnostic commands indicate success, even if logs are temporarily     
         unavailable)                                                           
         - After completing verification, you must conclude with EXACTLY one of 
         these tokens:                                                          
         - - <|VERIFIED|> if the issue has been completely fixed                
         - - <|FAILED|> if the issue has NOT been fixed                         
         - - <|VERIFICATION_ERROR|> only if you cannot check files or pod status
         at all                                                                 
         - DO NOT create your own tokens. Use ONLY the three tokens listed      
         above.                                                                 
         - Use markdown to format your answers.                                 
                                                                                
         ## Guidelines                                                          
         If pod logs are temporarily unavailable, this is acceptable            
         The PRIMARY verification is: pod is Running and output of kubectl or   
         minikube based diagnostic commands.                                    
         Log verification is secondary - if unavailable, ignore it. You can     
         verify without logs                                                    
         You MUST use one of the three specified tokens: <|VERIFIED|>,          
         <|FAILED|>, or <|VERIFICATION_ERROR|>                                  
DEBUG    ============== user ==============                                     
DEBUG    You are a precise Kubernetes Verification Agent. Your only goal is to  
         determine, with evidence, whether the original problem described below 
         has been fully resolved in the current cluster state.                  
                                                                                
                     ### ORIGINAL PROBLEM TO VERIFY                             
                     The pod is Running, but describing the Service shows no    
         endpoints for the application.                                         
                                                                                
                     ### VERIFICATION RULES (STRICTLY FOLLOW)                   
                     1. **Never assume** the problem is fixed. You must prove it
         with real commands and observed output.                                
                     2. Always start verification using `kubectl` (never guess  
         pod/service names).                                                    
                     3. Use exact resource names extracted from the YAML        
         manifests — do not invent them.                                        
                     4. If a command fails or a resource does not exist, clearly
         state that and do not proceed as if it succeeded.                      
                     5. Only declare the issue resolved if all relevant pods are
         Running/Ready and the configured access path for this scenario is      
         reachable.                                                             
                                                                                
                     ### RELEVANT MANIFESTS (use these to find exact names)     
                      The file                                                  
         /home/minh/KubeLLM/debug_assistant_latest/troubleshooting/incorrect_sel
         ector_missing_label/incorrect_selector_missing_label.yaml  describes a 
         deployment. This is the file contents: apiVersion: v1                  
         kind: Pod                                                              
         metadata:                                                              
           name: kube-selector-missing-label                                    
           labels:                                                              
             tier: frontend                                                     
             app: kube-selector-missing-label                                   
         spec:                                                                  
           containers:                                                          
           - name: kube-selector-missing-label                                  
             image: kube-selector-missing-label-app:latest                      
             imagePullPolicy: Never                                             
             ports:                                                             
             - containerPort: 8765                                              
         . The file                                                             
         /home/minh/KubeLLM/debug_assistant_latest/troubleshooting/incorrect_sel
         ector_missing_label/server.py  describes a application. This is the    
         file contents: from http.server import HTTPServer,                     
         BaseHTTPRequestHandler                                                 
         class Handler(BaseHTTPRequestHandler):                                 
             def do_GET(self):                                                  
                 self.send_response(200)                                        
                 self.end_headers()                                             
                 self.wfile.write(b"ok")                                        
         HTTPServer(("0.0.0.0", 8765), Handler).serve_forever()                 
         . The file                                                             
         /home/minh/KubeLLM/debug_assistant_latest/troubleshooting/incorrect_sel
         ector_missing_label/app_service.yaml  describes a service. This is the 
         file contents: apiVersion: v1                                          
         kind: Service                                                          
         metadata:                                                              
           name: selector-missing-label-service                                 
         spec:                                                                  
           selector:                                                            
             app: kube-selector-missing-label                                   
           ports:                                                               
           - protocol: TCP                                                      
             port: 8000                                                         
             targetPort: 8765                                                   
         .                                                                      
                     ### CURRENT CONTEXT                                        
                     - Working directory:                                       
         /home/minh/KubeLLM/debug_assistant_latest/troubleshooting/incorrect_sel
         ector_missing_label/                                                   
                     - Main configuration file:                                 
         incorrect_selector_missing_label.yaml                                  
                     - Minikube profile: minikube                               
                                                                                
                     ### STEP-BY-STEP VERIFICATION PROCEDURE (follow exactly in 
         order)                                                                 
                     1. Run `kubectl get pods` → confirm all expected pods exist
         and are in Running state with 1/1 (or expected) ready containers.      
                     2. For each expected pod, run `kubectl describe pod        
         <pod-name>` and check Events for errors (CrashLoopBackOff,             
         ImagePullBackOff, OOM, etc.).                                          
                     3. If relevant service YAML exists, run `kubectl get       
         service <service-name>` → confirm expected Service exists and has      
         ClusterIP assigned.                                                    
                     4. Only if a Service manifest exists and the Service is    
         running:                                                               
                        - Run: `minikube -p minikube service <service-name>     
         --url`                                                                 
                        - Take the URL(s) returned and test with `curl -v <url>`
                     5. If Ingress exists, get the ingress address and test the 
         hostname/path with curl.                                               
                                                                                
         ### Tool Usage Rules                                                   
         - Do not attempt many commands in one tool call.                       
         - Never repeat a tool call that has already been executed successfully 
         in this run.                                                           
         - If you need the result of a previous tool call, use the provided     
         output rather than re-invoking it.                                     
         - Keep the tool call as simple as possible to avoid errors.            
         - Never run Minikube lifecycle or configuration commands such as       
         `minikube start`, `minikube stop`, `minikube delete`, `minikube pause`,
         `minikube unpause`, or `minikube config`; the runner owns the active   
         profile. Use `minikube status` only for diagnostics and report an      
         unhealthy profile.                                                     
         - Do not run long-lived or background commands such as `kubectl        
         port-forward`, `Start-Process`, or `kubectl logs -f`; prefer           
         single-shot commands that exit on their own.                           
         - Do not use `kubectl port-forward`, background verification, `kubectl 
         logs -f`, or `kubectl get -w`.                                         
         - For reachability checks, use the access path defined by the scenario:
         if a Service exists, verify via Service/endpoints/service-routed       
         access; if no Service exists, use bounded direct checks such as        
         `kubectl exec` with an in-container one-shot HTTP request.             
         - Prefer one-shot application checks such as `kubectl exec <pod> --    
         python3 -c "import urllib.request;                                     
         print(urllib.request.urlopen('http://127.0.0.1:<port>/').getcode())"`  
         when Python is available in the container.                             
                                                                                
                                                                                
         === CRITICAL: USE EXACT TOKENS ===                                     
         You MUST conclude with EXACTLY one of these three tokens:              
         1. <|VERIFIED|> if the issue has been completely resolved              
         2. <|FAILED|> if the issue has NOT been fixed                          
         3. <|VERIFICATION_ERROR|> if you encountered errors during verification
                                                                                
         DO NOT make up your own tokens like <|FIX_VERIFIED_FAILED|> or anything
         else.                                                                  
         Use ONLY: <|VERIFIED|>, <|FAILED|>, or <|VERIFICATION_ERROR|>          
                                                                                
DEBUG    ============== assistant ==============                                
DEBUG    Tool Calls: [                                                          
           {                                                                    
             "id": "call_HsmDxcnCtCZ3aJsAxXbnBVhw",                             
             "function": {                                                      
               "arguments": "{\"command\":\"kubectl get pods -o wide\"}",       
               "name": "run_shell_command"                                      
             },                                                                 
             "type": "function"                                                 
           }                                                                    
         ]                                                                      
DEBUG    ============== tool ==============                                     
DEBUG    Tool call Id: call_HsmDxcnCtCZ3aJsAxXbnBVhw                            
DEBUG    NAME                          READY   STATUS    RESTARTS   AGE   IP    
         NODE       NOMINATED NODE   READINESS GATES                            
         kube-selector-missing-label   1/1     Running   0          36s         
         10.244.0.233   minikube   <none>           <none>                      
                                                                                
DEBUG    ============== assistant ==============                                
DEBUG    Tool Calls: [                                                          
           {                                                                    
             "id": "call_savvMY6vULTQqsCMAONTMOlb",                             
             "function": {                                                      
               "arguments": "{\"command\":\"kubectl get service                 
         selector-missing-label-service -o wide\"}",                            
               "name": "run_shell_command"                                      
             },                                                                 
             "type": "function"                                                 
           }                                                                    
         ]                                                                      
DEBUG    ============== tool ==============                                     
DEBUG    Tool call Id: call_savvMY6vULTQqsCMAONTMOlb                            
DEBUG    NAME                             TYPE        CLUSTER-IP                
         EXTERNAL-IP   PORT(S)    AGE   SELECTOR                                
         selector-missing-label-service   ClusterIP   10.108.155.233   <none>   
         8000/TCP   40s   app=kube-selector-missing-label                       
                                                                                
DEBUG    ============== assistant ==============                                
DEBUG    Tool Calls: [                                                          
           {                                                                    
             "id": "call_DrZg7dSHWc81fiUrTYEpuHIf",                             
             "function": {                                                      
               "arguments": "{\"command\":\"kubectl describe pod                
         kube-selector-missing-label\"}",                                       
               "name": "run_shell_command"                                      
             },                                                                 
             "type": "function"                                                 
           }                                                                    
         ]                                                                      
DEBUG    **************** METRICS START ****************                        
DEBUG    * Time to generate response:   0.8030s                                 
DEBUG    * Tokens per second:           32.3776 tokens/s                        
DEBUG    * Input tokens:                1916                                    
DEBUG    * Output tokens:               26                                      
DEBUG    * Total tokens:                1942                                    
DEBUG    * Prompt tokens details:       {'audio_tokens': 0, 'cached_tokens':    
         1664}                                                                  
DEBUG    * Completion tokens details:   {'accepted_prediction_tokens': 0,       
         'audio_tokens': 0, 'reasoning_tokens': 0, 'rejected_prediction_tokens':
         0}                                                                     
DEBUG    **************** METRICS END ******************                        
DEBUG    Getting function run_shell_command                                     
DEBUG    Running: run_shell_command(command=kubectl describe pod                
         kube-selector-missing-label)                                           
INFO     Running shell command: kubectl describe pod kube-selector-missing-label
DEBUG    Return code: 0                                                         
DEBUG    ---------- OpenAI Response Start ----------                            
DEBUG    ============== developer ==============                                
DEBUG    ## Instructions                                                        
         - You are a verification agent tasked with verifying whether the       
         described Kubernetes issue has been fixed.                             
         - Run diagnostic commands to check the current state of the cluster.   
         - Always verify that the pods are running                              
         - Since this Kubernetes cluster is running on Minikube, use the        
         minikube service command to access services when appropriate.          
         - Do not use live feed flags when checking the logs such as 'kubectl   
         logs -f'                                                               
         - If kubectl logs fails, wait 5-10 seconds and try again up to 3 times 
         - If logs are still unavailable after retries, you can still verify    
         based on pod status and output of specific diagnostic command that will
         be provided to you                                                     
         - Use <|VERIFIED|> if the pod is Running and the kubectl or minikube   
         diagnostic commands indicate success, even if logs are temporarily     
         unavailable)                                                           
         - After completing verification, you must conclude with EXACTLY one of 
         these tokens:                                                          
         - - <|VERIFIED|> if the issue has been completely fixed                
         - - <|FAILED|> if the issue has NOT been fixed                         
         - - <|VERIFICATION_ERROR|> only if you cannot check files or pod status
         at all                                                                 
         - DO NOT create your own tokens. Use ONLY the three tokens listed      
         above.                                                                 
         - Use markdown to format your answers.                                 
                                                                                
         ## Guidelines                                                          
         If pod logs are temporarily unavailable, this is acceptable            
         The PRIMARY verification is: pod is Running and output of kubectl or   
         minikube based diagnostic commands.                                    
         Log verification is secondary - if unavailable, ignore it. You can     
         verify without logs                                                    
         You MUST use one of the three specified tokens: <|VERIFIED|>,          
         <|FAILED|>, or <|VERIFICATION_ERROR|>                                  
DEBUG    ============== user ==============                                     
DEBUG    You are a precise Kubernetes Verification Agent. Your only goal is to  
         determine, with evidence, whether the original problem described below 
         has been fully resolved in the current cluster state.                  
                                                                                
                     ### ORIGINAL PROBLEM TO VERIFY                             
                     The pod is Running, but describing the Service shows no    
         endpoints for the application.                                         
                                                                                
                     ### VERIFICATION RULES (STRICTLY FOLLOW)                   
                     1. **Never assume** the problem is fixed. You must prove it
         with real commands and observed output.                                
                     2. Always start verification using `kubectl` (never guess  
         pod/service names).                                                    
                     3. Use exact resource names extracted from the YAML        
         manifests — do not invent them.                                        
                     4. If a command fails or a resource does not exist, clearly
         state that and do not proceed as if it succeeded.                      
                     5. Only declare the issue resolved if all relevant pods are
         Running/Ready and the configured access path for this scenario is      
         reachable.                                                             
                                                                                
                     ### RELEVANT MANIFESTS (use these to find exact names)     
                      The file                                                  
         /home/minh/KubeLLM/debug_assistant_latest/troubleshooting/incorrect_sel
         ector_missing_label/incorrect_selector_missing_label.yaml  describes a 
         deployment. This is the file contents: apiVersion: v1                  
         kind: Pod                                                              
         metadata:                                                              
           name: kube-selector-missing-label                                    
           labels:                                                              
             tier: frontend                                                     
             app: kube-selector-missing-label                                   
         spec:                                                                  
           containers:                                                          
           - name: kube-selector-missing-label                                  
             image: kube-selector-missing-label-app:latest                      
             imagePullPolicy: Never                                             
             ports:                                                             
             - containerPort: 8765                                              
         . The file                                                             
         /home/minh/KubeLLM/debug_assistant_latest/troubleshooting/incorrect_sel
         ector_missing_label/server.py  describes a application. This is the    
         file contents: from http.server import HTTPServer,                     
         BaseHTTPRequestHandler                                                 
         class Handler(BaseHTTPRequestHandler):                                 
             def do_GET(self):                                                  
                 self.send_response(200)                                        
                 self.end_headers()                                             
                 self.wfile.write(b"ok")                                        
         HTTPServer(("0.0.0.0", 8765), Handler).serve_forever()                 
         . The file                                                             
         /home/minh/KubeLLM/debug_assistant_latest/troubleshooting/incorrect_sel
         ector_missing_label/app_service.yaml  describes a service. This is the 
         file contents: apiVersion: v1                                          
         kind: Service                                                          
         metadata:                                                              
           name: selector-missing-label-service                                 
         spec:                                                                  
           selector:                                                            
             app: kube-selector-missing-label                                   
           ports:                                                               
           - protocol: TCP                                                      
             port: 8000                                                         
             targetPort: 8765                                                   
         .                                                                      
                     ### CURRENT CONTEXT                                        
                     - Working directory:                                       
         /home/minh/KubeLLM/debug_assistant_latest/troubleshooting/incorrect_sel
         ector_missing_label/                                                   
                     - Main configuration file:                                 
         incorrect_selector_missing_label.yaml                                  
                     - Minikube profile: minikube                               
                                                                                
                     ### STEP-BY-STEP VERIFICATION PROCEDURE (follow exactly in 
         order)                                                                 
                     1. Run `kubectl get pods` → confirm all expected pods exist
         and are in Running state with 1/1 (or expected) ready containers.      
                     2. For each expected pod, run `kubectl describe pod        
         <pod-name>` and check Events for errors (CrashLoopBackOff,             
         ImagePullBackOff, OOM, etc.).                                          
                     3. If relevant service YAML exists, run `kubectl get       
         service <service-name>` → confirm expected Service exists and has      
         ClusterIP assigned.                                                    
                     4. Only if a Service manifest exists and the Service is    
         running:                                                               
                        - Run: `minikube -p minikube service <service-name>     
         --url`                                                                 
                        - Take the URL(s) returned and test with `curl -v <url>`
                     5. If Ingress exists, get the ingress address and test the 
         hostname/path with curl.                                               
                                                                                
         ### Tool Usage Rules                                                   
         - Do not attempt many commands in one tool call.                       
         - Never repeat a tool call that has already been executed successfully 
         in this run.                                                           
         - If you need the result of a previous tool call, use the provided     
         output rather than re-invoking it.                                     
         - Keep the tool call as simple as possible to avoid errors.            
         - Never run Minikube lifecycle or configuration commands such as       
         `minikube start`, `minikube stop`, `minikube delete`, `minikube pause`,
         `minikube unpause`, or `minikube config`; the runner owns the active   
         profile. Use `minikube status` only for diagnostics and report an      
         unhealthy profile.                                                     
         - Do not run long-lived or background commands such as `kubectl        
         port-forward`, `Start-Process`, or `kubectl logs -f`; prefer           
         single-shot commands that exit on their own.                           
         - Do not use `kubectl port-forward`, background verification, `kubectl 
         logs -f`, or `kubectl get -w`.                                         
         - For reachability checks, use the access path defined by the scenario:
         if a Service exists, verify via Service/endpoints/service-routed       
         access; if no Service exists, use bounded direct checks such as        
         `kubectl exec` with an in-container one-shot HTTP request.             
         - Prefer one-shot application checks such as `kubectl exec <pod> --    
         python3 -c "import urllib.request;                                     
         print(urllib.request.urlopen('http://127.0.0.1:<port>/').getcode())"`  
         when Python is available in the container.                             
                                                                                
                                                                                
         === CRITICAL: USE EXACT TOKENS ===                                     
         You MUST conclude with EXACTLY one of these three tokens:              
         1. <|VERIFIED|> if the issue has been completely resolved              
         2. <|FAILED|> if the issue has NOT been fixed                          
         3. <|VERIFICATION_ERROR|> if you encountered errors during verification
                                                                                
         DO NOT make up your own tokens like <|FIX_VERIFIED_FAILED|> or anything
         else.                                                                  
         Use ONLY: <|VERIFIED|>, <|FAILED|>, or <|VERIFICATION_ERROR|>          
                                                                                
DEBUG    ============== assistant ==============                                
DEBUG    Tool Calls: [                                                          
           {                                                                    
             "id": "call_HsmDxcnCtCZ3aJsAxXbnBVhw",                             
             "function": {                                                      
               "arguments": "{\"command\":\"kubectl get pods -o wide\"}",       
               "name": "run_shell_command"                                      
             },                                                                 
             "type": "function"                                                 
           }                                                                    
         ]                                                                      
DEBUG    ============== tool ==============                                     
DEBUG    Tool call Id: call_HsmDxcnCtCZ3aJsAxXbnBVhw                            
DEBUG    NAME                          READY   STATUS    RESTARTS   AGE   IP    
         NODE       NOMINATED NODE   READINESS GATES                            
         kube-selector-missing-label   1/1     Running   0          36s         
         10.244.0.233   minikube   <none>           <none>                      
                                                                                
DEBUG    ============== assistant ==============                                
DEBUG    Tool Calls: [                                                          
           {                                                                    
             "id": "call_savvMY6vULTQqsCMAONTMOlb",                             
             "function": {                                                      
               "arguments": "{\"command\":\"kubectl get service                 
         selector-missing-label-service -o wide\"}",                            
               "name": "run_shell_command"                                      
             },                                                                 
             "type": "function"                                                 
           }                                                                    
         ]                                                                      
DEBUG    ============== tool ==============                                     
DEBUG    Tool call Id: call_savvMY6vULTQqsCMAONTMOlb                            
DEBUG    NAME                             TYPE        CLUSTER-IP                
         EXTERNAL-IP   PORT(S)    AGE   SELECTOR                                
         selector-missing-label-service   ClusterIP   10.108.155.233   <none>   
         8000/TCP   40s   app=kube-selector-missing-label                       
                                                                                
DEBUG    ============== assistant ==============                                
DEBUG    Tool Calls: [                                                          
           {                                                                    
             "id": "call_DrZg7dSHWc81fiUrTYEpuHIf",                             
             "function": {                                                      
               "arguments": "{\"command\":\"kubectl describe pod                
         kube-selector-missing-label\"}",                                       
               "name": "run_shell_command"                                      
             },                                                                 
             "type": "function"                                                 
           }                                                                    
         ]                                                                      
DEBUG    ============== tool ==============                                     
DEBUG    Tool call Id: call_DrZg7dSHWc81fiUrTYEpuHIf                            
DEBUG    Service Account:  default                                              
         Node:             minikube/192.168.58.2                                
         Start Time:       Mon, 20 Jul 2026 00:48:13 +0000                      
         Labels:           app=kube-selector-missing-label                      
                           tier=frontend                                        
         Annotations:      <none>                                               
         Status:           Running                                              
         IP:               10.244.0.233                                         
         IPs:                                                                   
           IP:  10.244.0.233                                                    
         Containers:                                                            
           kube-selector-missing-label:                                         
             Container ID:                                                      
         docker://f06e7131980bb8867d9fb96a46901be771bd9e058cd59976fd420c579c183b
         82                                                                     
             Image:          kube-selector-missing-label-app:latest             
             Image ID:                                                          
         docker://sha256:a4f4c071853b9801e32b73e03b5f54f258797de48ac5c15a7f318d0
         8b7a171f7                                                              
             Port:           8765/TCP                                           
             Host Port:      0/TCP                                              
             State:          Running                                            
               Started:      Mon, 20 Jul 2026 00:48:14 +0000                    
             Ready:          True                                               
             Restart Count:  0                                                  
             Environment:    <none>                                             
             Mounts:                                                            
               /var/run/secrets/kubernetes.io/serviceaccount from               
         kube-api-access-9f2rn (ro)                                             
         Conditions:                                                            
           Type                        Status                                   
           PodReadyToStartContainers   True                                     
           Initialized                 True                                     
           Ready                       True                                     
           ContainersReady             True                                     
           PodScheduled                True                                     
         Volumes:                                                               
           kube-api-access-9f2rn:                                               
             Type:                    Projected (a volume that contains injected
         data from multiple sources)                                            
             TokenExpirationSeconds:  3607                                      
             ConfigMapName:           kube-root-ca.crt                          
             Optional:                false                                     
             DownwardAPI:             true                                      
         QoS Class:                   BestEffort                                
         Node-Selectors:              <none>                                    
         Tolerations:                 node.kubernetes.io/not-ready:NoExecute    
         op=Exists for 300s                                                     
                                      node.kubernetes.io/unreachable:NoExecute  
         op=Exists for 300s                                                     
         Events:                                                                
           Type    Reason     Age   From               Message                  
           ----    ------     ----  ----               -------                  
           Normal  Scheduled  40s   default-scheduler  Successfully assigned    
         default/kube-selector-missing-label to minikube                        
           Normal  Pulled     40s   kubelet                                     
         spec.containers{kube-selector-missing-label}: Container image          
         "kube-selector-missing-label-app:latest" already present on machine    
           Normal  Created    40s   kubelet                                     
         spec.containers{kube-selector-missing-label}: Created container        
         kube-selector-missing-label                                            
           Normal  Started    40s   kubelet                                     
         spec.containers{kube-selector-missing-label}: Started container        
         kube-selector-missing-label                                            
                                                                                
DEBUG    ============== assistant ==============                                
DEBUG    Tool Calls: [                                                          
           {                                                                    
             "id": "call_iI7oVxdBU2JjScgs2zol5p3o",                             
             "function": {                                                      
               "arguments": "{\"command\":\"kubectl get endpoints               
         selector-missing-label-service -o wide\"}",                            
               "name": "run_shell_command"                                      
             },                                                                 
             "type": "function"                                                 
           }                                                                    
         ]                                                                      
DEBUG    **************** METRICS START ****************                        
DEBUG    * Time to generate response:   5.0325s                                 
DEBUG    * Tokens per second:           108.6929 tokens/s                       
DEBUG    * Input tokens:                2572                                    
DEBUG    * Output tokens:               547                                     
DEBUG    * Total tokens:                3119                                    
DEBUG    * Prompt tokens details:       {'audio_tokens': 0, 'cached_tokens':    
         1536}                                                                  
DEBUG    * Completion tokens details:   {'accepted_prediction_tokens': 0,       
         'audio_tokens': 0, 'reasoning_tokens': 512,                            
         'rejected_prediction_tokens': 0}                                       
DEBUG    **************** METRICS END ******************                        
DEBUG    Getting function run_shell_command                                     
DEBUG    Running: run_shell_command(command=kubectl get endpoints               
         selector-missing-label-service -o wide)                                
INFO     Running shell command: kubectl get endpoints                           
         selector-missing-label-service -o wide                                 
DEBUG    Return code: 0                                                         
DEBUG    ---------- OpenAI Response Start ----------                            
DEBUG    ============== developer ==============                                
DEBUG    ## Instructions                                                        
         - You are a verification agent tasked with verifying whether the       
         described Kubernetes issue has been fixed.                             
         - Run diagnostic commands to check the current state of the cluster.   
         - Always verify that the pods are running                              
         - Since this Kubernetes cluster is running on Minikube, use the        
         minikube service command to access services when appropriate.          
         - Do not use live feed flags when checking the logs such as 'kubectl   
         logs -f'                                                               
         - If kubectl logs fails, wait 5-10 seconds and try again up to 3 times 
         - If logs are still unavailable after retries, you can still verify    
         based on pod status and output of specific diagnostic command that will
         be provided to you                                                     
         - Use <|VERIFIED|> if the pod is Running and the kubectl or minikube   
         diagnostic commands indicate success, even if logs are temporarily     
         unavailable)                                                           
         - After completing verification, you must conclude with EXACTLY one of 
         these tokens:                                                          
         - - <|VERIFIED|> if the issue has been completely fixed                
         - - <|FAILED|> if the issue has NOT been fixed                         
         - - <|VERIFICATION_ERROR|> only if you cannot check files or pod status
         at all                                                                 
         - DO NOT create your own tokens. Use ONLY the three tokens listed      
         above.                                                                 
         - Use markdown to format your answers.                                 
                                                                                
         ## Guidelines                                                          
         If pod logs are temporarily unavailable, this is acceptable            
         The PRIMARY verification is: pod is Running and output of kubectl or   
         minikube based diagnostic commands.                                    
         Log verification is secondary - if unavailable, ignore it. You can     
         verify without logs                                                    
         You MUST use one of the three specified tokens: <|VERIFIED|>,          
         <|FAILED|>, or <|VERIFICATION_ERROR|>                                  
DEBUG    ============== user ==============                                     
DEBUG    You are a precise Kubernetes Verification Agent. Your only goal is to  
         determine, with evidence, whether the original problem described below 
         has been fully resolved in the current cluster state.                  
                                                                                
                     ### ORIGINAL PROBLEM TO VERIFY                             
                     The pod is Running, but describing the Service shows no    
         endpoints for the application.                                         
                                                                                
                     ### VERIFICATION RULES (STRICTLY FOLLOW)                   
                     1. **Never assume** the problem is fixed. You must prove it
         with real commands and observed output.                                
                     2. Always start verification using `kubectl` (never guess  
         pod/service names).                                                    
                     3. Use exact resource names extracted from the YAML        
         manifests — do not invent them.                                        
                     4. If a command fails or a resource does not exist, clearly
         state that and do not proceed as if it succeeded.                      
                     5. Only declare the issue resolved if all relevant pods are
         Running/Ready and the configured access path for this scenario is      
         reachable.                                                             
                                                                                
                     ### RELEVANT MANIFESTS (use these to find exact names)     
                      The file                                                  
         /home/minh/KubeLLM/debug_assistant_latest/troubleshooting/incorrect_sel
         ector_missing_label/incorrect_selector_missing_label.yaml  describes a 
         deployment. This is the file contents: apiVersion: v1                  
         kind: Pod                                                              
         metadata:                                                              
           name: kube-selector-missing-label                                    
           labels:                                                              
             tier: frontend                                                     
             app: kube-selector-missing-label                                   
         spec:                                                                  
           containers:                                                          
           - name: kube-selector-missing-label                                  
             image: kube-selector-missing-label-app:latest                      
             imagePullPolicy: Never                                             
             ports:                                                             
             - containerPort: 8765                                              
         . The file                                                             
         /home/minh/KubeLLM/debug_assistant_latest/troubleshooting/incorrect_sel
         ector_missing_label/server.py  describes a application. This is the    
         file contents: from http.server import HTTPServer,                     
         BaseHTTPRequestHandler                                                 
         class Handler(BaseHTTPRequestHandler):                                 
             def do_GET(self):                                                  
                 self.send_response(200)                                        
                 self.end_headers()                                             
                 self.wfile.write(b"ok")                                        
         HTTPServer(("0.0.0.0", 8765), Handler).serve_forever()                 
         . The file                                                             
         /home/minh/KubeLLM/debug_assistant_latest/troubleshooting/incorrect_sel
         ector_missing_label/app_service.yaml  describes a service. This is the 
         file contents: apiVersion: v1                                          
         kind: Service                                                          
         metadata:                                                              
           name: selector-missing-label-service                                 
         spec:                                                                  
           selector:                                                            
             app: kube-selector-missing-label                                   
           ports:                                                               
           - protocol: TCP                                                      
             port: 8000                                                         
             targetPort: 8765                                                   
         .                                                                      
                     ### CURRENT CONTEXT                                        
                     - Working directory:                                       
         /home/minh/KubeLLM/debug_assistant_latest/troubleshooting/incorrect_sel
         ector_missing_label/                                                   
                     - Main configuration file:                                 
         incorrect_selector_missing_label.yaml                                  
                     - Minikube profile: minikube                               
                                                                                
                     ### STEP-BY-STEP VERIFICATION PROCEDURE (follow exactly in 
         order)                                                                 
                     1. Run `kubectl get pods` → confirm all expected pods exist
         and are in Running state with 1/1 (or expected) ready containers.      
                     2. For each expected pod, run `kubectl describe pod        
         <pod-name>` and check Events for errors (CrashLoopBackOff,             
         ImagePullBackOff, OOM, etc.).                                          
                     3. If relevant service YAML exists, run `kubectl get       
         service <service-name>` → confirm expected Service exists and has      
         ClusterIP assigned.                                                    
                     4. Only if a Service manifest exists and the Service is    
         running:                                                               
                        - Run: `minikube -p minikube service <service-name>     
         --url`                                                                 
                        - Take the URL(s) returned and test with `curl -v <url>`
                     5. If Ingress exists, get the ingress address and test the 
         hostname/path with curl.                                               
                                                                                
         ### Tool Usage Rules                                                   
         - Do not attempt many commands in one tool call.                       
         - Never repeat a tool call that has already been executed successfully 
         in this run.                                                           
         - If you need the result of a previous tool call, use the provided     
         output rather than re-invoking it.                                     
         - Keep the tool call as simple as possible to avoid errors.            
         - Never run Minikube lifecycle or configuration commands such as       
         `minikube start`, `minikube stop`, `minikube delete`, `minikube pause`,
         `minikube unpause`, or `minikube config`; the runner owns the active   
         profile. Use `minikube status` only for diagnostics and report an      
         unhealthy profile.                                                     
         - Do not run long-lived or background commands such as `kubectl        
         port-forward`, `Start-Process`, or `kubectl logs -f`; prefer           
         single-shot commands that exit on their own.                           
         - Do not use `kubectl port-forward`, background verification, `kubectl 
         logs -f`, or `kubectl get -w`.                                         
         - For reachability checks, use the access path defined by the scenario:
         if a Service exists, verify via Service/endpoints/service-routed       
         access; if no Service exists, use bounded direct checks such as        
         `kubectl exec` with an in-container one-shot HTTP request.             
         - Prefer one-shot application checks such as `kubectl exec <pod> --    
         python3 -c "import urllib.request;                                     
         print(urllib.request.urlopen('http://127.0.0.1:<port>/').getcode())"`  
         when Python is available in the container.                             
                                                                                
                                                                                
         === CRITICAL: USE EXACT TOKENS ===                                     
         You MUST conclude with EXACTLY one of these three tokens:              
         1. <|VERIFIED|> if the issue has been completely resolved              
         2. <|FAILED|> if the issue has NOT been fixed                          
         3. <|VERIFICATION_ERROR|> if you encountered errors during verification
                                                                                
         DO NOT make up your own tokens like <|FIX_VERIFIED_FAILED|> or anything
         else.                                                                  
         Use ONLY: <|VERIFIED|>, <|FAILED|>, or <|VERIFICATION_ERROR|>          
                                                                                
DEBUG    ============== assistant ==============                                
DEBUG    Tool Calls: [                                                          
           {                                                                    
             "id": "call_HsmDxcnCtCZ3aJsAxXbnBVhw",                             
             "function": {                                                      
               "arguments": "{\"command\":\"kubectl get pods -o wide\"}",       
               "name": "run_shell_command"                                      
             },                                                                 
             "type": "function"                                                 
           }                                                                    
         ]                                                                      
DEBUG    ============== tool ==============                                     
DEBUG    Tool call Id: call_HsmDxcnCtCZ3aJsAxXbnBVhw                            
DEBUG    NAME                          READY   STATUS    RESTARTS   AGE   IP    
         NODE       NOMINATED NODE   READINESS GATES                            
         kube-selector-missing-label   1/1     Running   0          36s         
         10.244.0.233   minikube   <none>           <none>                      
                                                                                
DEBUG    ============== assistant ==============                                
DEBUG    Tool Calls: [                                                          
           {                                                                    
             "id": "call_savvMY6vULTQqsCMAONTMOlb",                             
             "function": {                                                      
               "arguments": "{\"command\":\"kubectl get service                 
         selector-missing-label-service -o wide\"}",                            
               "name": "run_shell_command"                                      
             },                                                                 
             "type": "function"                                                 
           }                                                                    
         ]                                                                      
DEBUG    ============== tool ==============                                     
DEBUG    Tool call Id: call_savvMY6vULTQqsCMAONTMOlb                            
DEBUG    NAME                             TYPE        CLUSTER-IP                
         EXTERNAL-IP   PORT(S)    AGE   SELECTOR                                
         selector-missing-label-service   ClusterIP   10.108.155.233   <none>   
         8000/TCP   40s   app=kube-selector-missing-label                       
                                                                                
DEBUG    ============== assistant ==============                                
DEBUG    Tool Calls: [                                                          
           {                                                                    
             "id": "call_DrZg7dSHWc81fiUrTYEpuHIf",                             
             "function": {                                                      
               "arguments": "{\"command\":\"kubectl describe pod                
         kube-selector-missing-label\"}",                                       
               "name": "run_shell_command"                                      
             },                                                                 
             "type": "function"                                                 
           }                                                                    
         ]                                                                      
DEBUG    ============== tool ==============                                     
DEBUG    Tool call Id: call_DrZg7dSHWc81fiUrTYEpuHIf                            
DEBUG    Service Account:  default                                              
         Node:             minikube/192.168.58.2                                
         Start Time:       Mon, 20 Jul 2026 00:48:13 +0000                      
         Labels:           app=kube-selector-missing-label                      
                           tier=frontend                                        
         Annotations:      <none>                                               
         Status:           Running                                              
         IP:               10.244.0.233                                         
         IPs:                                                                   
           IP:  10.244.0.233                                                    
         Containers:                                                            
           kube-selector-missing-label:                                         
             Container ID:                                                      
         docker://f06e7131980bb8867d9fb96a46901be771bd9e058cd59976fd420c579c183b
         82                                                                     
             Image:          kube-selector-missing-label-app:latest             
             Image ID:                                                          
         docker://sha256:a4f4c071853b9801e32b73e03b5f54f258797de48ac5c15a7f318d0
         8b7a171f7                                                              
             Port:           8765/TCP                                           
             Host Port:      0/TCP                                              
             State:          Running                                            
               Started:      Mon, 20 Jul 2026 00:48:14 +0000                    
             Ready:          True                                               
             Restart Count:  0                                                  
             Environment:    <none>                                             
             Mounts:                                                            
               /var/run/secrets/kubernetes.io/serviceaccount from               
         kube-api-access-9f2rn (ro)                                             
         Conditions:                                                            
           Type                        Status                                   
           PodReadyToStartContainers   True                                     
           Initialized                 True                                     
           Ready                       True                                     
           ContainersReady             True                                     
           PodScheduled                True                                     
         Volumes:                                                               
           kube-api-access-9f2rn:                                               
             Type:                    Projected (a volume that contains injected
         data from multiple sources)                                            
             TokenExpirationSeconds:  3607                                      
             ConfigMapName:           kube-root-ca.crt                          
             Optional:                false                                     
             DownwardAPI:             true                                      
         QoS Class:                   BestEffort                                
         Node-Selectors:              <none>                                    
         Tolerations:                 node.kubernetes.io/not-ready:NoExecute    
         op=Exists for 300s                                                     
                                      node.kubernetes.io/unreachable:NoExecute  
         op=Exists for 300s                                                     
         Events:                                                                
           Type    Reason     Age   From               Message                  
           ----    ------     ----  ----               -------                  
           Normal  Scheduled  40s   default-scheduler  Successfully assigned    
         default/kube-selector-missing-label to minikube                        
           Normal  Pulled     40s   kubelet                                     
         spec.containers{kube-selector-missing-label}: Container image          
         "kube-selector-missing-label-app:latest" already present on machine    
           Normal  Created    40s   kubelet                                     
         spec.containers{kube-selector-missing-label}: Created container        
         kube-selector-missing-label                                            
           Normal  Started    40s   kubelet                                     
         spec.containers{kube-selector-missing-label}: Started container        
         kube-selector-missing-label                                            
                                                                                
DEBUG    ============== assistant ==============                                
DEBUG    Tool Calls: [                                                          
           {                                                                    
             "id": "call_iI7oVxdBU2JjScgs2zol5p3o",                             
             "function": {                                                      
               "arguments": "{\"command\":\"kubectl get endpoints               
         selector-missing-label-service -o wide\"}",                            
               "name": "run_shell_command"                                      
             },                                                                 
             "type": "function"                                                 
           }                                                                    
         ]                                                                      
DEBUG    ============== tool ==============                                     
DEBUG    Tool call Id: call_iI7oVxdBU2JjScgs2zol5p3o                            
DEBUG    NAME                             ENDPOINTS           AGE               
         selector-missing-label-service   10.244.0.233:8765   46s               
                                                                                
DEBUG    ============== assistant ==============                                
DEBUG    Tool Calls: [                                                          
           {                                                                    
             "id": "call_rNWyyAtwqUjPaVw1bbz33DAv",                             
             "function": {                                                      
               "arguments": "{\"command\":\"minikube -p minikube service        
         selector-missing-label-service --url\"}",                              
               "name": "run_shell_command"                                      
             },                                                                 
             "type": "function"                                                 
           }                                                                    
         ]                                                                      
DEBUG    **************** METRICS START ****************                        
DEBUG    * Time to generate response:   3.5013s                                 
DEBUG    * Tokens per second:           139.0903 tokens/s                       
DEBUG    * Input tokens:                2643                                    
DEBUG    * Output tokens:               487                                     
DEBUG    * Total tokens:                3130                                    
DEBUG    * Prompt tokens details:       {'audio_tokens': 0, 'cached_tokens':    
         2432}                                                                  
DEBUG    * Completion tokens details:   {'accepted_prediction_tokens': 0,       
         'audio_tokens': 0, 'reasoning_tokens': 448,                            
         'rejected_prediction_tokens': 0}                                       
DEBUG    **************** METRICS END ******************                        
DEBUG    Getting function run_shell_command                                     
DEBUG    Running: run_shell_command(command=minikube -p minikube service        
         selector-missing-label-service --url)                                  
INFO     Running shell command: minikube -p minikube service                    
         selector-missing-label-service --url                                   
DEBUG    Return code: 0                                                         
DEBUG    ---------- OpenAI Response Start ----------                            
DEBUG    ============== developer ==============                                
DEBUG    ## Instructions                                                        
         - You are a verification agent tasked with verifying whether the       
         described Kubernetes issue has been fixed.                             
         - Run diagnostic commands to check the current state of the cluster.   
         - Always verify that the pods are running                              
         - Since this Kubernetes cluster is running on Minikube, use the        
         minikube service command to access services when appropriate.          
         - Do not use live feed flags when checking the logs such as 'kubectl   
         logs -f'                                                               
         - If kubectl logs fails, wait 5-10 seconds and try again up to 3 times 
         - If logs are still unavailable after retries, you can still verify    
         based on pod status and output of specific diagnostic command that will
         be provided to you                                                     
         - Use <|VERIFIED|> if the pod is Running and the kubectl or minikube   
         diagnostic commands indicate success, even if logs are temporarily     
         unavailable)                                                           
         - After completing verification, you must conclude with EXACTLY one of 
         these tokens:                                                          
         - - <|VERIFIED|> if the issue has been completely fixed                
         - - <|FAILED|> if the issue has NOT been fixed                         
         - - <|VERIFICATION_ERROR|> only if you cannot check files or pod status
         at all                                                                 
         - DO NOT create your own tokens. Use ONLY the three tokens listed      
         above.                                                                 
         - Use markdown to format your answers.                                 
                                                                                
         ## Guidelines                                                          
         If pod logs are temporarily unavailable, this is acceptable            
         The PRIMARY verification is: pod is Running and output of kubectl or   
         minikube based diagnostic commands.                                    
         Log verification is secondary - if unavailable, ignore it. You can     
         verify without logs                                                    
         You MUST use one of the three specified tokens: <|VERIFIED|>,          
         <|FAILED|>, or <|VERIFICATION_ERROR|>                                  
DEBUG    ============== user ==============                                     
DEBUG    You are a precise Kubernetes Verification Agent. Your only goal is to  
         determine, with evidence, whether the original problem described below 
         has been fully resolved in the current cluster state.                  
                                                                                
                     ### ORIGINAL PROBLEM TO VERIFY                             
                     The pod is Running, but describing the Service shows no    
         endpoints for the application.                                         
                                                                                
                     ### VERIFICATION RULES (STRICTLY FOLLOW)                   
                     1. **Never assume** the problem is fixed. You must prove it
         with real commands and observed output.                                
                     2. Always start verification using `kubectl` (never guess  
         pod/service names).                                                    
                     3. Use exact resource names extracted from the YAML        
         manifests — do not invent them.                                        
                     4. If a command fails or a resource does not exist, clearly
         state that and do not proceed as if it succeeded.                      
                     5. Only declare the issue resolved if all relevant pods are
         Running/Ready and the configured access path for this scenario is      
         reachable.                                                             
                                                                                
                     ### RELEVANT MANIFESTS (use these to find exact names)     
                      The file                                                  
         /home/minh/KubeLLM/debug_assistant_latest/troubleshooting/incorrect_sel
         ector_missing_label/incorrect_selector_missing_label.yaml  describes a 
         deployment. This is the file contents: apiVersion: v1                  
         kind: Pod                                                              
         metadata:                                                              
           name: kube-selector-missing-label                                    
           labels:                                                              
             tier: frontend                                                     
             app: kube-selector-missing-label                                   
         spec:                                                                  
           containers:                                                          
           - name: kube-selector-missing-label                                  
             image: kube-selector-missing-label-app:latest                      
             imagePullPolicy: Never                                             
             ports:                                                             
             - containerPort: 8765                                              
         . The file                                                             
         /home/minh/KubeLLM/debug_assistant_latest/troubleshooting/incorrect_sel
         ector_missing_label/server.py  describes a application. This is the    
         file contents: from http.server import HTTPServer,                     
         BaseHTTPRequestHandler                                                 
         class Handler(BaseHTTPRequestHandler):                                 
             def do_GET(self):                                                  
                 self.send_response(200)                                        
                 self.end_headers()                                             
                 self.wfile.write(b"ok")                                        
         HTTPServer(("0.0.0.0", 8765), Handler).serve_forever()                 
         . The file                                                             
         /home/minh/KubeLLM/debug_assistant_latest/troubleshooting/incorrect_sel
         ector_missing_label/app_service.yaml  describes a service. This is the 
         file contents: apiVersion: v1                                          
         kind: Service                                                          
         metadata:                                                              
           name: selector-missing-label-service                                 
         spec:                                                                  
           selector:                                                            
             app: kube-selector-missing-label                                   
           ports:                                                               
           - protocol: TCP                                                      
             port: 8000                                                         
             targetPort: 8765                                                   
         .                                                                      
                     ### CURRENT CONTEXT                                        
                     - Working directory:                                       
         /home/minh/KubeLLM/debug_assistant_latest/troubleshooting/incorrect_sel
         ector_missing_label/                                                   
                     - Main configuration file:                                 
         incorrect_selector_missing_label.yaml                                  
                     - Minikube profile: minikube                               
                                                                                
                     ### STEP-BY-STEP VERIFICATION PROCEDURE (follow exactly in 
         order)                                                                 
                     1. Run `kubectl get pods` → confirm all expected pods exist
         and are in Running state with 1/1 (or expected) ready containers.      
                     2. For each expected pod, run `kubectl describe pod        
         <pod-name>` and check Events for errors (CrashLoopBackOff,             
         ImagePullBackOff, OOM, etc.).                                          
                     3. If relevant service YAML exists, run `kubectl get       
         service <service-name>` → confirm expected Service exists and has      
         ClusterIP assigned.                                                    
                     4. Only if a Service manifest exists and the Service is    
         running:                                                               
                        - Run: `minikube -p minikube service <service-name>     
         --url`                                                                 
                        - Take the URL(s) returned and test with `curl -v <url>`
                     5. If Ingress exists, get the ingress address and test the 
         hostname/path with curl.                                               
                                                                                
         ### Tool Usage Rules                                                   
         - Do not attempt many commands in one tool call.                       
         - Never repeat a tool call that has already been executed successfully 
         in this run.                                                           
         - If you need the result of a previous tool call, use the provided     
         output rather than re-invoking it.                                     
         - Keep the tool call as simple as possible to avoid errors.            
         - Never run Minikube lifecycle or configuration commands such as       
         `minikube start`, `minikube stop`, `minikube delete`, `minikube pause`,
         `minikube unpause`, or `minikube config`; the runner owns the active   
         profile. Use `minikube status` only for diagnostics and report an      
         unhealthy profile.                                                     
         - Do not run long-lived or background commands such as `kubectl        
         port-forward`, `Start-Process`, or `kubectl logs -f`; prefer           
         single-shot commands that exit on their own.                           
         - Do not use `kubectl port-forward`, background verification, `kubectl 
         logs -f`, or `kubectl get -w`.                                         
         - For reachability checks, use the access path defined by the scenario:
         if a Service exists, verify via Service/endpoints/service-routed       
         access; if no Service exists, use bounded direct checks such as        
         `kubectl exec` with an in-container one-shot HTTP request.             
         - Prefer one-shot application checks such as `kubectl exec <pod> --    
         python3 -c "import urllib.request;                                     
         print(urllib.request.urlopen('http://127.0.0.1:<port>/').getcode())"`  
         when Python is available in the container.                             
                                                                                
                                                                                
         === CRITICAL: USE EXACT TOKENS ===                                     
         You MUST conclude with EXACTLY one of these three tokens:              
         1. <|VERIFIED|> if the issue has been completely resolved              
         2. <|FAILED|> if the issue has NOT been fixed                          
         3. <|VERIFICATION_ERROR|> if you encountered errors during verification
                                                                                
         DO NOT make up your own tokens like <|FIX_VERIFIED_FAILED|> or anything
         else.                                                                  
         Use ONLY: <|VERIFIED|>, <|FAILED|>, or <|VERIFICATION_ERROR|>          
                                                                                
DEBUG    ============== assistant ==============                                
DEBUG    Tool Calls: [                                                          
           {                                                                    
             "id": "call_HsmDxcnCtCZ3aJsAxXbnBVhw",                             
             "function": {                                                      
               "arguments": "{\"command\":\"kubectl get pods -o wide\"}",       
               "name": "run_shell_command"                                      
             },                                                                 
             "type": "function"                                                 
           }                                                                    
         ]                                                                      
DEBUG    ============== tool ==============                                     
DEBUG    Tool call Id: call_HsmDxcnCtCZ3aJsAxXbnBVhw                            
DEBUG    NAME                          READY   STATUS    RESTARTS   AGE   IP    
         NODE       NOMINATED NODE   READINESS GATES                            
         kube-selector-missing-label   1/1     Running   0          36s         
         10.244.0.233   minikube   <none>           <none>                      
                                                                                
DEBUG    ============== assistant ==============                                
DEBUG    Tool Calls: [                                                          
           {                                                                    
             "id": "call_savvMY6vULTQqsCMAONTMOlb",                             
             "function": {                                                      
               "arguments": "{\"command\":\"kubectl get service                 
         selector-missing-label-service -o wide\"}",                            
               "name": "run_shell_command"                                      
             },                                                                 
             "type": "function"                                                 
           }                                                                    
         ]                                                                      
DEBUG    ============== tool ==============                                     
DEBUG    Tool call Id: call_savvMY6vULTQqsCMAONTMOlb                            
DEBUG    NAME                             TYPE        CLUSTER-IP                
         EXTERNAL-IP   PORT(S)    AGE   SELECTOR                                
         selector-missing-label-service   ClusterIP   10.108.155.233   <none>   
         8000/TCP   40s   app=kube-selector-missing-label                       
                                                                                
DEBUG    ============== assistant ==============                                
DEBUG    Tool Calls: [                                                          
           {                                                                    
             "id": "call_DrZg7dSHWc81fiUrTYEpuHIf",                             
             "function": {                                                      
               "arguments": "{\"command\":\"kubectl describe pod                
         kube-selector-missing-label\"}",                                       
               "name": "run_shell_command"                                      
             },                                                                 
             "type": "function"                                                 
           }                                                                    
         ]                                                                      
DEBUG    ============== tool ==============                                     
DEBUG    Tool call Id: call_DrZg7dSHWc81fiUrTYEpuHIf                            
DEBUG    Service Account:  default                                              
         Node:             minikube/192.168.58.2                                
         Start Time:       Mon, 20 Jul 2026 00:48:13 +0000                      
         Labels:           app=kube-selector-missing-label                      
                           tier=frontend                                        
         Annotations:      <none>                                               
         Status:           Running                                              
         IP:               10.244.0.233                                         
         IPs:                                                                   
           IP:  10.244.0.233                                                    
         Containers:                                                            
           kube-selector-missing-label:                                         
             Container ID:                                                      
         docker://f06e7131980bb8867d9fb96a46901be771bd9e058cd59976fd420c579c183b
         82                                                                     
             Image:          kube-selector-missing-label-app:latest             
             Image ID:                                                          
         docker://sha256:a4f4c071853b9801e32b73e03b5f54f258797de48ac5c15a7f318d0
         8b7a171f7                                                              
             Port:           8765/TCP                                           
             Host Port:      0/TCP                                              
             State:          Running                                            
               Started:      Mon, 20 Jul 2026 00:48:14 +0000                    
             Ready:          True                                               
             Restart Count:  0                                                  
             Environment:    <none>                                             
             Mounts:                                                            
               /var/run/secrets/kubernetes.io/serviceaccount from               
         kube-api-access-9f2rn (ro)                                             
         Conditions:                                                            
           Type                        Status                                   
           PodReadyToStartContainers   True                                     
           Initialized                 True                                     
           Ready                       True                                     
           ContainersReady             True                                     
           PodScheduled                True                                     
         Volumes:                                                               
           kube-api-access-9f2rn:                                               
             Type:                    Projected (a volume that contains injected
         data from multiple sources)                                            
             TokenExpirationSeconds:  3607                                      
             ConfigMapName:           kube-root-ca.crt                          
             Optional:                false                                     
             DownwardAPI:             true                                      
         QoS Class:                   BestEffort                                
         Node-Selectors:              <none>                                    
         Tolerations:                 node.kubernetes.io/not-ready:NoExecute    
         op=Exists for 300s                                                     
                                      node.kubernetes.io/unreachable:NoExecute  
         op=Exists for 300s                                                     
         Events:                                                                
           Type    Reason     Age   From               Message                  
           ----    ------     ----  ----               -------                  
           Normal  Scheduled  40s   default-scheduler  Successfully assigned    
         default/kube-selector-missing-label to minikube                        
           Normal  Pulled     40s   kubelet                                     
         spec.containers{kube-selector-missing-label}: Container image          
         "kube-selector-missing-label-app:latest" already present on machine    
           Normal  Created    40s   kubelet                                     
         spec.containers{kube-selector-missing-label}: Created container        
         kube-selector-missing-label                                            
           Normal  Started    40s   kubelet                                     
         spec.containers{kube-selector-missing-label}: Started container        
         kube-selector-missing-label                                            
                                                                                
DEBUG    ============== assistant ==============                                
DEBUG    Tool Calls: [                                                          
           {                                                                    
             "id": "call_iI7oVxdBU2JjScgs2zol5p3o",                             
             "function": {                                                      
               "arguments": "{\"command\":\"kubectl get endpoints               
         selector-missing-label-service -o wide\"}",                            
               "name": "run_shell_command"                                      
             },                                                                 
             "type": "function"                                                 
           }                                                                    
         ]                                                                      
DEBUG    ============== tool ==============                                     
DEBUG    Tool call Id: call_iI7oVxdBU2JjScgs2zol5p3o                            
DEBUG    NAME                             ENDPOINTS           AGE               
         selector-missing-label-service   10.244.0.233:8765   46s               
                                                                                
DEBUG    ============== assistant ==============                                
DEBUG    Tool Calls: [                                                          
           {                                                                    
             "id": "call_rNWyyAtwqUjPaVw1bbz33DAv",                             
             "function": {                                                      
               "arguments": "{\"command\":\"minikube -p minikube service        
         selector-missing-label-service --url\"}",                              
               "name": "run_shell_command"                                      
             },                                                                 
             "type": "function"                                                 
           }                                                                    
         ]                                                                      
DEBUG    ============== tool ==============                                     
DEBUG    Tool call Id: call_rNWyyAtwqUjPaVw1bbz33DAv                            
DEBUG    * service default/selector-missing-label-service has no node port      
                                                                                
DEBUG    ============== assistant ==============                                
DEBUG    Tool Calls: [                                                          
           {                                                                    
             "id": "call_Qk9HSd07tpfZgT2qAcm40bea",                             
             "function": {                                                      
               "arguments": "{\"command\":\"kubectl describe service            
         selector-missing-label-service\"}",                                    
               "name": "run_shell_command"                                      
             },                                                                 
             "type": "function"                                                 
           }                                                                    
         ]                                                                      
DEBUG    **************** METRICS START ****************                        
DEBUG    * Time to generate response:   0.9400s                                 
DEBUG    * Tokens per second:           27.6590 tokens/s                        
DEBUG    * Input tokens:                2702                                    
DEBUG    * Output tokens:               26                                      
DEBUG    * Total tokens:                2728                                    
DEBUG    * Prompt tokens details:       {'audio_tokens': 0, 'cached_tokens':    
         1792}                                                                  
DEBUG    * Completion tokens details:   {'accepted_prediction_tokens': 0,       
         'audio_tokens': 0, 'reasoning_tokens': 0, 'rejected_prediction_tokens':
         0}                                                                     
DEBUG    **************** METRICS END ******************                        
DEBUG    Getting function run_shell_command                                     
DEBUG    Running: run_shell_command(command=kubectl describe service            
         selector-missing-label-service)                                        
INFO     Running shell command: kubectl describe service                        
         selector-missing-label-service                                         
DEBUG    Return code: 0                                                         
DEBUG    ---------- OpenAI Response Start ----------                            
DEBUG    ============== developer ==============                                
DEBUG    ## Instructions                                                        
         - You are a verification agent tasked with verifying whether the       
         described Kubernetes issue has been fixed.                             
         - Run diagnostic commands to check the current state of the cluster.   
         - Always verify that the pods are running                              
         - Since this Kubernetes cluster is running on Minikube, use the        
         minikube service command to access services when appropriate.          
         - Do not use live feed flags when checking the logs such as 'kubectl   
         logs -f'                                                               
         - If kubectl logs fails, wait 5-10 seconds and try again up to 3 times 
         - If logs are still unavailable after retries, you can still verify    
         based on pod status and output of specific diagnostic command that will
         be provided to you                                                     
         - Use <|VERIFIED|> if the pod is Running and the kubectl or minikube   
         diagnostic commands indicate success, even if logs are temporarily     
         unavailable)                                                           
         - After completing verification, you must conclude with EXACTLY one of 
         these tokens:                                                          
         - - <|VERIFIED|> if the issue has been completely fixed                
         - - <|FAILED|> if the issue has NOT been fixed                         
         - - <|VERIFICATION_ERROR|> only if you cannot check files or pod status
         at all                                                                 
         - DO NOT create your own tokens. Use ONLY the three tokens listed      
         above.                                                                 
         - Use markdown to format your answers.                                 
                                                                                
         ## Guidelines                                                          
         If pod logs are temporarily unavailable, this is acceptable            
         The PRIMARY verification is: pod is Running and output of kubectl or   
         minikube based diagnostic commands.                                    
         Log verification is secondary - if unavailable, ignore it. You can     
         verify without logs                                                    
         You MUST use one of the three specified tokens: <|VERIFIED|>,          
         <|FAILED|>, or <|VERIFICATION_ERROR|>                                  
DEBUG    ============== user ==============                                     
DEBUG    You are a precise Kubernetes Verification Agent. Your only goal is to  
         determine, with evidence, whether the original problem described below 
         has been fully resolved in the current cluster state.                  
                                                                                
                     ### ORIGINAL PROBLEM TO VERIFY                             
                     The pod is Running, but describing the Service shows no    
         endpoints for the application.                                         
                                                                                
                     ### VERIFICATION RULES (STRICTLY FOLLOW)                   
                     1. **Never assume** the problem is fixed. You must prove it
         with real commands and observed output.                                
                     2. Always start verification using `kubectl` (never guess  
         pod/service names).                                                    
                     3. Use exact resource names extracted from the YAML        
         manifests — do not invent them.                                        
                     4. If a command fails or a resource does not exist, clearly
         state that and do not proceed as if it succeeded.                      
                     5. Only declare the issue resolved if all relevant pods are
         Running/Ready and the configured access path for this scenario is      
         reachable.                                                             
                                                                                
                     ### RELEVANT MANIFESTS (use these to find exact names)     
                      The file                                                  
         /home/minh/KubeLLM/debug_assistant_latest/troubleshooting/incorrect_sel
         ector_missing_label/incorrect_selector_missing_label.yaml  describes a 
         deployment. This is the file contents: apiVersion: v1                  
         kind: Pod                                                              
         metadata:                                                              
           name: kube-selector-missing-label                                    
           labels:                                                              
             tier: frontend                                                     
             app: kube-selector-missing-label                                   
         spec:                                                                  
           containers:                                                          
           - name: kube-selector-missing-label                                  
             image: kube-selector-missing-label-app:latest                      
             imagePullPolicy: Never                                             
             ports:                                                             
             - containerPort: 8765                                              
         . The file                                                             
         /home/minh/KubeLLM/debug_assistant_latest/troubleshooting/incorrect_sel
         ector_missing_label/server.py  describes a application. This is the    
         file contents: from http.server import HTTPServer,                     
         BaseHTTPRequestHandler                                                 
         class Handler(BaseHTTPRequestHandler):                                 
             def do_GET(self):                                                  
                 self.send_response(200)                                        
                 self.end_headers()                                             
                 self.wfile.write(b"ok")                                        
         HTTPServer(("0.0.0.0", 8765), Handler).serve_forever()                 
         . The file                                                             
         /home/minh/KubeLLM/debug_assistant_latest/troubleshooting/incorrect_sel
         ector_missing_label/app_service.yaml  describes a service. This is the 
         file contents: apiVersion: v1                                          
         kind: Service                                                          
         metadata:                                                              
           name: selector-missing-label-service                                 
         spec:                                                                  
           selector:                                                            
             app: kube-selector-missing-label                                   
           ports:                                                               
           - protocol: TCP                                                      
             port: 8000                                                         
             targetPort: 8765                                                   
         .                                                                      
                     ### CURRENT CONTEXT                                        
                     - Working directory:                                       
         /home/minh/KubeLLM/debug_assistant_latest/troubleshooting/incorrect_sel
         ector_missing_label/                                                   
                     - Main configuration file:                                 
         incorrect_selector_missing_label.yaml                                  
                     - Minikube profile: minikube                               
                                                                                
                     ### STEP-BY-STEP VERIFICATION PROCEDURE (follow exactly in 
         order)                                                                 
                     1. Run `kubectl get pods` → confirm all expected pods exist
         and are in Running state with 1/1 (or expected) ready containers.      
                     2. For each expected pod, run `kubectl describe pod        
         <pod-name>` and check Events for errors (CrashLoopBackOff,             
         ImagePullBackOff, OOM, etc.).                                          
                     3. If relevant service YAML exists, run `kubectl get       
         service <service-name>` → confirm expected Service exists and has      
         ClusterIP assigned.                                                    
                     4. Only if a Service manifest exists and the Service is    
         running:                                                               
                        - Run: `minikube -p minikube service <service-name>     
         --url`                                                                 
                        - Take the URL(s) returned and test with `curl -v <url>`
                     5. If Ingress exists, get the ingress address and test the 
         hostname/path with curl.                                               
                                                                                
         ### Tool Usage Rules                                                   
         - Do not attempt many commands in one tool call.                       
         - Never repeat a tool call that has already been executed successfully 
         in this run.                                                           
         - If you need the result of a previous tool call, use the provided     
         output rather than re-invoking it.                                     
         - Keep the tool call as simple as possible to avoid errors.            
         - Never run Minikube lifecycle or configuration commands such as       
         `minikube start`, `minikube stop`, `minikube delete`, `minikube pause`,
         `minikube unpause`, or `minikube config`; the runner owns the active   
         profile. Use `minikube status` only for diagnostics and report an      
         unhealthy profile.                                                     
         - Do not run long-lived or background commands such as `kubectl        
         port-forward`, `Start-Process`, or `kubectl logs -f`; prefer           
         single-shot commands that exit on their own.                           
         - Do not use `kubectl port-forward`, background verification, `kubectl 
         logs -f`, or `kubectl get -w`.                                         
         - For reachability checks, use the access path defined by the scenario:
         if a Service exists, verify via Service/endpoints/service-routed       
         access; if no Service exists, use bounded direct checks such as        
         `kubectl exec` with an in-container one-shot HTTP request.             
         - Prefer one-shot application checks such as `kubectl exec <pod> --    
         python3 -c "import urllib.request;                                     
         print(urllib.request.urlopen('http://127.0.0.1:<port>/').getcode())"`  
         when Python is available in the container.                             
                                                                                
                                                                                
         === CRITICAL: USE EXACT TOKENS ===                                     
         You MUST conclude with EXACTLY one of these three tokens:              
         1. <|VERIFIED|> if the issue has been completely resolved              
         2. <|FAILED|> if the issue has NOT been fixed                          
         3. <|VERIFICATION_ERROR|> if you encountered errors during verification
                                                                                
         DO NOT make up your own tokens like <|FIX_VERIFIED_FAILED|> or anything
         else.                                                                  
         Use ONLY: <|VERIFIED|>, <|FAILED|>, or <|VERIFICATION_ERROR|>          
                                                                                
DEBUG    ============== assistant ==============                                
DEBUG    Tool Calls: [                                                          
           {                                                                    
             "id": "call_HsmDxcnCtCZ3aJsAxXbnBVhw",                             
             "function": {                                                      
               "arguments": "{\"command\":\"kubectl get pods -o wide\"}",       
               "name": "run_shell_command"                                      
             },                                                                 
             "type": "function"                                                 
           }                                                                    
         ]                                                                      
DEBUG    ============== tool ==============                                     
DEBUG    Tool call Id: call_HsmDxcnCtCZ3aJsAxXbnBVhw                            
DEBUG    NAME                          READY   STATUS    RESTARTS   AGE   IP    
         NODE       NOMINATED NODE   READINESS GATES                            
         kube-selector-missing-label   1/1     Running   0          36s         
         10.244.0.233   minikube   <none>           <none>                      
                                                                                
DEBUG    ============== assistant ==============                                
DEBUG    Tool Calls: [                                                          
           {                                                                    
             "id": "call_savvMY6vULTQqsCMAONTMOlb",                             
             "function": {                                                      
               "arguments": "{\"command\":\"kubectl get service                 
         selector-missing-label-service -o wide\"}",                            
               "name": "run_shell_command"                                      
             },                                                                 
             "type": "function"                                                 
           }                                                                    
         ]                                                                      
DEBUG    ============== tool ==============                                     
DEBUG    Tool call Id: call_savvMY6vULTQqsCMAONTMOlb                            
DEBUG    NAME                             TYPE        CLUSTER-IP                
         EXTERNAL-IP   PORT(S)    AGE   SELECTOR                                
         selector-missing-label-service   ClusterIP   10.108.155.233   <none>   
         8000/TCP   40s   app=kube-selector-missing-label                       
                                                                                
DEBUG    ============== assistant ==============                                
DEBUG    Tool Calls: [                                                          
           {                                                                    
             "id": "call_DrZg7dSHWc81fiUrTYEpuHIf",                             
             "function": {                                                      
               "arguments": "{\"command\":\"kubectl describe pod                
         kube-selector-missing-label\"}",                                       
               "name": "run_shell_command"                                      
             },                                                                 
             "type": "function"                                                 
           }                                                                    
         ]                                                                      
DEBUG    ============== tool ==============                                     
DEBUG    Tool call Id: call_DrZg7dSHWc81fiUrTYEpuHIf                            
DEBUG    Service Account:  default                                              
         Node:             minikube/192.168.58.2                                
         Start Time:       Mon, 20 Jul 2026 00:48:13 +0000                      
         Labels:           app=kube-selector-missing-label                      
                           tier=frontend                                        
         Annotations:      <none>                                               
         Status:           Running                                              
         IP:               10.244.0.233                                         
         IPs:                                                                   
           IP:  10.244.0.233                                                    
         Containers:                                                            
           kube-selector-missing-label:                                         
             Container ID:                                                      
         docker://f06e7131980bb8867d9fb96a46901be771bd9e058cd59976fd420c579c183b
         82                                                                     
             Image:          kube-selector-missing-label-app:latest             
             Image ID:                                                          
         docker://sha256:a4f4c071853b9801e32b73e03b5f54f258797de48ac5c15a7f318d0
         8b7a171f7                                                              
             Port:           8765/TCP                                           
             Host Port:      0/TCP                                              
             State:          Running                                            
               Started:      Mon, 20 Jul 2026 00:48:14 +0000                    
             Ready:          True                                               
             Restart Count:  0                                                  
             Environment:    <none>                                             
             Mounts:                                                            
               /var/run/secrets/kubernetes.io/serviceaccount from               
         kube-api-access-9f2rn (ro)                                             
         Conditions:                                                            
           Type                        Status                                   
           PodReadyToStartContainers   True                                     
           Initialized                 True                                     
           Ready                       True                                     
           ContainersReady             True                                     
           PodScheduled                True                                     
         Volumes:                                                               
           kube-api-access-9f2rn:                                               
             Type:                    Projected (a volume that contains injected
         data from multiple sources)                                            
             TokenExpirationSeconds:  3607                                      
             ConfigMapName:           kube-root-ca.crt                          
             Optional:                false                                     
             DownwardAPI:             true                                      
         QoS Class:                   BestEffort                                
         Node-Selectors:              <none>                                    
         Tolerations:                 node.kubernetes.io/not-ready:NoExecute    
         op=Exists for 300s                                                     
                                      node.kubernetes.io/unreachable:NoExecute  
         op=Exists for 300s                                                     
         Events:                                                                
           Type    Reason     Age   From               Message                  
           ----    ------     ----  ----               -------                  
           Normal  Scheduled  40s   default-scheduler  Successfully assigned    
         default/kube-selector-missing-label to minikube                        
           Normal  Pulled     40s   kubelet                                     
         spec.containers{kube-selector-missing-label}: Container image          
         "kube-selector-missing-label-app:latest" already present on machine    
           Normal  Created    40s   kubelet                                     
         spec.containers{kube-selector-missing-label}: Created container        
         kube-selector-missing-label                                            
           Normal  Started    40s   kubelet                                     
         spec.containers{kube-selector-missing-label}: Started container        
         kube-selector-missing-label                                            
                                                                                
DEBUG    ============== assistant ==============                                
DEBUG    Tool Calls: [                                                          
           {                                                                    
             "id": "call_iI7oVxdBU2JjScgs2zol5p3o",                             
             "function": {                                                      
               "arguments": "{\"command\":\"kubectl get endpoints               
         selector-missing-label-service -o wide\"}",                            
               "name": "run_shell_command"                                      
             },                                                                 
             "type": "function"                                                 
           }                                                                    
         ]                                                                      
DEBUG    ============== tool ==============                                     
DEBUG    Tool call Id: call_iI7oVxdBU2JjScgs2zol5p3o                            
DEBUG    NAME                             ENDPOINTS           AGE               
         selector-missing-label-service   10.244.0.233:8765   46s               
                                                                                
DEBUG    ============== assistant ==============                                
DEBUG    Tool Calls: [                                                          
           {                                                                    
             "id": "call_rNWyyAtwqUjPaVw1bbz33DAv",                             
             "function": {                                                      
               "arguments": "{\"command\":\"minikube -p minikube service        
         selector-missing-label-service --url\"}",                              
               "name": "run_shell_command"                                      
             },                                                                 
             "type": "function"                                                 
           }                                                                    
         ]                                                                      
DEBUG    ============== tool ==============                                     
DEBUG    Tool call Id: call_rNWyyAtwqUjPaVw1bbz33DAv                            
DEBUG    * service default/selector-missing-label-service has no node port      
                                                                                
DEBUG    ============== assistant ==============                                
DEBUG    Tool Calls: [                                                          
           {                                                                    
             "id": "call_Qk9HSd07tpfZgT2qAcm40bea",                             
             "function": {                                                      
               "arguments": "{\"command\":\"kubectl describe service            
         selector-missing-label-service\"}",                                    
               "name": "run_shell_command"                                      
             },                                                                 
             "type": "function"                                                 
           }                                                                    
         ]                                                                      
DEBUG    ============== tool ==============                                     
DEBUG    Tool call Id: call_Qk9HSd07tpfZgT2qAcm40bea                            
DEBUG    Name:                     selector-missing-label-service               
         Namespace:                default                                      
         Labels:                   <none>                                       
         Annotations:              <none>                                       
         Selector:                 app=kube-selector-missing-label              
         Type:                     ClusterIP                                    
         IP Family Policy:         SingleStack                                  
         IP Families:              IPv4                                         
         IP:                       10.108.155.233                               
         IPs:                      10.108.155.233                               
         Port:                     <unset>  8000/TCP                            
         TargetPort:               8765/TCP                                     
         Endpoints:                10.244.0.233:8765                            
         Session Affinity:         None                                         
         Internal Traffic Policy:  Cluster                                      
         Events:                   <none>                                       
                                                                                
DEBUG    ============== assistant ==============                                
DEBUG    Tool Calls: [                                                          
           {                                                                    
             "id": "call_YCEx2ArxQ9383PqGyL9IP3Fk",                             
             "function": {                                                      
               "arguments": "{\"command\":\"kubectl exec                        
         kube-selector-missing-label -- curl -sS http://127.0.0.1:8765\"}",     
               "name": "run_shell_command"                                      
             },                                                                 
             "type": "function"                                                 
           }                                                                    
         ]                                                                      
DEBUG    **************** METRICS START ****************                        
DEBUG    * Time to generate response:   7.2878s                                 
DEBUG    * Tokens per second:           182.2231 tokens/s                       
DEBUG    * Input tokens:                2880                                    
DEBUG    * Output tokens:               1328                                    
DEBUG    * Total tokens:                4208                                    
DEBUG    * Prompt tokens details:       {'audio_tokens': 0, 'cached_tokens': 0} 
DEBUG    * Completion tokens details:   {'accepted_prediction_tokens': 0,       
         'audio_tokens': 0, 'reasoning_tokens': 1280,                           
         'rejected_prediction_tokens': 0}                                       
DEBUG    **************** METRICS END ******************                        
DEBUG    Getting function run_shell_command                                     
DEBUG    Running: run_shell_command(command=kubectl exec                        
         kube-selector-missing-label -- curl -sS http://127.0.0.1:8765)         
INFO     Running shell command: kubectl exec kube-selector-missing-label -- curl
         -sS http://127.0.0.1:8765                                              
DEBUG    Return code: 126                                                       
DEBUG    ---------- OpenAI Response Start ----------                            
DEBUG    ============== developer ==============                                
DEBUG    ## Instructions                                                        
         - You are a verification agent tasked with verifying whether the       
         described Kubernetes issue has been fixed.                             
         - Run diagnostic commands to check the current state of the cluster.   
         - Always verify that the pods are running                              
         - Since this Kubernetes cluster is running on Minikube, use the        
         minikube service command to access services when appropriate.          
         - Do not use live feed flags when checking the logs such as 'kubectl   
         logs -f'                                                               
         - If kubectl logs fails, wait 5-10 seconds and try again up to 3 times 
         - If logs are still unavailable after retries, you can still verify    
         based on pod status and output of specific diagnostic command that will
         be provided to you                                                     
         - Use <|VERIFIED|> if the pod is Running and the kubectl or minikube   
         diagnostic commands indicate success, even if logs are temporarily     
         unavailable)                                                           
         - After completing verification, you must conclude with EXACTLY one of 
         these tokens:                                                          
         - - <|VERIFIED|> if the issue has been completely fixed                
         - - <|FAILED|> if the issue has NOT been fixed                         
         - - <|VERIFICATION_ERROR|> only if you cannot check files or pod status
         at all                                                                 
         - DO NOT create your own tokens. Use ONLY the three tokens listed      
         above.                                                                 
         - Use markdown to format your answers.                                 
                                                                                
         ## Guidelines                                                          
         If pod logs are temporarily unavailable, this is acceptable            
         The PRIMARY verification is: pod is Running and output of kubectl or   
         minikube based diagnostic commands.                                    
         Log verification is secondary - if unavailable, ignore it. You can     
         verify without logs                                                    
         You MUST use one of the three specified tokens: <|VERIFIED|>,          
         <|FAILED|>, or <|VERIFICATION_ERROR|>                                  
DEBUG    ============== user ==============                                     
DEBUG    You are a precise Kubernetes Verification Agent. Your only goal is to  
         determine, with evidence, whether the original problem described below 
         has been fully resolved in the current cluster state.                  
                                                                                
                     ### ORIGINAL PROBLEM TO VERIFY                             
                     The pod is Running, but describing the Service shows no    
         endpoints for the application.                                         
                                                                                
                     ### VERIFICATION RULES (STRICTLY FOLLOW)                   
                     1. **Never assume** the problem is fixed. You must prove it
         with real commands and observed output.                                
                     2. Always start verification using `kubectl` (never guess  
         pod/service names).                                                    
                     3. Use exact resource names extracted from the YAML        
         manifests — do not invent them.                                        
                     4. If a command fails or a resource does not exist, clearly
         state that and do not proceed as if it succeeded.                      
                     5. Only declare the issue resolved if all relevant pods are
         Running/Ready and the configured access path for this scenario is      
         reachable.                                                             
                                                                                
                     ### RELEVANT MANIFESTS (use these to find exact names)     
                      The file                                                  
         /home/minh/KubeLLM/debug_assistant_latest/troubleshooting/incorrect_sel
         ector_missing_label/incorrect_selector_missing_label.yaml  describes a 
         deployment. This is the file contents: apiVersion: v1                  
         kind: Pod                                                              
         metadata:                                                              
           name: kube-selector-missing-label                                    
           labels:                                                              
             tier: frontend                                                     
             app: kube-selector-missing-label                                   
         spec:                                                                  
           containers:                                                          
           - name: kube-selector-missing-label                                  
             image: kube-selector-missing-label-app:latest                      
             imagePullPolicy: Never                                             
             ports:                                                             
             - containerPort: 8765                                              
         . The file                                                             
         /home/minh/KubeLLM/debug_assistant_latest/troubleshooting/incorrect_sel
         ector_missing_label/server.py  describes a application. This is the    
         file contents: from http.server import HTTPServer,                     
         BaseHTTPRequestHandler                                                 
         class Handler(BaseHTTPRequestHandler):                                 
             def do_GET(self):                                                  
                 self.send_response(200)                                        
                 self.end_headers()                                             
                 self.wfile.write(b"ok")                                        
         HTTPServer(("0.0.0.0", 8765), Handler).serve_forever()                 
         . The file                                                             
         /home/minh/KubeLLM/debug_assistant_latest/troubleshooting/incorrect_sel
         ector_missing_label/app_service.yaml  describes a service. This is the 
         file contents: apiVersion: v1                                          
         kind: Service                                                          
         metadata:                                                              
           name: selector-missing-label-service                                 
         spec:                                                                  
           selector:                                                            
             app: kube-selector-missing-label                                   
           ports:                                                               
           - protocol: TCP                                                      
             port: 8000                                                         
             targetPort: 8765                                                   
         .                                                                      
                     ### CURRENT CONTEXT                                        
                     - Working directory:                                       
         /home/minh/KubeLLM/debug_assistant_latest/troubleshooting/incorrect_sel
         ector_missing_label/                                                   
                     - Main configuration file:                                 
         incorrect_selector_missing_label.yaml                                  
                     - Minikube profile: minikube                               
                                                                                
                     ### STEP-BY-STEP VERIFICATION PROCEDURE (follow exactly in 
         order)                                                                 
                     1. Run `kubectl get pods` → confirm all expected pods exist
         and are in Running state with 1/1 (or expected) ready containers.      
                     2. For each expected pod, run `kubectl describe pod        
         <pod-name>` and check Events for errors (CrashLoopBackOff,             
         ImagePullBackOff, OOM, etc.).                                          
                     3. If relevant service YAML exists, run `kubectl get       
         service <service-name>` → confirm expected Service exists and has      
         ClusterIP assigned.                                                    
                     4. Only if a Service manifest exists and the Service is    
         running:                                                               
                        - Run: `minikube -p minikube service <service-name>     
         --url`                                                                 
                        - Take the URL(s) returned and test with `curl -v <url>`
                     5. If Ingress exists, get the ingress address and test the 
         hostname/path with curl.                                               
                                                                                
         ### Tool Usage Rules                                                   
         - Do not attempt many commands in one tool call.                       
         - Never repeat a tool call that has already been executed successfully 
         in this run.                                                           
         - If you need the result of a previous tool call, use the provided     
         output rather than re-invoking it.                                     
         - Keep the tool call as simple as possible to avoid errors.            
         - Never run Minikube lifecycle or configuration commands such as       
         `minikube start`, `minikube stop`, `minikube delete`, `minikube pause`,
         `minikube unpause`, or `minikube config`; the runner owns the active   
         profile. Use `minikube status` only for diagnostics and report an      
         unhealthy profile.                                                     
         - Do not run long-lived or background commands such as `kubectl        
         port-forward`, `Start-Process`, or `kubectl logs -f`; prefer           
         single-shot commands that exit on their own.                           
         - Do not use `kubectl port-forward`, background verification, `kubectl 
         logs -f`, or `kubectl get -w`.                                         
         - For reachability checks, use the access path defined by the scenario:
         if a Service exists, verify via Service/endpoints/service-routed       
         access; if no Service exists, use bounded direct checks such as        
         `kubectl exec` with an in-container one-shot HTTP request.             
         - Prefer one-shot application checks such as `kubectl exec <pod> --    
         python3 -c "import urllib.request;                                     
         print(urllib.request.urlopen('http://127.0.0.1:<port>/').getcode())"`  
         when Python is available in the container.                             
                                                                                
                                                                                
         === CRITICAL: USE EXACT TOKENS ===                                     
         You MUST conclude with EXACTLY one of these three tokens:              
         1. <|VERIFIED|> if the issue has been completely resolved              
         2. <|FAILED|> if the issue has NOT been fixed                          
         3. <|VERIFICATION_ERROR|> if you encountered errors during verification
                                                                                
         DO NOT make up your own tokens like <|FIX_VERIFIED_FAILED|> or anything
         else.                                                                  
         Use ONLY: <|VERIFIED|>, <|FAILED|>, or <|VERIFICATION_ERROR|>          
                                                                                
DEBUG    ============== assistant ==============                                
DEBUG    Tool Calls: [                                                          
           {                                                                    
             "id": "call_HsmDxcnCtCZ3aJsAxXbnBVhw",                             
             "function": {                                                      
               "arguments": "{\"command\":\"kubectl get pods -o wide\"}",       
               "name": "run_shell_command"                                      
             },                                                                 
             "type": "function"                                                 
           }                                                                    
         ]                                                                      
DEBUG    ============== tool ==============                                     
DEBUG    Tool call Id: call_HsmDxcnCtCZ3aJsAxXbnBVhw                            
DEBUG    NAME                          READY   STATUS    RESTARTS   AGE   IP    
         NODE       NOMINATED NODE   READINESS GATES                            
         kube-selector-missing-label   1/1     Running   0          36s         
         10.244.0.233   minikube   <none>           <none>                      
                                                                                
DEBUG    ============== assistant ==============                                
DEBUG    Tool Calls: [                                                          
           {                                                                    
             "id": "call_savvMY6vULTQqsCMAONTMOlb",                             
             "function": {                                                      
               "arguments": "{\"command\":\"kubectl get service                 
         selector-missing-label-service -o wide\"}",                            
               "name": "run_shell_command"                                      
             },                                                                 
             "type": "function"                                                 
           }                                                                    
         ]                                                                      
DEBUG    ============== tool ==============                                     
DEBUG    Tool call Id: call_savvMY6vULTQqsCMAONTMOlb                            
DEBUG    NAME                             TYPE        CLUSTER-IP                
         EXTERNAL-IP   PORT(S)    AGE   SELECTOR                                
         selector-missing-label-service   ClusterIP   10.108.155.233   <none>   
         8000/TCP   40s   app=kube-selector-missing-label                       
                                                                                
DEBUG    ============== assistant ==============                                
DEBUG    Tool Calls: [                                                          
           {                                                                    
             "id": "call_DrZg7dSHWc81fiUrTYEpuHIf",                             
             "function": {                                                      
               "arguments": "{\"command\":\"kubectl describe pod                
         kube-selector-missing-label\"}",                                       
               "name": "run_shell_command"                                      
             },                                                                 
             "type": "function"                                                 
           }                                                                    
         ]                                                                      
DEBUG    ============== tool ==============                                     
DEBUG    Tool call Id: call_DrZg7dSHWc81fiUrTYEpuHIf                            
DEBUG    Service Account:  default                                              
         Node:             minikube/192.168.58.2                                
         Start Time:       Mon, 20 Jul 2026 00:48:13 +0000                      
         Labels:           app=kube-selector-missing-label                      
                           tier=frontend                                        
         Annotations:      <none>                                               
         Status:           Running                                              
         IP:               10.244.0.233                                         
         IPs:                                                                   
           IP:  10.244.0.233                                                    
         Containers:                                                            
           kube-selector-missing-label:                                         
             Container ID:                                                      
         docker://f06e7131980bb8867d9fb96a46901be771bd9e058cd59976fd420c579c183b
         82                                                                     
             Image:          kube-selector-missing-label-app:latest             
             Image ID:                                                          
         docker://sha256:a4f4c071853b9801e32b73e03b5f54f258797de48ac5c15a7f318d0
         8b7a171f7                                                              
             Port:           8765/TCP                                           
             Host Port:      0/TCP                                              
             State:          Running                                            
               Started:      Mon, 20 Jul 2026 00:48:14 +0000                    
             Ready:          True                                               
             Restart Count:  0                                                  
             Environment:    <none>                                             
             Mounts:                                                            
               /var/run/secrets/kubernetes.io/serviceaccount from               
         kube-api-access-9f2rn (ro)                                             
         Conditions:                                                            
           Type                        Status                                   
           PodReadyToStartContainers   True                                     
           Initialized                 True                                     
           Ready                       True                                     
           ContainersReady             True                                     
           PodScheduled                True                                     
         Volumes:                                                               
           kube-api-access-9f2rn:                                               
             Type:                    Projected (a volume that contains injected
         data from multiple sources)                                            
             TokenExpirationSeconds:  3607                                      
             ConfigMapName:           kube-root-ca.crt                          
             Optional:                false                                     
             DownwardAPI:             true                                      
         QoS Class:                   BestEffort                                
         Node-Selectors:              <none>                                    
         Tolerations:                 node.kubernetes.io/not-ready:NoExecute    
         op=Exists for 300s                                                     
                                      node.kubernetes.io/unreachable:NoExecute  
         op=Exists for 300s                                                     
         Events:                                                                
           Type    Reason     Age   From               Message                  
           ----    ------     ----  ----               -------                  
           Normal  Scheduled  40s   default-scheduler  Successfully assigned    
         default/kube-selector-missing-label to minikube                        
           Normal  Pulled     40s   kubelet                                     
         spec.containers{kube-selector-missing-label}: Container image          
         "kube-selector-missing-label-app:latest" already present on machine    
           Normal  Created    40s   kubelet                                     
         spec.containers{kube-selector-missing-label}: Created container        
         kube-selector-missing-label                                            
           Normal  Started    40s   kubelet                                     
         spec.containers{kube-selector-missing-label}: Started container        
         kube-selector-missing-label                                            
                                                                                
DEBUG    ============== assistant ==============                                
DEBUG    Tool Calls: [                                                          
           {                                                                    
             "id": "call_iI7oVxdBU2JjScgs2zol5p3o",                             
             "function": {                                                      
               "arguments": "{\"command\":\"kubectl get endpoints               
         selector-missing-label-service -o wide\"}",                            
               "name": "run_shell_command"                                      
             },                                                                 
             "type": "function"                                                 
           }                                                                    
         ]                                                                      
DEBUG    ============== tool ==============                                     
DEBUG    Tool call Id: call_iI7oVxdBU2JjScgs2zol5p3o                            
DEBUG    NAME                             ENDPOINTS           AGE               
         selector-missing-label-service   10.244.0.233:8765   46s               
                                                                                
DEBUG    ============== assistant ==============                                
DEBUG    Tool Calls: [                                                          
           {                                                                    
             "id": "call_rNWyyAtwqUjPaVw1bbz33DAv",                             
             "function": {                                                      
               "arguments": "{\"command\":\"minikube -p minikube service        
         selector-missing-label-service --url\"}",                              
               "name": "run_shell_command"                                      
             },                                                                 
             "type": "function"                                                 
           }                                                                    
         ]                                                                      
DEBUG    ============== tool ==============                                     
DEBUG    Tool call Id: call_rNWyyAtwqUjPaVw1bbz33DAv                            
DEBUG    * service default/selector-missing-label-service has no node port      
                                                                                
DEBUG    ============== assistant ==============                                
DEBUG    Tool Calls: [                                                          
           {                                                                    
             "id": "call_Qk9HSd07tpfZgT2qAcm40bea",                             
             "function": {                                                      
               "arguments": "{\"command\":\"kubectl describe service            
         selector-missing-label-service\"}",                                    
               "name": "run_shell_command"                                      
             },                                                                 
             "type": "function"                                                 
           }                                                                    
         ]                                                                      
DEBUG    ============== tool ==============                                     
DEBUG    Tool call Id: call_Qk9HSd07tpfZgT2qAcm40bea                            
DEBUG    Name:                     selector-missing-label-service               
         Namespace:                default                                      
         Labels:                   <none>                                       
         Annotations:              <none>                                       
         Selector:                 app=kube-selector-missing-label              
         Type:                     ClusterIP                                    
         IP Family Policy:         SingleStack                                  
         IP Families:              IPv4                                         
         IP:                       10.108.155.233                               
         IPs:                      10.108.155.233                               
         Port:                     <unset>  8000/TCP                            
         TargetPort:               8765/TCP                                     
         Endpoints:                10.244.0.233:8765                            
         Session Affinity:         None                                         
         Internal Traffic Policy:  Cluster                                      
         Events:                   <none>                                       
                                                                                
DEBUG    ============== assistant ==============                                
DEBUG    Tool Calls: [                                                          
           {                                                                    
             "id": "call_YCEx2ArxQ9383PqGyL9IP3Fk",                             
             "function": {                                                      
               "arguments": "{\"command\":\"kubectl exec                        
         kube-selector-missing-label -- curl -sS http://127.0.0.1:8765\"}",     
               "name": "run_shell_command"                                      
             },                                                                 
             "type": "function"                                                 
           }                                                                    
         ]                                                                      
DEBUG    ============== tool ==============                                     
DEBUG    Tool call Id: call_YCEx2ArxQ9383PqGyL9IP3Fk                            
DEBUG    Error: command terminated with exit code 126                           
DEBUG    ============== assistant ==============                                
DEBUG    Tool Calls: [                                                          
           {                                                                    
             "id": "call_sW6jXGK0CRakzwY6v508RkCN",                             
             "function": {                                                      
               "arguments": "{\"command\":\"kubectl exec                        
         kube-selector-missing-label -- curl -sS http://127.0.0.1:8765 || true; 
         echo STATUS:$?\"}",                                                    
               "name": "run_shell_command"                                      
             },                                                                 
             "type": "function"                                                 
           }                                                                    
         ]                                                                      
DEBUG    **************** METRICS START ****************                        
DEBUG    * Time to generate response:   1.1878s                                 
DEBUG    * Tokens per second:           41.2516 tokens/s                        
DEBUG    * Input tokens:                2943                                    
DEBUG    * Output tokens:               49                                      
DEBUG    * Total tokens:                2992                                    
DEBUG    * Prompt tokens details:       {'audio_tokens': 0, 'cached_tokens':    
         2432}                                                                  
DEBUG    * Completion tokens details:   {'accepted_prediction_tokens': 0,       
         'audio_tokens': 0, 'reasoning_tokens': 0, 'rejected_prediction_tokens':
         0}                                                                     
DEBUG    **************** METRICS END ******************                        
DEBUG    Getting function run_shell_command                                     
DEBUG    Running: run_shell_command(command=kubectl exec                        
         kube-selector-missing-label -- curl -sS http://127.0.0.1:8765 || true; 
         echo STATUS:$?)                                                        
INFO     Running shell command: kubectl exec kube-selector-missing-label -- curl
         -sS http://127.0.0.1:8765 || true; echo STATUS:$?                      
DEBUG    Return code: 0                                                         
DEBUG    ---------- OpenAI Response Start ----------                            
DEBUG    ============== developer ==============                                
DEBUG    ## Instructions                                                        
         - You are a verification agent tasked with verifying whether the       
         described Kubernetes issue has been fixed.                             
         - Run diagnostic commands to check the current state of the cluster.   
         - Always verify that the pods are running                              
         - Since this Kubernetes cluster is running on Minikube, use the        
         minikube service command to access services when appropriate.          
         - Do not use live feed flags when checking the logs such as 'kubectl   
         logs -f'                                                               
         - If kubectl logs fails, wait 5-10 seconds and try again up to 3 times 
         - If logs are still unavailable after retries, you can still verify    
         based on pod status and output of specific diagnostic command that will
         be provided to you                                                     
         - Use <|VERIFIED|> if the pod is Running and the kubectl or minikube   
         diagnostic commands indicate success, even if logs are temporarily     
         unavailable)                                                           
         - After completing verification, you must conclude with EXACTLY one of 
         these tokens:                                                          
         - - <|VERIFIED|> if the issue has been completely fixed                
         - - <|FAILED|> if the issue has NOT been fixed                         
         - - <|VERIFICATION_ERROR|> only if you cannot check files or pod status
         at all                                                                 
         - DO NOT create your own tokens. Use ONLY the three tokens listed      
         above.                                                                 
         - Use markdown to format your answers.                                 
                                                                                
         ## Guidelines                                                          
         If pod logs are temporarily unavailable, this is acceptable            
         The PRIMARY verification is: pod is Running and output of kubectl or   
         minikube based diagnostic commands.                                    
         Log verification is secondary - if unavailable, ignore it. You can     
         verify without logs                                                    
         You MUST use one of the three specified tokens: <|VERIFIED|>,          
         <|FAILED|>, or <|VERIFICATION_ERROR|>                                  
DEBUG    ============== user ==============                                     
DEBUG    You are a precise Kubernetes Verification Agent. Your only goal is to  
         determine, with evidence, whether the original problem described below 
         has been fully resolved in the current cluster state.                  
                                                                                
                     ### ORIGINAL PROBLEM TO VERIFY                             
                     The pod is Running, but describing the Service shows no    
         endpoints for the application.                                         
                                                                                
                     ### VERIFICATION RULES (STRICTLY FOLLOW)                   
                     1. **Never assume** the problem is fixed. You must prove it
         with real commands and observed output.                                
                     2. Always start verification using `kubectl` (never guess  
         pod/service names).                                                    
                     3. Use exact resource names extracted from the YAML        
         manifests — do not invent them.                                        
                     4. If a command fails or a resource does not exist, clearly
         state that and do not proceed as if it succeeded.                      
                     5. Only declare the issue resolved if all relevant pods are
         Running/Ready and the configured access path for this scenario is      
         reachable.                                                             
                                                                                
                     ### RELEVANT MANIFESTS (use these to find exact names)     
                      The file                                                  
         /home/minh/KubeLLM/debug_assistant_latest/troubleshooting/incorrect_sel
         ector_missing_label/incorrect_selector_missing_label.yaml  describes a 
         deployment. This is the file contents: apiVersion: v1                  
         kind: Pod                                                              
         metadata:                                                              
           name: kube-selector-missing-label                                    
           labels:                                                              
             tier: frontend                                                     
             app: kube-selector-missing-label                                   
         spec:                                                                  
           containers:                                                          
           - name: kube-selector-missing-label                                  
             image: kube-selector-missing-label-app:latest                      
             imagePullPolicy: Never                                             
             ports:                                                             
             - containerPort: 8765                                              
         . The file                                                             
         /home/minh/KubeLLM/debug_assistant_latest/troubleshooting/incorrect_sel
         ector_missing_label/server.py  describes a application. This is the    
         file contents: from http.server import HTTPServer,                     
         BaseHTTPRequestHandler                                                 
         class Handler(BaseHTTPRequestHandler):                                 
             def do_GET(self):                                                  
                 self.send_response(200)                                        
                 self.end_headers()                                             
                 self.wfile.write(b"ok")                                        
         HTTPServer(("0.0.0.0", 8765), Handler).serve_forever()                 
         . The file                                                             
         /home/minh/KubeLLM/debug_assistant_latest/troubleshooting/incorrect_sel
         ector_missing_label/app_service.yaml  describes a service. This is the 
         file contents: apiVersion: v1                                          
         kind: Service                                                          
         metadata:                                                              
           name: selector-missing-label-service                                 
         spec:                                                                  
           selector:                                                            
             app: kube-selector-missing-label                                   
           ports:                                                               
           - protocol: TCP                                                      
             port: 8000                                                         
             targetPort: 8765                                                   
         .                                                                      
                     ### CURRENT CONTEXT                                        
                     - Working directory:                                       
         /home/minh/KubeLLM/debug_assistant_latest/troubleshooting/incorrect_sel
         ector_missing_label/                                                   
                     - Main configuration file:                                 
         incorrect_selector_missing_label.yaml                                  
                     - Minikube profile: minikube                               
                                                                                
                     ### STEP-BY-STEP VERIFICATION PROCEDURE (follow exactly in 
         order)                                                                 
                     1. Run `kubectl get pods` → confirm all expected pods exist
         and are in Running state with 1/1 (or expected) ready containers.      
                     2. For each expected pod, run `kubectl describe pod        
         <pod-name>` and check Events for errors (CrashLoopBackOff,             
         ImagePullBackOff, OOM, etc.).                                          
                     3. If relevant service YAML exists, run `kubectl get       
         service <service-name>` → confirm expected Service exists and has      
         ClusterIP assigned.                                                    
                     4. Only if a Service manifest exists and the Service is    
         running:                                                               
                        - Run: `minikube -p minikube service <service-name>     
         --url`                                                                 
                        - Take the URL(s) returned and test with `curl -v <url>`
                     5. If Ingress exists, get the ingress address and test the 
         hostname/path with curl.                                               
                                                                                
         ### Tool Usage Rules                                                   
         - Do not attempt many commands in one tool call.                       
         - Never repeat a tool call that has already been executed successfully 
         in this run.                                                           
         - If you need the result of a previous tool call, use the provided     
         output rather than re-invoking it.                                     
         - Keep the tool call as simple as possible to avoid errors.            
         - Never run Minikube lifecycle or configuration commands such as       
         `minikube start`, `minikube stop`, `minikube delete`, `minikube pause`,
         `minikube unpause`, or `minikube config`; the runner owns the active   
         profile. Use `minikube status` only for diagnostics and report an      
         unhealthy profile.                                                     
         - Do not run long-lived or background commands such as `kubectl        
         port-forward`, `Start-Process`, or `kubectl logs -f`; prefer           
         single-shot commands that exit on their own.                           
         - Do not use `kubectl port-forward`, background verification, `kubectl 
         logs -f`, or `kubectl get -w`.                                         
         - For reachability checks, use the access path defined by the scenario:
         if a Service exists, verify via Service/endpoints/service-routed       
         access; if no Service exists, use bounded direct checks such as        
         `kubectl exec` with an in-container one-shot HTTP request.             
         - Prefer one-shot application checks such as `kubectl exec <pod> --    
         python3 -c "import urllib.request;                                     
         print(urllib.request.urlopen('http://127.0.0.1:<port>/').getcode())"`  
         when Python is available in the container.                             
                                                                                
                                                                                
         === CRITICAL: USE EXACT TOKENS ===                                     
         You MUST conclude with EXACTLY one of these three tokens:              
         1. <|VERIFIED|> if the issue has been completely resolved              
         2. <|FAILED|> if the issue has NOT been fixed                          
         3. <|VERIFICATION_ERROR|> if you encountered errors during verification
                                                                                
         DO NOT make up your own tokens like <|FIX_VERIFIED_FAILED|> or anything
         else.                                                                  
         Use ONLY: <|VERIFIED|>, <|FAILED|>, or <|VERIFICATION_ERROR|>          
                                                                                
DEBUG    ============== assistant ==============                                
DEBUG    Tool Calls: [                                                          
           {                                                                    
             "id": "call_HsmDxcnCtCZ3aJsAxXbnBVhw",                             
             "function": {                                                      
               "arguments": "{\"command\":\"kubectl get pods -o wide\"}",       
               "name": "run_shell_command"                                      
             },                                                                 
             "type": "function"                                                 
           }                                                                    
         ]                                                                      
DEBUG    ============== tool ==============                                     
DEBUG    Tool call Id: call_HsmDxcnCtCZ3aJsAxXbnBVhw                            
DEBUG    NAME                          READY   STATUS    RESTARTS   AGE   IP    
         NODE       NOMINATED NODE   READINESS GATES                            
         kube-selector-missing-label   1/1     Running   0          36s         
         10.244.0.233   minikube   <none>           <none>                      
                                                                                
DEBUG    ============== assistant ==============                                
DEBUG    Tool Calls: [                                                          
           {                                                                    
             "id": "call_savvMY6vULTQqsCMAONTMOlb",                             
             "function": {                                                      
               "arguments": "{\"command\":\"kubectl get service                 
         selector-missing-label-service -o wide\"}",                            
               "name": "run_shell_command"                                      
             },                                                                 
             "type": "function"                                                 
           }                                                                    
         ]                                                                      
DEBUG    ============== tool ==============                                     
DEBUG    Tool call Id: call_savvMY6vULTQqsCMAONTMOlb                            
DEBUG    NAME                             TYPE        CLUSTER-IP                
         EXTERNAL-IP   PORT(S)    AGE   SELECTOR                                
         selector-missing-label-service   ClusterIP   10.108.155.233   <none>   
         8000/TCP   40s   app=kube-selector-missing-label                       
                                                                                
DEBUG    ============== assistant ==============                                
DEBUG    Tool Calls: [                                                          
           {                                                                    
             "id": "call_DrZg7dSHWc81fiUrTYEpuHIf",                             
             "function": {                                                      
               "arguments": "{\"command\":\"kubectl describe pod                
         kube-selector-missing-label\"}",                                       
               "name": "run_shell_command"                                      
             },                                                                 
             "type": "function"                                                 
           }                                                                    
         ]                                                                      
DEBUG    ============== tool ==============                                     
DEBUG    Tool call Id: call_DrZg7dSHWc81fiUrTYEpuHIf                            
DEBUG    Service Account:  default                                              
         Node:             minikube/192.168.58.2                                
         Start Time:       Mon, 20 Jul 2026 00:48:13 +0000                      
         Labels:           app=kube-selector-missing-label                      
                           tier=frontend                                        
         Annotations:      <none>                                               
         Status:           Running                                              
         IP:               10.244.0.233                                         
         IPs:                                                                   
           IP:  10.244.0.233                                                    
         Containers:                                                            
           kube-selector-missing-label:                                         
             Container ID:                                                      
         docker://f06e7131980bb8867d9fb96a46901be771bd9e058cd59976fd420c579c183b
         82                                                                     
             Image:          kube-selector-missing-label-app:latest             
             Image ID:                                                          
         docker://sha256:a4f4c071853b9801e32b73e03b5f54f258797de48ac5c15a7f318d0
         8b7a171f7                                                              
             Port:           8765/TCP                                           
             Host Port:      0/TCP                                              
             State:          Running                                            
               Started:      Mon, 20 Jul 2026 00:48:14 +0000                    
             Ready:          True                                               
             Restart Count:  0                                                  
             Environment:    <none>                                             
             Mounts:                                                            
               /var/run/secrets/kubernetes.io/serviceaccount from               
         kube-api-access-9f2rn (ro)                                             
         Conditions:                                                            
           Type                        Status                                   
           PodReadyToStartContainers   True                                     
           Initialized                 True                                     
           Ready                       True                                     
           ContainersReady             True                                     
           PodScheduled                True                                     
         Volumes:                                                               
           kube-api-access-9f2rn:                                               
             Type:                    Projected (a volume that contains injected
         data from multiple sources)                                            
             TokenExpirationSeconds:  3607                                      
             ConfigMapName:           kube-root-ca.crt                          
             Optional:                false                                     
             DownwardAPI:             true                                      
         QoS Class:                   BestEffort                                
         Node-Selectors:              <none>                                    
         Tolerations:                 node.kubernetes.io/not-ready:NoExecute    
         op=Exists for 300s                                                     
                                      node.kubernetes.io/unreachable:NoExecute  
         op=Exists for 300s                                                     
         Events:                                                                
           Type    Reason     Age   From               Message                  
           ----    ------     ----  ----               -------                  
           Normal  Scheduled  40s   default-scheduler  Successfully assigned    
         default/kube-selector-missing-label to minikube                        
           Normal  Pulled     40s   kubelet                                     
         spec.containers{kube-selector-missing-label}: Container image          
         "kube-selector-missing-label-app:latest" already present on machine    
           Normal  Created    40s   kubelet                                     
         spec.containers{kube-selector-missing-label}: Created container        
         kube-selector-missing-label                                            
           Normal  Started    40s   kubelet                                     
         spec.containers{kube-selector-missing-label}: Started container        
         kube-selector-missing-label                                            
                                                                                
DEBUG    ============== assistant ==============                                
DEBUG    Tool Calls: [                                                          
           {                                                                    
             "id": "call_iI7oVxdBU2JjScgs2zol5p3o",                             
             "function": {                                                      
               "arguments": "{\"command\":\"kubectl get endpoints               
         selector-missing-label-service -o wide\"}",                            
               "name": "run_shell_command"                                      
             },                                                                 
             "type": "function"                                                 
           }                                                                    
         ]                                                                      
DEBUG    ============== tool ==============                                     
DEBUG    Tool call Id: call_iI7oVxdBU2JjScgs2zol5p3o                            
DEBUG    NAME                             ENDPOINTS           AGE               
         selector-missing-label-service   10.244.0.233:8765   46s               
                                                                                
DEBUG    ============== assistant ==============                                
DEBUG    Tool Calls: [                                                          
           {                                                                    
             "id": "call_rNWyyAtwqUjPaVw1bbz33DAv",                             
             "function": {                                                      
               "arguments": "{\"command\":\"minikube -p minikube service        
         selector-missing-label-service --url\"}",                              
               "name": "run_shell_command"                                      
             },                                                                 
             "type": "function"                                                 
           }                                                                    
         ]                                                                      
DEBUG    ============== tool ==============                                     
DEBUG    Tool call Id: call_rNWyyAtwqUjPaVw1bbz33DAv                            
DEBUG    * service default/selector-missing-label-service has no node port      
                                                                                
DEBUG    ============== assistant ==============                                
DEBUG    Tool Calls: [                                                          
           {                                                                    
             "id": "call_Qk9HSd07tpfZgT2qAcm40bea",                             
             "function": {                                                      
               "arguments": "{\"command\":\"kubectl describe service            
         selector-missing-label-service\"}",                                    
               "name": "run_shell_command"                                      
             },                                                                 
             "type": "function"                                                 
           }                                                                    
         ]                                                                      
DEBUG    ============== tool ==============                                     
DEBUG    Tool call Id: call_Qk9HSd07tpfZgT2qAcm40bea                            
DEBUG    Name:                     selector-missing-label-service               
         Namespace:                default                                      
         Labels:                   <none>                                       
         Annotations:              <none>                                       
         Selector:                 app=kube-selector-missing-label              
         Type:                     ClusterIP                                    
         IP Family Policy:         SingleStack                                  
         IP Families:              IPv4                                         
         IP:                       10.108.155.233                               
         IPs:                      10.108.155.233                               
         Port:                     <unset>  8000/TCP                            
         TargetPort:               8765/TCP                                     
         Endpoints:                10.244.0.233:8765                            
         Session Affinity:         None                                         
         Internal Traffic Policy:  Cluster                                      
         Events:                   <none>                                       
                                                                                
DEBUG    ============== assistant ==============                                
DEBUG    Tool Calls: [                                                          
           {                                                                    
             "id": "call_YCEx2ArxQ9383PqGyL9IP3Fk",                             
             "function": {                                                      
               "arguments": "{\"command\":\"kubectl exec                        
         kube-selector-missing-label -- curl -sS http://127.0.0.1:8765\"}",     
               "name": "run_shell_command"                                      
             },                                                                 
             "type": "function"                                                 
           }                                                                    
         ]                                                                      
DEBUG    ============== tool ==============                                     
DEBUG    Tool call Id: call_YCEx2ArxQ9383PqGyL9IP3Fk                            
DEBUG    Error: command terminated with exit code 126                           
DEBUG    ============== assistant ==============                                
DEBUG    Tool Calls: [                                                          
           {                                                                    
             "id": "call_sW6jXGK0CRakzwY6v508RkCN",                             
             "function": {                                                      
               "arguments": "{\"command\":\"kubectl exec                        
         kube-selector-missing-label -- curl -sS http://127.0.0.1:8765 || true; 
         echo STATUS:$?\"}",                                                    
               "name": "run_shell_command"                                      
             },                                                                 
             "type": "function"                                                 
           }                                                                    
         ]                                                                      
DEBUG    ============== tool ==============                                     
DEBUG    Tool call Id: call_sW6jXGK0CRakzwY6v508RkCN                            
DEBUG    OCI runtime exec failed: exec failed: unable to start container        
         process: exec: "curl": executable file not found in $PATH: unknown     
         STATUS:0                                                               
                                                                                
DEBUG    ============== assistant ==============                                
DEBUG    Tool Calls: [                                                          
           {                                                                    
             "id": "call_9vPW3CRNifHxxBqCYBAqyx4q",                             
             "function": {                                                      
               "arguments": "{\"command\":\"kubectl exec                        
         kube-selector-missing-label -- /bin/bash -lc 'which curl >/dev/null    
         2>&1 && curl -sS http://127.0.0.1:8765 || echo CURL_MISSING'\"}",      
               "name": "run_shell_command"                                      
             },                                                                 
             "type": "function"                                                 
           }                                                                    
         ]                                                                      
DEBUG    **************** METRICS START ****************                        
DEBUG    * Time to generate response:   1.2120s                                 
DEBUG    * Tokens per second:           52.8051 tokens/s                        
DEBUG    * Input tokens:                3037                                    
DEBUG    * Output tokens:               64                                      
DEBUG    * Total tokens:                3101                                    
DEBUG    * Prompt tokens details:       {'audio_tokens': 0, 'cached_tokens':    
         2560}                                                                  
DEBUG    * Completion tokens details:   {'accepted_prediction_tokens': 0,       
         'audio_tokens': 0, 'reasoning_tokens': 0, 'rejected_prediction_tokens':
         0}                                                                     
DEBUG    **************** METRICS END ******************                        
DEBUG    Getting function run_shell_command                                     
DEBUG    Running: run_shell_command(command=...)                                
INFO     Running shell command: kubectl exec kube-selector-missing-label --     
         /bin/bash -lc 'which curl >/dev/null 2>&1 && curl -sS                  
         http://127.0.0.1:8765 || echo CURL_MISSING'                            
DEBUG    Return code: 0                                                         
DEBUG    ---------- OpenAI Response Start ----------                            
DEBUG    ============== developer ==============                                
DEBUG    ## Instructions                                                        
         - You are a verification agent tasked with verifying whether the       
         described Kubernetes issue has been fixed.                             
         - Run diagnostic commands to check the current state of the cluster.   
         - Always verify that the pods are running                              
         - Since this Kubernetes cluster is running on Minikube, use the        
         minikube service command to access services when appropriate.          
         - Do not use live feed flags when checking the logs such as 'kubectl   
         logs -f'                                                               
         - If kubectl logs fails, wait 5-10 seconds and try again up to 3 times 
         - If logs are still unavailable after retries, you can still verify    
         based on pod status and output of specific diagnostic command that will
         be provided to you                                                     
         - Use <|VERIFIED|> if the pod is Running and the kubectl or minikube   
         diagnostic commands indicate success, even if logs are temporarily     
         unavailable)                                                           
         - After completing verification, you must conclude with EXACTLY one of 
         these tokens:                                                          
         - - <|VERIFIED|> if the issue has been completely fixed                
         - - <|FAILED|> if the issue has NOT been fixed                         
         - - <|VERIFICATION_ERROR|> only if you cannot check files or pod status
         at all                                                                 
         - DO NOT create your own tokens. Use ONLY the three tokens listed      
         above.                                                                 
         - Use markdown to format your answers.                                 
                                                                                
         ## Guidelines                                                          
         If pod logs are temporarily unavailable, this is acceptable            
         The PRIMARY verification is: pod is Running and output of kubectl or   
         minikube based diagnostic commands.                                    
         Log verification is secondary - if unavailable, ignore it. You can     
         verify without logs                                                    
         You MUST use one of the three specified tokens: <|VERIFIED|>,          
         <|FAILED|>, or <|VERIFICATION_ERROR|>                                  
DEBUG    ============== user ==============                                     
DEBUG    You are a precise Kubernetes Verification Agent. Your only goal is to  
         determine, with evidence, whether the original problem described below 
         has been fully resolved in the current cluster state.                  
                                                                                
                     ### ORIGINAL PROBLEM TO VERIFY                             
                     The pod is Running, but describing the Service shows no    
         endpoints for the application.                                         
                                                                                
                     ### VERIFICATION RULES (STRICTLY FOLLOW)                   
                     1. **Never assume** the problem is fixed. You must prove it
         with real commands and observed output.                                
                     2. Always start verification using `kubectl` (never guess  
         pod/service names).                                                    
                     3. Use exact resource names extracted from the YAML        
         manifests — do not invent them.                                        
                     4. If a command fails or a resource does not exist, clearly
         state that and do not proceed as if it succeeded.                      
                     5. Only declare the issue resolved if all relevant pods are
         Running/Ready and the configured access path for this scenario is      
         reachable.                                                             
                                                                                
                     ### RELEVANT MANIFESTS (use these to find exact names)     
                      The file                                                  
         /home/minh/KubeLLM/debug_assistant_latest/troubleshooting/incorrect_sel
         ector_missing_label/incorrect_selector_missing_label.yaml  describes a 
         deployment. This is the file contents: apiVersion: v1                  
         kind: Pod                                                              
         metadata:                                                              
           name: kube-selector-missing-label                                    
           labels:                                                              
             tier: frontend                                                     
             app: kube-selector-missing-label                                   
         spec:                                                                  
           containers:                                                          
           - name: kube-selector-missing-label                                  
             image: kube-selector-missing-label-app:latest                      
             imagePullPolicy: Never                                             
             ports:                                                             
             - containerPort: 8765                                              
         . The file                                                             
         /home/minh/KubeLLM/debug_assistant_latest/troubleshooting/incorrect_sel
         ector_missing_label/server.py  describes a application. This is the    
         file contents: from http.server import HTTPServer,                     
         BaseHTTPRequestHandler                                                 
         class Handler(BaseHTTPRequestHandler):                                 
             def do_GET(self):                                                  
                 self.send_response(200)                                        
                 self.end_headers()                                             
                 self.wfile.write(b"ok")                                        
         HTTPServer(("0.0.0.0", 8765), Handler).serve_forever()                 
         . The file                                                             
         /home/minh/KubeLLM/debug_assistant_latest/troubleshooting/incorrect_sel
         ector_missing_label/app_service.yaml  describes a service. This is the 
         file contents: apiVersion: v1                                          
         kind: Service                                                          
         metadata:                                                              
           name: selector-missing-label-service                                 
         spec:                                                                  
           selector:                                                            
             app: kube-selector-missing-label                                   
           ports:                                                               
           - protocol: TCP                                                      
             port: 8000                                                         
             targetPort: 8765                                                   
         .                                                                      
                     ### CURRENT CONTEXT                                        
                     - Working directory:                                       
         /home/minh/KubeLLM/debug_assistant_latest/troubleshooting/incorrect_sel
         ector_missing_label/                                                   
                     - Main configuration file:                                 
         incorrect_selector_missing_label.yaml                                  
                     - Minikube profile: minikube                               
                                                                                
                     ### STEP-BY-STEP VERIFICATION PROCEDURE (follow exactly in 
         order)                                                                 
                     1. Run `kubectl get pods` → confirm all expected pods exist
         and are in Running state with 1/1 (or expected) ready containers.      
                     2. For each expected pod, run `kubectl describe pod        
         <pod-name>` and check Events for errors (CrashLoopBackOff,             
         ImagePullBackOff, OOM, etc.).                                          
                     3. If relevant service YAML exists, run `kubectl get       
         service <service-name>` → confirm expected Service exists and has      
         ClusterIP assigned.                                                    
                     4. Only if a Service manifest exists and the Service is    
         running:                                                               
                        - Run: `minikube -p minikube service <service-name>     
         --url`                                                                 
                        - Take the URL(s) returned and test with `curl -v <url>`
                     5. If Ingress exists, get the ingress address and test the 
         hostname/path with curl.                                               
                                                                                
         ### Tool Usage Rules                                                   
         - Do not attempt many commands in one tool call.                       
         - Never repeat a tool call that has already been executed successfully 
         in this run.                                                           
         - If you need the result of a previous tool call, use the provided     
         output rather than re-invoking it.                                     
         - Keep the tool call as simple as possible to avoid errors.            
         - Never run Minikube lifecycle or configuration commands such as       
         `minikube start`, `minikube stop`, `minikube delete`, `minikube pause`,
         `minikube unpause`, or `minikube config`; the runner owns the active   
         profile. Use `minikube status` only for diagnostics and report an      
         unhealthy profile.                                                     
         - Do not run long-lived or background commands such as `kubectl        
         port-forward`, `Start-Process`, or `kubectl logs -f`; prefer           
         single-shot commands that exit on their own.                           
         - Do not use `kubectl port-forward`, background verification, `kubectl 
         logs -f`, or `kubectl get -w`.                                         
         - For reachability checks, use the access path defined by the scenario:
         if a Service exists, verify via Service/endpoints/service-routed       
         access; if no Service exists, use bounded direct checks such as        
         `kubectl exec` with an in-container one-shot HTTP request.             
         - Prefer one-shot application checks such as `kubectl exec <pod> --    
         python3 -c "import urllib.request;                                     
         print(urllib.request.urlopen('http://127.0.0.1:<port>/').getcode())"`  
         when Python is available in the container.                             
                                                                                
                                                                                
         === CRITICAL: USE EXACT TOKENS ===                                     
         You MUST conclude with EXACTLY one of these three tokens:              
         1. <|VERIFIED|> if the issue has been completely resolved              
         2. <|FAILED|> if the issue has NOT been fixed                          
         3. <|VERIFICATION_ERROR|> if you encountered errors during verification
                                                                                
         DO NOT make up your own tokens like <|FIX_VERIFIED_FAILED|> or anything
         else.                                                                  
         Use ONLY: <|VERIFIED|>, <|FAILED|>, or <|VERIFICATION_ERROR|>          
                                                                                
DEBUG    ============== assistant ==============                                
DEBUG    Tool Calls: [                                                          
           {                                                                    
             "id": "call_HsmDxcnCtCZ3aJsAxXbnBVhw",                             
             "function": {                                                      
               "arguments": "{\"command\":\"kubectl get pods -o wide\"}",       
               "name": "run_shell_command"                                      
             },                                                                 
             "type": "function"                                                 
           }                                                                    
         ]                                                                      
DEBUG    ============== tool ==============                                     
DEBUG    Tool call Id: call_HsmDxcnCtCZ3aJsAxXbnBVhw                            
DEBUG    NAME                          READY   STATUS    RESTARTS   AGE   IP    
         NODE       NOMINATED NODE   READINESS GATES                            
         kube-selector-missing-label   1/1     Running   0          36s         
         10.244.0.233   minikube   <none>           <none>                      
                                                                                
DEBUG    ============== assistant ==============                                
DEBUG    Tool Calls: [                                                          
           {                                                                    
             "id": "call_savvMY6vULTQqsCMAONTMOlb",                             
             "function": {                                                      
               "arguments": "{\"command\":\"kubectl get service                 
         selector-missing-label-service -o wide\"}",                            
               "name": "run_shell_command"                                      
             },                                                                 
             "type": "function"                                                 
           }                                                                    
         ]                                                                      
DEBUG    ============== tool ==============                                     
DEBUG    Tool call Id: call_savvMY6vULTQqsCMAONTMOlb                            
DEBUG    NAME                             TYPE        CLUSTER-IP                
         EXTERNAL-IP   PORT(S)    AGE   SELECTOR                                
         selector-missing-label-service   ClusterIP   10.108.155.233   <none>   
         8000/TCP   40s   app=kube-selector-missing-label                       
                                                                                
DEBUG    ============== assistant ==============                                
DEBUG    Tool Calls: [                                                          
           {                                                                    
             "id": "call_DrZg7dSHWc81fiUrTYEpuHIf",                             
             "function": {                                                      
               "arguments": "{\"command\":\"kubectl describe pod                
         kube-selector-missing-label\"}",                                       
               "name": "run_shell_command"                                      
             },                                                                 
             "type": "function"                                                 
           }                                                                    
         ]                                                                      
DEBUG    ============== tool ==============                                     
DEBUG    Tool call Id: call_DrZg7dSHWc81fiUrTYEpuHIf                            
DEBUG    Service Account:  default                                              
         Node:             minikube/192.168.58.2                                
         Start Time:       Mon, 20 Jul 2026 00:48:13 +0000                      
         Labels:           app=kube-selector-missing-label                      
                           tier=frontend                                        
         Annotations:      <none>                                               
         Status:           Running                                              
         IP:               10.244.0.233                                         
         IPs:                                                                   
           IP:  10.244.0.233                                                    
         Containers:                                                            
           kube-selector-missing-label:                                         
             Container ID:                                                      
         docker://f06e7131980bb8867d9fb96a46901be771bd9e058cd59976fd420c579c183b
         82                                                                     
             Image:          kube-selector-missing-label-app:latest             
             Image ID:                                                          
         docker://sha256:a4f4c071853b9801e32b73e03b5f54f258797de48ac5c15a7f318d0
         8b7a171f7                                                              
             Port:           8765/TCP                                           
             Host Port:      0/TCP                                              
             State:          Running                                            
               Started:      Mon, 20 Jul 2026 00:48:14 +0000                    
             Ready:          True                                               
             Restart Count:  0                                                  
             Environment:    <none>                                             
             Mounts:                                                            
               /var/run/secrets/kubernetes.io/serviceaccount from               
         kube-api-access-9f2rn (ro)                                             
         Conditions:                                                            
           Type                        Status                                   
           PodReadyToStartContainers   True                                     
           Initialized                 True                                     
           Ready                       True                                     
           ContainersReady             True                                     
           PodScheduled                True                                     
         Volumes:                                                               
           kube-api-access-9f2rn:                                               
             Type:                    Projected (a volume that contains injected
         data from multiple sources)                                            
             TokenExpirationSeconds:  3607                                      
             ConfigMapName:           kube-root-ca.crt                          
             Optional:                false                                     
             DownwardAPI:             true                                      
         QoS Class:                   BestEffort                                
         Node-Selectors:              <none>                                    
         Tolerations:                 node.kubernetes.io/not-ready:NoExecute    
         op=Exists for 300s                                                     
                                      node.kubernetes.io/unreachable:NoExecute  
         op=Exists for 300s                                                     
         Events:                                                                
           Type    Reason     Age   From               Message                  
           ----    ------     ----  ----               -------                  
           Normal  Scheduled  40s   default-scheduler  Successfully assigned    
         default/kube-selector-missing-label to minikube                        
           Normal  Pulled     40s   kubelet                                     
         spec.containers{kube-selector-missing-label}: Container image          
         "kube-selector-missing-label-app:latest" already present on machine    
           Normal  Created    40s   kubelet                                     
         spec.containers{kube-selector-missing-label}: Created container        
         kube-selector-missing-label                                            
           Normal  Started    40s   kubelet                                     
         spec.containers{kube-selector-missing-label}: Started container        
         kube-selector-missing-label                                            
                                                                                
DEBUG    ============== assistant ==============                                
DEBUG    Tool Calls: [                                                          
           {                                                                    
             "id": "call_iI7oVxdBU2JjScgs2zol5p3o",                             
             "function": {                                                      
               "arguments": "{\"command\":\"kubectl get endpoints               
         selector-missing-label-service -o wide\"}",                            
               "name": "run_shell_command"                                      
             },                                                                 
             "type": "function"                                                 
           }                                                                    
         ]                                                                      
DEBUG    ============== tool ==============                                     
DEBUG    Tool call Id: call_iI7oVxdBU2JjScgs2zol5p3o                            
DEBUG    NAME                             ENDPOINTS           AGE               
         selector-missing-label-service   10.244.0.233:8765   46s               
                                                                                
DEBUG    ============== assistant ==============                                
DEBUG    Tool Calls: [                                                          
           {                                                                    
             "id": "call_rNWyyAtwqUjPaVw1bbz33DAv",                             
             "function": {                                                      
               "arguments": "{\"command\":\"minikube -p minikube service        
         selector-missing-label-service --url\"}",                              
               "name": "run_shell_command"                                      
             },                                                                 
             "type": "function"                                                 
           }                                                                    
         ]                                                                      
DEBUG    ============== tool ==============                                     
DEBUG    Tool call Id: call_rNWyyAtwqUjPaVw1bbz33DAv                            
DEBUG    * service default/selector-missing-label-service has no node port      
                                                                                
DEBUG    ============== assistant ==============                                
DEBUG    Tool Calls: [                                                          
           {                                                                    
             "id": "call_Qk9HSd07tpfZgT2qAcm40bea",                             
             "function": {                                                      
               "arguments": "{\"command\":\"kubectl describe service            
         selector-missing-label-service\"}",                                    
               "name": "run_shell_command"                                      
             },                                                                 
             "type": "function"                                                 
           }                                                                    
         ]                                                                      
DEBUG    ============== tool ==============                                     
DEBUG    Tool call Id: call_Qk9HSd07tpfZgT2qAcm40bea                            
DEBUG    Name:                     selector-missing-label-service               
         Namespace:                default                                      
         Labels:                   <none>                                       
         Annotations:              <none>                                       
         Selector:                 app=kube-selector-missing-label              
         Type:                     ClusterIP                                    
         IP Family Policy:         SingleStack                                  
         IP Families:              IPv4                                         
         IP:                       10.108.155.233                               
         IPs:                      10.108.155.233                               
         Port:                     <unset>  8000/TCP                            
         TargetPort:               8765/TCP                                     
         Endpoints:                10.244.0.233:8765                            
         Session Affinity:         None                                         
         Internal Traffic Policy:  Cluster                                      
         Events:                   <none>                                       
                                                                                
DEBUG    ============== assistant ==============                                
DEBUG    Tool Calls: [                                                          
           {                                                                    
             "id": "call_YCEx2ArxQ9383PqGyL9IP3Fk",                             
             "function": {                                                      
               "arguments": "{\"command\":\"kubectl exec                        
         kube-selector-missing-label -- curl -sS http://127.0.0.1:8765\"}",     
               "name": "run_shell_command"                                      
             },                                                                 
             "type": "function"                                                 
           }                                                                    
         ]                                                                      
DEBUG    ============== tool ==============                                     
DEBUG    Tool call Id: call_YCEx2ArxQ9383PqGyL9IP3Fk                            
DEBUG    Error: command terminated with exit code 126                           
DEBUG    ============== assistant ==============                                
DEBUG    Tool Calls: [                                                          
           {                                                                    
             "id": "call_sW6jXGK0CRakzwY6v508RkCN",                             
             "function": {                                                      
               "arguments": "{\"command\":\"kubectl exec                        
         kube-selector-missing-label -- curl -sS http://127.0.0.1:8765 || true; 
         echo STATUS:$?\"}",                                                    
               "name": "run_shell_command"                                      
             },                                                                 
             "type": "function"                                                 
           }                                                                    
         ]                                                                      
DEBUG    ============== tool ==============                                     
DEBUG    Tool call Id: call_sW6jXGK0CRakzwY6v508RkCN                            
DEBUG    OCI runtime exec failed: exec failed: unable to start container        
         process: exec: "curl": executable file not found in $PATH: unknown     
         STATUS:0                                                               
                                                                                
DEBUG    ============== assistant ==============                                
DEBUG    Tool Calls: [                                                          
           {                                                                    
             "id": "call_9vPW3CRNifHxxBqCYBAqyx4q",                             
             "function": {                                                      
               "arguments": "{\"command\":\"kubectl exec                        
         kube-selector-missing-label -- /bin/bash -lc 'which curl >/dev/null    
         2>&1 && curl -sS http://127.0.0.1:8765 || echo CURL_MISSING'\"}",      
               "name": "run_shell_command"                                      
             },                                                                 
             "type": "function"                                                 
           }                                                                    
         ]                                                                      
DEBUG    ============== tool ==============                                     
DEBUG    Tool call Id: call_9vPW3CRNifHxxBqCYBAqyx4q                            
DEBUG    CURL_MISSING                                                           
                                                                                
DEBUG    ============== assistant ==============                                
DEBUG    Tool Calls: [                                                          
           {                                                                    
             "id": "call_oKCysUvOAUdDdxUvCYXxxUDi",                             
             "function": {                                                      
               "arguments": "{\"command\":\"kubectl exec                        
         kube-selector-missing-label -- /bin/bash -lc 'nc -zv 127.0.0.1 8765 || 
         echo NET_FAIL'\"}",                                                    
               "name": "run_shell_command"                                      
             },                                                                 
             "type": "function"                                                 
           }                                                                    
         ]                                                                      
DEBUG    **************** METRICS START ****************                        
DEBUG    * Time to generate response:   1.3108s                                 
DEBUG    * Tokens per second:           39.6699 tokens/s                        
DEBUG    * Input tokens:                3118                                    
DEBUG    * Output tokens:               52                                      
DEBUG    * Total tokens:                3170                                    
DEBUG    * Prompt tokens details:       {'audio_tokens': 0, 'cached_tokens':    
         2944}                                                                  
DEBUG    * Completion tokens details:   {'accepted_prediction_tokens': 0,       
         'audio_tokens': 0, 'reasoning_tokens': 0, 'rejected_prediction_tokens':
         0}                                                                     
DEBUG    **************** METRICS END ******************                        
DEBUG    Getting function run_shell_command                                     
DEBUG    Running: run_shell_command(command=kubectl exec                        
         kube-selector-missing-label -- /bin/bash -lc 'nc -zv 127.0.0.1 8765 || 
         echo NET_FAIL')                                                        
INFO     Running shell command: kubectl exec kube-selector-missing-label --     
         /bin/bash -lc 'nc -zv 127.0.0.1 8765 || echo NET_FAIL'                 
DEBUG    Return code: 0                                                         
DEBUG    ---------- OpenAI Response Start ----------                            
DEBUG    ============== developer ==============                                
DEBUG    ## Instructions                                                        
         - You are a verification agent tasked with verifying whether the       
         described Kubernetes issue has been fixed.                             
         - Run diagnostic commands to check the current state of the cluster.   
         - Always verify that the pods are running                              
         - Since this Kubernetes cluster is running on Minikube, use the        
         minikube service command to access services when appropriate.          
         - Do not use live feed flags when checking the logs such as 'kubectl   
         logs -f'                                                               
         - If kubectl logs fails, wait 5-10 seconds and try again up to 3 times 
         - If logs are still unavailable after retries, you can still verify    
         based on pod status and output of specific diagnostic command that will
         be provided to you                                                     
         - Use <|VERIFIED|> if the pod is Running and the kubectl or minikube   
         diagnostic commands indicate success, even if logs are temporarily     
         unavailable)                                                           
         - After completing verification, you must conclude with EXACTLY one of 
         these tokens:                                                          
         - - <|VERIFIED|> if the issue has been completely fixed                
         - - <|FAILED|> if the issue has NOT been fixed                         
         - - <|VERIFICATION_ERROR|> only if you cannot check files or pod status
         at all                                                                 
         - DO NOT create your own tokens. Use ONLY the three tokens listed      
         above.                                                                 
         - Use markdown to format your answers.                                 
                                                                                
         ## Guidelines                                                          
         If pod logs are temporarily unavailable, this is acceptable            
         The PRIMARY verification is: pod is Running and output of kubectl or   
         minikube based diagnostic commands.                                    
         Log verification is secondary - if unavailable, ignore it. You can     
         verify without logs                                                    
         You MUST use one of the three specified tokens: <|VERIFIED|>,          
         <|FAILED|>, or <|VERIFICATION_ERROR|>                                  
DEBUG    ============== user ==============                                     
DEBUG    You are a precise Kubernetes Verification Agent. Your only goal is to  
         determine, with evidence, whether the original problem described below 
         has been fully resolved in the current cluster state.                  
                                                                                
                     ### ORIGINAL PROBLEM TO VERIFY                             
                     The pod is Running, but describing the Service shows no    
         endpoints for the application.                                         
                                                                                
                     ### VERIFICATION RULES (STRICTLY FOLLOW)                   
                     1. **Never assume** the problem is fixed. You must prove it
         with real commands and observed output.                                
                     2. Always start verification using `kubectl` (never guess  
         pod/service names).                                                    
                     3. Use exact resource names extracted from the YAML        
         manifests — do not invent them.                                        
                     4. If a command fails or a resource does not exist, clearly
         state that and do not proceed as if it succeeded.                      
                     5. Only declare the issue resolved if all relevant pods are
         Running/Ready and the configured access path for this scenario is      
         reachable.                                                             
                                                                                
                     ### RELEVANT MANIFESTS (use these to find exact names)     
                      The file                                                  
         /home/minh/KubeLLM/debug_assistant_latest/troubleshooting/incorrect_sel
         ector_missing_label/incorrect_selector_missing_label.yaml  describes a 
         deployment. This is the file contents: apiVersion: v1                  
         kind: Pod                                                              
         metadata:                                                              
           name: kube-selector-missing-label                                    
           labels:                                                              
             tier: frontend                                                     
             app: kube-selector-missing-label                                   
         spec:                                                                  
           containers:                                                          
           - name: kube-selector-missing-label                                  
             image: kube-selector-missing-label-app:latest                      
             imagePullPolicy: Never                                             
             ports:                                                             
             - containerPort: 8765                                              
         . The file                                                             
         /home/minh/KubeLLM/debug_assistant_latest/troubleshooting/incorrect_sel
         ector_missing_label/server.py  describes a application. This is the    
         file contents: from http.server import HTTPServer,                     
         BaseHTTPRequestHandler                                                 
         class Handler(BaseHTTPRequestHandler):                                 
             def do_GET(self):                                                  
                 self.send_response(200)                                        
                 self.end_headers()                                             
                 self.wfile.write(b"ok")                                        
         HTTPServer(("0.0.0.0", 8765), Handler).serve_forever()                 
         . The file                                                             
         /home/minh/KubeLLM/debug_assistant_latest/troubleshooting/incorrect_sel
         ector_missing_label/app_service.yaml  describes a service. This is the 
         file contents: apiVersion: v1                                          
         kind: Service                                                          
         metadata:                                                              
           name: selector-missing-label-service                                 
         spec:                                                                  
           selector:                                                            
             app: kube-selector-missing-label                                   
           ports:                                                               
           - protocol: TCP                                                      
             port: 8000                                                         
             targetPort: 8765                                                   
         .                                                                      
                     ### CURRENT CONTEXT                                        
                     - Working directory:                                       
         /home/minh/KubeLLM/debug_assistant_latest/troubleshooting/incorrect_sel
         ector_missing_label/                                                   
                     - Main configuration file:                                 
         incorrect_selector_missing_label.yaml                                  
                     - Minikube profile: minikube                               
                                                                                
                     ### STEP-BY-STEP VERIFICATION PROCEDURE (follow exactly in 
         order)                                                                 
                     1. Run `kubectl get pods` → confirm all expected pods exist
         and are in Running state with 1/1 (or expected) ready containers.      
                     2. For each expected pod, run `kubectl describe pod        
         <pod-name>` and check Events for errors (CrashLoopBackOff,             
         ImagePullBackOff, OOM, etc.).                                          
                     3. If relevant service YAML exists, run `kubectl get       
         service <service-name>` → confirm expected Service exists and has      
         ClusterIP assigned.                                                    
                     4. Only if a Service manifest exists and the Service is    
         running:                                                               
                        - Run: `minikube -p minikube service <service-name>     
         --url`                                                                 
                        - Take the URL(s) returned and test with `curl -v <url>`
                     5. If Ingress exists, get the ingress address and test the 
         hostname/path with curl.                                               
                                                                                
         ### Tool Usage Rules                                                   
         - Do not attempt many commands in one tool call.                       
         - Never repeat a tool call that has already been executed successfully 
         in this run.                                                           
         - If you need the result of a previous tool call, use the provided     
         output rather than re-invoking it.                                     
         - Keep the tool call as simple as possible to avoid errors.            
         - Never run Minikube lifecycle or configuration commands such as       
         `minikube start`, `minikube stop`, `minikube delete`, `minikube pause`,
         `minikube unpause`, or `minikube config`; the runner owns the active   
         profile. Use `minikube status` only for diagnostics and report an      
         unhealthy profile.                                                     
         - Do not run long-lived or background commands such as `kubectl        
         port-forward`, `Start-Process`, or `kubectl logs -f`; prefer           
         single-shot commands that exit on their own.                           
         - Do not use `kubectl port-forward`, background verification, `kubectl 
         logs -f`, or `kubectl get -w`.                                         
         - For reachability checks, use the access path defined by the scenario:
         if a Service exists, verify via Service/endpoints/service-routed       
         access; if no Service exists, use bounded direct checks such as        
         `kubectl exec` with an in-container one-shot HTTP request.             
         - Prefer one-shot application checks such as `kubectl exec <pod> --    
         python3 -c "import urllib.request;                                     
         print(urllib.request.urlopen('http://127.0.0.1:<port>/').getcode())"`  
         when Python is available in the container.                             
                                                                                
                                                                                
         === CRITICAL: USE EXACT TOKENS ===                                     
         You MUST conclude with EXACTLY one of these three tokens:              
         1. <|VERIFIED|> if the issue has been completely resolved              
         2. <|FAILED|> if the issue has NOT been fixed                          
         3. <|VERIFICATION_ERROR|> if you encountered errors during verification
                                                                                
         DO NOT make up your own tokens like <|FIX_VERIFIED_FAILED|> or anything
         else.                                                                  
         Use ONLY: <|VERIFIED|>, <|FAILED|>, or <|VERIFICATION_ERROR|>          
                                                                                
DEBUG    ============== assistant ==============                                
DEBUG    Tool Calls: [                                                          
           {                                                                    
             "id": "call_HsmDxcnCtCZ3aJsAxXbnBVhw",                             
             "function": {                                                      
               "arguments": "{\"command\":\"kubectl get pods -o wide\"}",       
               "name": "run_shell_command"                                      
             },                                                                 
             "type": "function"                                                 
           }                                                                    
         ]                                                                      
DEBUG    ============== tool ==============                                     
DEBUG    Tool call Id: call_HsmDxcnCtCZ3aJsAxXbnBVhw                            
DEBUG    NAME                          READY   STATUS    RESTARTS   AGE   IP    
         NODE       NOMINATED NODE   READINESS GATES                            
         kube-selector-missing-label   1/1     Running   0          36s         
         10.244.0.233   minikube   <none>           <none>                      
                                                                                
DEBUG    ============== assistant ==============                                
DEBUG    Tool Calls: [                                                          
           {                                                                    
             "id": "call_savvMY6vULTQqsCMAONTMOlb",                             
             "function": {                                                      
               "arguments": "{\"command\":\"kubectl get service                 
         selector-missing-label-service -o wide\"}",                            
               "name": "run_shell_command"                                      
             },                                                                 
             "type": "function"                                                 
           }                                                                    
         ]                                                                      
DEBUG    ============== tool ==============                                     
DEBUG    Tool call Id: call_savvMY6vULTQqsCMAONTMOlb                            
DEBUG    NAME                             TYPE        CLUSTER-IP                
         EXTERNAL-IP   PORT(S)    AGE   SELECTOR                                
         selector-missing-label-service   ClusterIP   10.108.155.233   <none>   
         8000/TCP   40s   app=kube-selector-missing-label                       
                                                                                
DEBUG    ============== assistant ==============                                
DEBUG    Tool Calls: [                                                          
           {                                                                    
             "id": "call_DrZg7dSHWc81fiUrTYEpuHIf",                             
             "function": {                                                      
               "arguments": "{\"command\":\"kubectl describe pod                
         kube-selector-missing-label\"}",                                       
               "name": "run_shell_command"                                      
             },                                                                 
             "type": "function"                                                 
           }                                                                    
         ]                                                                      
DEBUG    ============== tool ==============                                     
DEBUG    Tool call Id: call_DrZg7dSHWc81fiUrTYEpuHIf                            
DEBUG    Service Account:  default                                              
         Node:             minikube/192.168.58.2                                
         Start Time:       Mon, 20 Jul 2026 00:48:13 +0000                      
         Labels:           app=kube-selector-missing-label                      
                           tier=frontend                                        
         Annotations:      <none>                                               
         Status:           Running                                              
         IP:               10.244.0.233                                         
         IPs:                                                                   
           IP:  10.244.0.233                                                    
         Containers:                                                            
           kube-selector-missing-label:                                         
             Container ID:                                                      
         docker://f06e7131980bb8867d9fb96a46901be771bd9e058cd59976fd420c579c183b
         82                                                                     
             Image:          kube-selector-missing-label-app:latest             
             Image ID:                                                          
         docker://sha256:a4f4c071853b9801e32b73e03b5f54f258797de48ac5c15a7f318d0
         8b7a171f7                                                              
             Port:           8765/TCP                                           
             Host Port:      0/TCP                                              
             State:          Running                                            
               Started:      Mon, 20 Jul 2026 00:48:14 +0000                    
             Ready:          True                                               
             Restart Count:  0                                                  
             Environment:    <none>                                             
             Mounts:                                                            
               /var/run/secrets/kubernetes.io/serviceaccount from               
         kube-api-access-9f2rn (ro)                                             
         Conditions:                                                            
           Type                        Status                                   
           PodReadyToStartContainers   True                                     
           Initialized                 True                                     
           Ready                       True                                     
           ContainersReady             True                                     
           PodScheduled                True                                     
         Volumes:                                                               
           kube-api-access-9f2rn:                                               
             Type:                    Projected (a volume that contains injected
         data from multiple sources)                                            
             TokenExpirationSeconds:  3607                                      
             ConfigMapName:           kube-root-ca.crt                          
             Optional:                false                                     
             DownwardAPI:             true                                      
         QoS Class:                   BestEffort                                
         Node-Selectors:              <none>                                    
         Tolerations:                 node.kubernetes.io/not-ready:NoExecute    
         op=Exists for 300s                                                     
                                      node.kubernetes.io/unreachable:NoExecute  
         op=Exists for 300s                                                     
         Events:                                                                
           Type    Reason     Age   From               Message                  
           ----    ------     ----  ----               -------                  
           Normal  Scheduled  40s   default-scheduler  Successfully assigned    
         default/kube-selector-missing-label to minikube                        
           Normal  Pulled     40s   kubelet                                     
         spec.containers{kube-selector-missing-label}: Container image          
         "kube-selector-missing-label-app:latest" already present on machine    
           Normal  Created    40s   kubelet                                     
         spec.containers{kube-selector-missing-label}: Created container        
         kube-selector-missing-label                                            
           Normal  Started    40s   kubelet                                     
         spec.containers{kube-selector-missing-label}: Started container        
         kube-selector-missing-label                                            
                                                                                
DEBUG    ============== assistant ==============                                
DEBUG    Tool Calls: [                                                          
           {                                                                    
             "id": "call_iI7oVxdBU2JjScgs2zol5p3o",                             
             "function": {                                                      
               "arguments": "{\"command\":\"kubectl get endpoints               
         selector-missing-label-service -o wide\"}",                            
               "name": "run_shell_command"                                      
             },                                                                 
             "type": "function"                                                 
           }                                                                    
         ]                                                                      
DEBUG    ============== tool ==============                                     
DEBUG    Tool call Id: call_iI7oVxdBU2JjScgs2zol5p3o                            
DEBUG    NAME                             ENDPOINTS           AGE               
         selector-missing-label-service   10.244.0.233:8765   46s               
                                                                                
DEBUG    ============== assistant ==============                                
DEBUG    Tool Calls: [                                                          
           {                                                                    
             "id": "call_rNWyyAtwqUjPaVw1bbz33DAv",                             
             "function": {                                                      
               "arguments": "{\"command\":\"minikube -p minikube service        
         selector-missing-label-service --url\"}",                              
               "name": "run_shell_command"                                      
             },                                                                 
             "type": "function"                                                 
           }                                                                    
         ]                                                                      
DEBUG    ============== tool ==============                                     
DEBUG    Tool call Id: call_rNWyyAtwqUjPaVw1bbz33DAv                            
DEBUG    * service default/selector-missing-label-service has no node port      
                                                                                
DEBUG    ============== assistant ==============                                
DEBUG    Tool Calls: [                                                          
           {                                                                    
             "id": "call_Qk9HSd07tpfZgT2qAcm40bea",                             
             "function": {                                                      
               "arguments": "{\"command\":\"kubectl describe service            
         selector-missing-label-service\"}",                                    
               "name": "run_shell_command"                                      
             },                                                                 
             "type": "function"                                                 
           }                                                                    
         ]                                                                      
DEBUG    ============== tool ==============                                     
DEBUG    Tool call Id: call_Qk9HSd07tpfZgT2qAcm40bea                            
DEBUG    Name:                     selector-missing-label-service               
         Namespace:                default                                      
         Labels:                   <none>                                       
         Annotations:              <none>                                       
         Selector:                 app=kube-selector-missing-label              
         Type:                     ClusterIP                                    
         IP Family Policy:         SingleStack                                  
         IP Families:              IPv4                                         
         IP:                       10.108.155.233                               
         IPs:                      10.108.155.233                               
         Port:                     <unset>  8000/TCP                            
         TargetPort:               8765/TCP                                     
         Endpoints:                10.244.0.233:8765                            
         Session Affinity:         None                                         
         Internal Traffic Policy:  Cluster                                      
         Events:                   <none>                                       
                                                                                
DEBUG    ============== assistant ==============                                
DEBUG    Tool Calls: [                                                          
           {                                                                    
             "id": "call_YCEx2ArxQ9383PqGyL9IP3Fk",                             
             "function": {                                                      
               "arguments": "{\"command\":\"kubectl exec                        
         kube-selector-missing-label -- curl -sS http://127.0.0.1:8765\"}",     
               "name": "run_shell_command"                                      
             },                                                                 
             "type": "function"                                                 
           }                                                                    
         ]                                                                      
DEBUG    ============== tool ==============                                     
DEBUG    Tool call Id: call_YCEx2ArxQ9383PqGyL9IP3Fk                            
DEBUG    Error: command terminated with exit code 126                           
DEBUG    ============== assistant ==============                                
DEBUG    Tool Calls: [                                                          
           {                                                                    
             "id": "call_sW6jXGK0CRakzwY6v508RkCN",                             
             "function": {                                                      
               "arguments": "{\"command\":\"kubectl exec                        
         kube-selector-missing-label -- curl -sS http://127.0.0.1:8765 || true; 
         echo STATUS:$?\"}",                                                    
               "name": "run_shell_command"                                      
             },                                                                 
             "type": "function"                                                 
           }                                                                    
         ]                                                                      
DEBUG    ============== tool ==============                                     
DEBUG    Tool call Id: call_sW6jXGK0CRakzwY6v508RkCN                            
DEBUG    OCI runtime exec failed: exec failed: unable to start container        
         process: exec: "curl": executable file not found in $PATH: unknown     
         STATUS:0                                                               
                                                                                
DEBUG    ============== assistant ==============                                
DEBUG    Tool Calls: [                                                          
           {                                                                    
             "id": "call_9vPW3CRNifHxxBqCYBAqyx4q",                             
             "function": {                                                      
               "arguments": "{\"command\":\"kubectl exec                        
         kube-selector-missing-label -- /bin/bash -lc 'which curl >/dev/null    
         2>&1 && curl -sS http://127.0.0.1:8765 || echo CURL_MISSING'\"}",      
               "name": "run_shell_command"                                      
             },                                                                 
             "type": "function"                                                 
           }                                                                    
         ]                                                                      
DEBUG    ============== tool ==============                                     
DEBUG    Tool call Id: call_9vPW3CRNifHxxBqCYBAqyx4q                            
DEBUG    CURL_MISSING                                                           
                                                                                
DEBUG    ============== assistant ==============                                
DEBUG    Tool Calls: [                                                          
           {                                                                    
             "id": "call_oKCysUvOAUdDdxUvCYXxxUDi",                             
             "function": {                                                      
               "arguments": "{\"command\":\"kubectl exec                        
         kube-selector-missing-label -- /bin/bash -lc 'nc -zv 127.0.0.1 8765 || 
         echo NET_FAIL'\"}",                                                    
               "name": "run_shell_command"                                      
             },                                                                 
             "type": "function"                                                 
           }                                                                    
         ]                                                                      
DEBUG    ============== tool ==============                                     
DEBUG    Tool call Id: call_oKCysUvOAUdDdxUvCYXxxUDi                            
DEBUG    NET_FAIL                                                               
                                                                                
DEBUG    ============== assistant ==============                                
DEBUG    Tool Calls: [                                                          
           {                                                                    
             "id": "call_jVmoE5oi58vGtsnXHJ6QwUwy",                             
             "function": {                                                      
               "arguments": "{\"command\":\"kubectl exec                        
         kube-selector-missing-label -- /bin/bash -lc 'wget -qO-                
         http://127.0.0.1:8765 || echo FAIL'\"}",                               
               "name": "run_shell_command"                                      
             },                                                                 
             "type": "function"                                                 
           }                                                                    
         ]                                                                      
DEBUG    **************** METRICS START ****************                        
DEBUG    * Time to generate response:   0.8871s                                 
DEBUG    * Tokens per second:           59.7473 tokens/s                        
DEBUG    * Input tokens:                3185                                    
DEBUG    * Output tokens:               53                                      
DEBUG    * Total tokens:                3238                                    
DEBUG    * Prompt tokens details:       {'audio_tokens': 0, 'cached_tokens':    
         2944}                                                                  
DEBUG    * Completion tokens details:   {'accepted_prediction_tokens': 0,       
         'audio_tokens': 0, 'reasoning_tokens': 0, 'rejected_prediction_tokens':
         0}                                                                     
DEBUG    **************** METRICS END ******************                        
DEBUG    Getting function run_shell_command                                     
DEBUG    Running: run_shell_command(command=...)                                
INFO     Running shell command: kubectl exec kube-selector-missing-label --     
         /bin/bash -lc 'wget -qO- http://127.0.0.1:8765 || echo FAIL'           
DEBUG    Return code: 0                                                         
DEBUG    ---------- OpenAI Response Start ----------                            
DEBUG    ============== developer ==============                                
DEBUG    ## Instructions                                                        
         - You are a verification agent tasked with verifying whether the       
         described Kubernetes issue has been fixed.                             
         - Run diagnostic commands to check the current state of the cluster.   
         - Always verify that the pods are running                              
         - Since this Kubernetes cluster is running on Minikube, use the        
         minikube service command to access services when appropriate.          
         - Do not use live feed flags when checking the logs such as 'kubectl   
         logs -f'                                                               
         - If kubectl logs fails, wait 5-10 seconds and try again up to 3 times 
         - If logs are still unavailable after retries, you can still verify    
         based on pod status and output of specific diagnostic command that will
         be provided to you                                                     
         - Use <|VERIFIED|> if the pod is Running and the kubectl or minikube   
         diagnostic commands indicate success, even if logs are temporarily     
         unavailable)                                                           
         - After completing verification, you must conclude with EXACTLY one of 
         these tokens:                                                          
         - - <|VERIFIED|> if the issue has been completely fixed                
         - - <|FAILED|> if the issue has NOT been fixed                         
         - - <|VERIFICATION_ERROR|> only if you cannot check files or pod status
         at all                                                                 
         - DO NOT create your own tokens. Use ONLY the three tokens listed      
         above.                                                                 
         - Use markdown to format your answers.                                 
                                                                                
         ## Guidelines                                                          
         If pod logs are temporarily unavailable, this is acceptable            
         The PRIMARY verification is: pod is Running and output of kubectl or   
         minikube based diagnostic commands.                                    
         Log verification is secondary - if unavailable, ignore it. You can     
         verify without logs                                                    
         You MUST use one of the three specified tokens: <|VERIFIED|>,          
         <|FAILED|>, or <|VERIFICATION_ERROR|>                                  
DEBUG    ============== user ==============                                     
DEBUG    You are a precise Kubernetes Verification Agent. Your only goal is to  
         determine, with evidence, whether the original problem described below 
         has been fully resolved in the current cluster state.                  
                                                                                
                     ### ORIGINAL PROBLEM TO VERIFY                             
                     The pod is Running, but describing the Service shows no    
         endpoints for the application.                                         
                                                                                
                     ### VERIFICATION RULES (STRICTLY FOLLOW)                   
                     1. **Never assume** the problem is fixed. You must prove it
         with real commands and observed output.                                
                     2. Always start verification using `kubectl` (never guess  
         pod/service names).                                                    
                     3. Use exact resource names extracted from the YAML        
         manifests — do not invent them.                                        
                     4. If a command fails or a resource does not exist, clearly
         state that and do not proceed as if it succeeded.                      
                     5. Only declare the issue resolved if all relevant pods are
         Running/Ready and the configured access path for this scenario is      
         reachable.                                                             
                                                                                
                     ### RELEVANT MANIFESTS (use these to find exact names)     
                      The file                                                  
         /home/minh/KubeLLM/debug_assistant_latest/troubleshooting/incorrect_sel
         ector_missing_label/incorrect_selector_missing_label.yaml  describes a 
         deployment. This is the file contents: apiVersion: v1                  
         kind: Pod                                                              
         metadata:                                                              
           name: kube-selector-missing-label                                    
           labels:                                                              
             tier: frontend                                                     
             app: kube-selector-missing-label                                   
         spec:                                                                  
           containers:                                                          
           - name: kube-selector-missing-label                                  
             image: kube-selector-missing-label-app:latest                      
             imagePullPolicy: Never                                             
             ports:                                                             
             - containerPort: 8765                                              
         . The file                                                             
         /home/minh/KubeLLM/debug_assistant_latest/troubleshooting/incorrect_sel
         ector_missing_label/server.py  describes a application. This is the    
         file contents: from http.server import HTTPServer,                     
         BaseHTTPRequestHandler                                                 
         class Handler(BaseHTTPRequestHandler):                                 
             def do_GET(self):                                                  
                 self.send_response(200)                                        
                 self.end_headers()                                             
                 self.wfile.write(b"ok")                                        
         HTTPServer(("0.0.0.0", 8765), Handler).serve_forever()                 
         . The file                                                             
         /home/minh/KubeLLM/debug_assistant_latest/troubleshooting/incorrect_sel
         ector_missing_label/app_service.yaml  describes a service. This is the 
         file contents: apiVersion: v1                                          
         kind: Service                                                          
         metadata:                                                              
           name: selector-missing-label-service                                 
         spec:                                                                  
           selector:                                                            
             app: kube-selector-missing-label                                   
           ports:                                                               
           - protocol: TCP                                                      
             port: 8000                                                         
             targetPort: 8765                                                   
         .                                                                      
                     ### CURRENT CONTEXT                                        
                     - Working directory:                                       
         /home/minh/KubeLLM/debug_assistant_latest/troubleshooting/incorrect_sel
         ector_missing_label/                                                   
                     - Main configuration file:                                 
         incorrect_selector_missing_label.yaml                                  
                     - Minikube profile: minikube                               
                                                                                
                     ### STEP-BY-STEP VERIFICATION PROCEDURE (follow exactly in 
         order)                                                                 
                     1. Run `kubectl get pods` → confirm all expected pods exist
         and are in Running state with 1/1 (or expected) ready containers.      
                     2. For each expected pod, run `kubectl describe pod        
         <pod-name>` and check Events for errors (CrashLoopBackOff,             
         ImagePullBackOff, OOM, etc.).                                          
                     3. If relevant service YAML exists, run `kubectl get       
         service <service-name>` → confirm expected Service exists and has      
         ClusterIP assigned.                                                    
                     4. Only if a Service manifest exists and the Service is    
         running:                                                               
                        - Run: `minikube -p minikube service <service-name>     
         --url`                                                                 
                        - Take the URL(s) returned and test with `curl -v <url>`
                     5. If Ingress exists, get the ingress address and test the 
         hostname/path with curl.                                               
                                                                                
         ### Tool Usage Rules                                                   
         - Do not attempt many commands in one tool call.                       
         - Never repeat a tool call that has already been executed successfully 
         in this run.                                                           
         - If you need the result of a previous tool call, use the provided     
         output rather than re-invoking it.                                     
         - Keep the tool call as simple as possible to avoid errors.            
         - Never run Minikube lifecycle or configuration commands such as       
         `minikube start`, `minikube stop`, `minikube delete`, `minikube pause`,
         `minikube unpause`, or `minikube config`; the runner owns the active   
         profile. Use `minikube status` only for diagnostics and report an      
         unhealthy profile.                                                     
         - Do not run long-lived or background commands such as `kubectl        
         port-forward`, `Start-Process`, or `kubectl logs -f`; prefer           
         single-shot commands that exit on their own.                           
         - Do not use `kubectl port-forward`, background verification, `kubectl 
         logs -f`, or `kubectl get -w`.                                         
         - For reachability checks, use the access path defined by the scenario:
         if a Service exists, verify via Service/endpoints/service-routed       
         access; if no Service exists, use bounded direct checks such as        
         `kubectl exec` with an in-container one-shot HTTP request.             
         - Prefer one-shot application checks such as `kubectl exec <pod> --    
         python3 -c "import urllib.request;                                     
         print(urllib.request.urlopen('http://127.0.0.1:<port>/').getcode())"`  
         when Python is available in the container.                             
                                                                                
                                                                                
         === CRITICAL: USE EXACT TOKENS ===                                     
         You MUST conclude with EXACTLY one of these three tokens:              
         1. <|VERIFIED|> if the issue has been completely resolved              
         2. <|FAILED|> if the issue has NOT been fixed                          
         3. <|VERIFICATION_ERROR|> if you encountered errors during verification
                                                                                
         DO NOT make up your own tokens like <|FIX_VERIFIED_FAILED|> or anything
         else.                                                                  
         Use ONLY: <|VERIFIED|>, <|FAILED|>, or <|VERIFICATION_ERROR|>          
                                                                                
DEBUG    ============== assistant ==============                                
DEBUG    Tool Calls: [                                                          
           {                                                                    
             "id": "call_HsmDxcnCtCZ3aJsAxXbnBVhw",                             
             "function": {                                                      
               "arguments": "{\"command\":\"kubectl get pods -o wide\"}",       
               "name": "run_shell_command"                                      
             },                                                                 
             "type": "function"                                                 
           }                                                                    
         ]                                                                      
DEBUG    ============== tool ==============                                     
DEBUG    Tool call Id: call_HsmDxcnCtCZ3aJsAxXbnBVhw                            
DEBUG    NAME                          READY   STATUS    RESTARTS   AGE   IP    
         NODE       NOMINATED NODE   READINESS GATES                            
         kube-selector-missing-label   1/1     Running   0          36s         
         10.244.0.233   minikube   <none>           <none>                      
                                                                                
DEBUG    ============== assistant ==============                                
DEBUG    Tool Calls: [                                                          
           {                                                                    
             "id": "call_savvMY6vULTQqsCMAONTMOlb",                             
             "function": {                                                      
               "arguments": "{\"command\":\"kubectl get service                 
         selector-missing-label-service -o wide\"}",                            
               "name": "run_shell_command"                                      
             },                                                                 
             "type": "function"                                                 
           }                                                                    
         ]                                                                      
DEBUG    ============== tool ==============                                     
DEBUG    Tool call Id: call_savvMY6vULTQqsCMAONTMOlb                            
DEBUG    NAME                             TYPE        CLUSTER-IP                
         EXTERNAL-IP   PORT(S)    AGE   SELECTOR                                
         selector-missing-label-service   ClusterIP   10.108.155.233   <none>   
         8000/TCP   40s   app=kube-selector-missing-label                       
                                                                                
DEBUG    ============== assistant ==============                                
DEBUG    Tool Calls: [                                                          
           {                                                                    
             "id": "call_DrZg7dSHWc81fiUrTYEpuHIf",                             
             "function": {                                                      
               "arguments": "{\"command\":\"kubectl describe pod                
         kube-selector-missing-label\"}",                                       
               "name": "run_shell_command"                                      
             },                                                                 
             "type": "function"                                                 
           }                                                                    
         ]                                                                      
DEBUG    ============== tool ==============                                     
DEBUG    Tool call Id: call_DrZg7dSHWc81fiUrTYEpuHIf                            
DEBUG    Service Account:  default                                              
         Node:             minikube/192.168.58.2                                
         Start Time:       Mon, 20 Jul 2026 00:48:13 +0000                      
         Labels:           app=kube-selector-missing-label                      
                           tier=frontend                                        
         Annotations:      <none>                                               
         Status:           Running                                              
         IP:               10.244.0.233                                         
         IPs:                                                                   
           IP:  10.244.0.233                                                    
         Containers:                                                            
           kube-selector-missing-label:                                         
             Container ID:                                                      
         docker://f06e7131980bb8867d9fb96a46901be771bd9e058cd59976fd420c579c183b
         82                                                                     
             Image:          kube-selector-missing-label-app:latest             
             Image ID:                                                          
         docker://sha256:a4f4c071853b9801e32b73e03b5f54f258797de48ac5c15a7f318d0
         8b7a171f7                                                              
             Port:           8765/TCP                                           
             Host Port:      0/TCP                                              
             State:          Running                                            
               Started:      Mon, 20 Jul 2026 00:48:14 +0000                    
             Ready:          True                                               
             Restart Count:  0                                                  
             Environment:    <none>                                             
             Mounts:                                                            
               /var/run/secrets/kubernetes.io/serviceaccount from               
         kube-api-access-9f2rn (ro)                                             
         Conditions:                                                            
           Type                        Status                                   
           PodReadyToStartContainers   True                                     
           Initialized                 True                                     
           Ready                       True                                     
           ContainersReady             True                                     
           PodScheduled                True                                     
         Volumes:                                                               
           kube-api-access-9f2rn:                                               
             Type:                    Projected (a volume that contains injected
         data from multiple sources)                                            
             TokenExpirationSeconds:  3607                                      
             ConfigMapName:           kube-root-ca.crt                          
             Optional:                false                                     
             DownwardAPI:             true                                      
         QoS Class:                   BestEffort                                
         Node-Selectors:              <none>                                    
         Tolerations:                 node.kubernetes.io/not-ready:NoExecute    
         op=Exists for 300s                                                     
                                      node.kubernetes.io/unreachable:NoExecute  
         op=Exists for 300s                                                     
         Events:                                                                
           Type    Reason     Age   From               Message                  
           ----    ------     ----  ----               -------                  
           Normal  Scheduled  40s   default-scheduler  Successfully assigned    
         default/kube-selector-missing-label to minikube                        
           Normal  Pulled     40s   kubelet                                     
         spec.containers{kube-selector-missing-label}: Container image          
         "kube-selector-missing-label-app:latest" already present on machine    
           Normal  Created    40s   kubelet                                     
         spec.containers{kube-selector-missing-label}: Created container        
         kube-selector-missing-label                                            
           Normal  Started    40s   kubelet                                     
         spec.containers{kube-selector-missing-label}: Started container        
         kube-selector-missing-label                                            
                                                                                
DEBUG    ============== assistant ==============                                
DEBUG    Tool Calls: [                                                          
           {                                                                    
             "id": "call_iI7oVxdBU2JjScgs2zol5p3o",                             
             "function": {                                                      
               "arguments": "{\"command\":\"kubectl get endpoints               
         selector-missing-label-service -o wide\"}",                            
               "name": "run_shell_command"                                      
             },                                                                 
             "type": "function"                                                 
           }                                                                    
         ]                                                                      
DEBUG    ============== tool ==============                                     
DEBUG    Tool call Id: call_iI7oVxdBU2JjScgs2zol5p3o                            
DEBUG    NAME                             ENDPOINTS           AGE               
         selector-missing-label-service   10.244.0.233:8765   46s               
                                                                                
DEBUG    ============== assistant ==============                                
DEBUG    Tool Calls: [                                                          
           {                                                                    
             "id": "call_rNWyyAtwqUjPaVw1bbz33DAv",                             
             "function": {                                                      
               "arguments": "{\"command\":\"minikube -p minikube service        
         selector-missing-label-service --url\"}",                              
               "name": "run_shell_command"                                      
             },                                                                 
             "type": "function"                                                 
           }                                                                    
         ]                                                                      
DEBUG    ============== tool ==============                                     
DEBUG    Tool call Id: call_rNWyyAtwqUjPaVw1bbz33DAv                            
DEBUG    * service default/selector-missing-label-service has no node port      
                                                                                
DEBUG    ============== assistant ==============                                
DEBUG    Tool Calls: [                                                          
           {                                                                    
             "id": "call_Qk9HSd07tpfZgT2qAcm40bea",                             
             "function": {                                                      
               "arguments": "{\"command\":\"kubectl describe service            
         selector-missing-label-service\"}",                                    
               "name": "run_shell_command"                                      
             },                                                                 
             "type": "function"                                                 
           }                                                                    
         ]                                                                      
DEBUG    ============== tool ==============                                     
DEBUG    Tool call Id: call_Qk9HSd07tpfZgT2qAcm40bea                            
DEBUG    Name:                     selector-missing-label-service               
         Namespace:                default                                      
         Labels:                   <none>                                       
         Annotations:              <none>                                       
         Selector:                 app=kube-selector-missing-label              
         Type:                     ClusterIP                                    
         IP Family Policy:         SingleStack                                  
         IP Families:              IPv4                                         
         IP:                       10.108.155.233                               
         IPs:                      10.108.155.233                               
         Port:                     <unset>  8000/TCP                            
         TargetPort:               8765/TCP                                     
         Endpoints:                10.244.0.233:8765                            
         Session Affinity:         None                                         
         Internal Traffic Policy:  Cluster                                      
         Events:                   <none>                                       
                                                                                
DEBUG    ============== assistant ==============                                
DEBUG    Tool Calls: [                                                          
           {                                                                    
             "id": "call_YCEx2ArxQ9383PqGyL9IP3Fk",                             
             "function": {                                                      
               "arguments": "{\"command\":\"kubectl exec                        
         kube-selector-missing-label -- curl -sS http://127.0.0.1:8765\"}",     
               "name": "run_shell_command"                                      
             },                                                                 
             "type": "function"                                                 
           }                                                                    
         ]                                                                      
DEBUG    ============== tool ==============                                     
DEBUG    Tool call Id: call_YCEx2ArxQ9383PqGyL9IP3Fk                            
DEBUG    Error: command terminated with exit code 126                           
DEBUG    ============== assistant ==============                                
DEBUG    Tool Calls: [                                                          
           {                                                                    
             "id": "call_sW6jXGK0CRakzwY6v508RkCN",                             
             "function": {                                                      
               "arguments": "{\"command\":\"kubectl exec                        
         kube-selector-missing-label -- curl -sS http://127.0.0.1:8765 || true; 
         echo STATUS:$?\"}",                                                    
               "name": "run_shell_command"                                      
             },                                                                 
             "type": "function"                                                 
           }                                                                    
         ]                                                                      
DEBUG    ============== tool ==============                                     
DEBUG    Tool call Id: call_sW6jXGK0CRakzwY6v508RkCN                            
DEBUG    OCI runtime exec failed: exec failed: unable to start container        
         process: exec: "curl": executable file not found in $PATH: unknown     
         STATUS:0                                                               
                                                                                
DEBUG    ============== assistant ==============                                
DEBUG    Tool Calls: [                                                          
           {                                                                    
             "id": "call_9vPW3CRNifHxxBqCYBAqyx4q",                             
             "function": {                                                      
               "arguments": "{\"command\":\"kubectl exec                        
         kube-selector-missing-label -- /bin/bash -lc 'which curl >/dev/null    
         2>&1 && curl -sS http://127.0.0.1:8765 || echo CURL_MISSING'\"}",      
               "name": "run_shell_command"                                      
             },                                                                 
             "type": "function"                                                 
           }                                                                    
         ]                                                                      
DEBUG    ============== tool ==============                                     
DEBUG    Tool call Id: call_9vPW3CRNifHxxBqCYBAqyx4q                            
DEBUG    CURL_MISSING                                                           
                                                                                
DEBUG    ============== assistant ==============                                
DEBUG    Tool Calls: [                                                          
           {                                                                    
             "id": "call_oKCysUvOAUdDdxUvCYXxxUDi",                             
             "function": {                                                      
               "arguments": "{\"command\":\"kubectl exec                        
         kube-selector-missing-label -- /bin/bash -lc 'nc -zv 127.0.0.1 8765 || 
         echo NET_FAIL'\"}",                                                    
               "name": "run_shell_command"                                      
             },                                                                 
             "type": "function"                                                 
           }                                                                    
         ]                                                                      
DEBUG    ============== tool ==============                                     
DEBUG    Tool call Id: call_oKCysUvOAUdDdxUvCYXxxUDi                            
DEBUG    NET_FAIL                                                               
                                                                                
DEBUG    ============== assistant ==============                                
DEBUG    Tool Calls: [                                                          
           {                                                                    
             "id": "call_jVmoE5oi58vGtsnXHJ6QwUwy",                             
             "function": {                                                      
               "arguments": "{\"command\":\"kubectl exec                        
         kube-selector-missing-label -- /bin/bash -lc 'wget -qO-                
         http://127.0.0.1:8765 || echo FAIL'\"}",                               
               "name": "run_shell_command"                                      
             },                                                                 
             "type": "function"                                                 
           }                                                                    
         ]                                                                      
DEBUG    ============== tool ==============                                     
DEBUG    Tool call Id: call_jVmoE5oi58vGtsnXHJ6QwUwy                            
DEBUG    FAIL                                                                   
                                                                                
DEBUG    ============== assistant ==============                                
DEBUG    Tool Calls: [                                                          
           {                                                                    
             "id": "call_n0ioJBzDrq6ImLuKMzS7u88B",                             
             "function": {                                                      
               "arguments": "{\"command\":\"kubectl exec                        
         kube-selector-missing-label -- python3 -c \\\"import urllib.request;   
         print(urllib.request.urlopen('http://127.0.0.1:8765').getcode())\\\"\"}
         ",                                                                     
               "name": "run_shell_command"                                      
             },                                                                 
             "type": "function"                                                 
           }                                                                    
         ]                                                                      
DEBUG    **************** METRICS START ****************                        
DEBUG    * Time to generate response:   3.6993s                                 
DEBUG    * Tokens per second:           173.0066 tokens/s                       
DEBUG    * Input tokens:                3252                                    
DEBUG    * Output tokens:               640                                     
DEBUG    * Total tokens:                3892                                    
DEBUG    * Prompt tokens details:       {'audio_tokens': 0, 'cached_tokens':    
         3072}                                                                  
DEBUG    * Completion tokens details:   {'accepted_prediction_tokens': 0,       
         'audio_tokens': 0, 'reasoning_tokens': 576,                            
         'rejected_prediction_tokens': 0}                                       
DEBUG    **************** METRICS END ******************                        
DEBUG    Getting function run_shell_command                                     
DEBUG    Running: run_shell_command(command=...)                                
INFO     Running shell command: kubectl exec kube-selector-missing-label --     
         python3 -c "import urllib.request;                                     
         print(urllib.request.urlopen('http://127.0.0.1:8765').getcode())"      
DEBUG    Return code: 0                                                         
DEBUG    ---------- OpenAI Response Start ----------                            
DEBUG    ============== developer ==============                                
DEBUG    ## Instructions                                                        
         - You are a verification agent tasked with verifying whether the       
         described Kubernetes issue has been fixed.                             
         - Run diagnostic commands to check the current state of the cluster.   
         - Always verify that the pods are running                              
         - Since this Kubernetes cluster is running on Minikube, use the        
         minikube service command to access services when appropriate.          
         - Do not use live feed flags when checking the logs such as 'kubectl   
         logs -f'                                                               
         - If kubectl logs fails, wait 5-10 seconds and try again up to 3 times 
         - If logs are still unavailable after retries, you can still verify    
         based on pod status and output of specific diagnostic command that will
         be provided to you                                                     
         - Use <|VERIFIED|> if the pod is Running and the kubectl or minikube   
         diagnostic commands indicate success, even if logs are temporarily     
         unavailable)                                                           
         - After completing verification, you must conclude with EXACTLY one of 
         these tokens:                                                          
         - - <|VERIFIED|> if the issue has been completely fixed                
         - - <|FAILED|> if the issue has NOT been fixed                         
         - - <|VERIFICATION_ERROR|> only if you cannot check files or pod status
         at all                                                                 
         - DO NOT create your own tokens. Use ONLY the three tokens listed      
         above.                                                                 
         - Use markdown to format your answers.                                 
                                                                                
         ## Guidelines                                                          
         If pod logs are temporarily unavailable, this is acceptable            
         The PRIMARY verification is: pod is Running and output of kubectl or   
         minikube based diagnostic commands.                                    
         Log verification is secondary - if unavailable, ignore it. You can     
         verify without logs                                                    
         You MUST use one of the three specified tokens: <|VERIFIED|>,          
         <|FAILED|>, or <|VERIFICATION_ERROR|>                                  
DEBUG    ============== user ==============                                     
DEBUG    You are a precise Kubernetes Verification Agent. Your only goal is to  
         determine, with evidence, whether the original problem described below 
         has been fully resolved in the current cluster state.                  
                                                                                
                     ### ORIGINAL PROBLEM TO VERIFY                             
                     The pod is Running, but describing the Service shows no    
         endpoints for the application.                                         
                                                                                
                     ### VERIFICATION RULES (STRICTLY FOLLOW)                   
                     1. **Never assume** the problem is fixed. You must prove it
         with real commands and observed output.                                
                     2. Always start verification using `kubectl` (never guess  
         pod/service names).                                                    
                     3. Use exact resource names extracted from the YAML        
         manifests — do not invent them.                                        
                     4. If a command fails or a resource does not exist, clearly
         state that and do not proceed as if it succeeded.                      
                     5. Only declare the issue resolved if all relevant pods are
         Running/Ready and the configured access path for this scenario is      
         reachable.                                                             
                                                                                
                     ### RELEVANT MANIFESTS (use these to find exact names)     
                      The file                                                  
         /home/minh/KubeLLM/debug_assistant_latest/troubleshooting/incorrect_sel
         ector_missing_label/incorrect_selector_missing_label.yaml  describes a 
         deployment. This is the file contents: apiVersion: v1                  
         kind: Pod                                                              
         metadata:                                                              
           name: kube-selector-missing-label                                    
           labels:                                                              
             tier: frontend                                                     
             app: kube-selector-missing-label                                   
         spec:                                                                  
           containers:                                                          
           - name: kube-selector-missing-label                                  
             image: kube-selector-missing-label-app:latest                      
             imagePullPolicy: Never                                             
             ports:                                                             
             - containerPort: 8765                                              
         . The file                                                             
         /home/minh/KubeLLM/debug_assistant_latest/troubleshooting/incorrect_sel
         ector_missing_label/server.py  describes a application. This is the    
         file contents: from http.server import HTTPServer,                     
         BaseHTTPRequestHandler                                                 
         class Handler(BaseHTTPRequestHandler):                                 
             def do_GET(self):                                                  
                 self.send_response(200)                                        
                 self.end_headers()                                             
                 self.wfile.write(b"ok")                                        
         HTTPServer(("0.0.0.0", 8765), Handler).serve_forever()                 
         . The file                                                             
         /home/minh/KubeLLM/debug_assistant_latest/troubleshooting/incorrect_sel
         ector_missing_label/app_service.yaml  describes a service. This is the 
         file contents: apiVersion: v1                                          
         kind: Service                                                          
         metadata:                                                              
           name: selector-missing-label-service                                 
         spec:                                                                  
           selector:                                                            
             app: kube-selector-missing-label                                   
           ports:                                                               
           - protocol: TCP                                                      
             port: 8000                                                         
             targetPort: 8765                                                   
         .                                                                      
                     ### CURRENT CONTEXT                                        
                     - Working directory:                                       
         /home/minh/KubeLLM/debug_assistant_latest/troubleshooting/incorrect_sel
         ector_missing_label/                                                   
                     - Main configuration file:                                 
         incorrect_selector_missing_label.yaml                                  
                     - Minikube profile: minikube                               
                                                                                
                     ### STEP-BY-STEP VERIFICATION PROCEDURE (follow exactly in 
         order)                                                                 
                     1. Run `kubectl get pods` → confirm all expected pods exist
         and are in Running state with 1/1 (or expected) ready containers.      
                     2. For each expected pod, run `kubectl describe pod        
         <pod-name>` and check Events for errors (CrashLoopBackOff,             
         ImagePullBackOff, OOM, etc.).                                          
                     3. If relevant service YAML exists, run `kubectl get       
         service <service-name>` → confirm expected Service exists and has      
         ClusterIP assigned.                                                    
                     4. Only if a Service manifest exists and the Service is    
         running:                                                               
                        - Run: `minikube -p minikube service <service-name>     
         --url`                                                                 
                        - Take the URL(s) returned and test with `curl -v <url>`
                     5. If Ingress exists, get the ingress address and test the 
         hostname/path with curl.                                               
                                                                                
         ### Tool Usage Rules                                                   
         - Do not attempt many commands in one tool call.                       
         - Never repeat a tool call that has already been executed successfully 
         in this run.                                                           
         - If you need the result of a previous tool call, use the provided     
         output rather than re-invoking it.                                     
         - Keep the tool call as simple as possible to avoid errors.            
         - Never run Minikube lifecycle or configuration commands such as       
         `minikube start`, `minikube stop`, `minikube delete`, `minikube pause`,
         `minikube unpause`, or `minikube config`; the runner owns the active   
         profile. Use `minikube status` only for diagnostics and report an      
         unhealthy profile.                                                     
         - Do not run long-lived or background commands such as `kubectl        
         port-forward`, `Start-Process`, or `kubectl logs -f`; prefer           
         single-shot commands that exit on their own.                           
         - Do not use `kubectl port-forward`, background verification, `kubectl 
         logs -f`, or `kubectl get -w`.                                         
         - For reachability checks, use the access path defined by the scenario:
         if a Service exists, verify via Service/endpoints/service-routed       
         access; if no Service exists, use bounded direct checks such as        
         `kubectl exec` with an in-container one-shot HTTP request.             
         - Prefer one-shot application checks such as `kubectl exec <pod> --    
         python3 -c "import urllib.request;                                     
         print(urllib.request.urlopen('http://127.0.0.1:<port>/').getcode())"`  
         when Python is available in the container.                             
                                                                                
                                                                                
         === CRITICAL: USE EXACT TOKENS ===                                     
         You MUST conclude with EXACTLY one of these three tokens:              
         1. <|VERIFIED|> if the issue has been completely resolved              
         2. <|FAILED|> if the issue has NOT been fixed                          
         3. <|VERIFICATION_ERROR|> if you encountered errors during verification
                                                                                
         DO NOT make up your own tokens like <|FIX_VERIFIED_FAILED|> or anything
         else.                                                                  
         Use ONLY: <|VERIFIED|>, <|FAILED|>, or <|VERIFICATION_ERROR|>          
                                                                                
DEBUG    ============== assistant ==============                                
DEBUG    Tool Calls: [                                                          
           {                                                                    
             "id": "call_HsmDxcnCtCZ3aJsAxXbnBVhw",                             
             "function": {                                                      
               "arguments": "{\"command\":\"kubectl get pods -o wide\"}",       
               "name": "run_shell_command"                                      
             },                                                                 
             "type": "function"                                                 
           }                                                                    
         ]                                                                      
DEBUG    ============== tool ==============                                     
DEBUG    Tool call Id: call_HsmDxcnCtCZ3aJsAxXbnBVhw                            
DEBUG    NAME                          READY   STATUS    RESTARTS   AGE   IP    
         NODE       NOMINATED NODE   READINESS GATES                            
         kube-selector-missing-label   1/1     Running   0          36s         
         10.244.0.233   minikube   <none>           <none>                      
                                                                                
DEBUG    ============== assistant ==============                                
DEBUG    Tool Calls: [                                                          
           {                                                                    
             "id": "call_savvMY6vULTQqsCMAONTMOlb",                             
             "function": {                                                      
               "arguments": "{\"command\":\"kubectl get service                 
         selector-missing-label-service -o wide\"}",                            
               "name": "run_shell_command"                                      
             },                                                                 
             "type": "function"                                                 
           }                                                                    
         ]                                                                      
DEBUG    ============== tool ==============                                     
DEBUG    Tool call Id: call_savvMY6vULTQqsCMAONTMOlb                            
DEBUG    NAME                             TYPE        CLUSTER-IP                
         EXTERNAL-IP   PORT(S)    AGE   SELECTOR                                
         selector-missing-label-service   ClusterIP   10.108.155.233   <none>   
         8000/TCP   40s   app=kube-selector-missing-label                       
                                                                                
DEBUG    ============== assistant ==============                                
DEBUG    Tool Calls: [                                                          
           {                                                                    
             "id": "call_DrZg7dSHWc81fiUrTYEpuHIf",                             
             "function": {                                                      
               "arguments": "{\"command\":\"kubectl describe pod                
         kube-selector-missing-label\"}",                                       
               "name": "run_shell_command"                                      
             },                                                                 
             "type": "function"                                                 
           }                                                                    
         ]                                                                      
DEBUG    ============== tool ==============                                     
DEBUG    Tool call Id: call_DrZg7dSHWc81fiUrTYEpuHIf                            
DEBUG    Service Account:  default                                              
         Node:             minikube/192.168.58.2                                
         Start Time:       Mon, 20 Jul 2026 00:48:13 +0000                      
         Labels:           app=kube-selector-missing-label                      
                           tier=frontend                                        
         Annotations:      <none>                                               
         Status:           Running                                              
         IP:               10.244.0.233                                         
         IPs:                                                                   
           IP:  10.244.0.233                                                    
         Containers:                                                            
           kube-selector-missing-label:                                         
             Container ID:                                                      
         docker://f06e7131980bb8867d9fb96a46901be771bd9e058cd59976fd420c579c183b
         82                                                                     
             Image:          kube-selector-missing-label-app:latest             
             Image ID:                                                          
         docker://sha256:a4f4c071853b9801e32b73e03b5f54f258797de48ac5c15a7f318d0
         8b7a171f7                                                              
             Port:           8765/TCP                                           
             Host Port:      0/TCP                                              
             State:          Running                                            
               Started:      Mon, 20 Jul 2026 00:48:14 +0000                    
             Ready:          True                                               
             Restart Count:  0                                                  
             Environment:    <none>                                             
             Mounts:                                                            
               /var/run/secrets/kubernetes.io/serviceaccount from               
         kube-api-access-9f2rn (ro)                                             
         Conditions:                                                            
           Type                        Status                                   
           PodReadyToStartContainers   True                                     
           Initialized                 True                                     
           Ready                       True                                     
           ContainersReady             True                                     
           PodScheduled                True                                     
         Volumes:                                                               
           kube-api-access-9f2rn:                                               
             Type:                    Projected (a volume that contains injected
         data from multiple sources)                                            
             TokenExpirationSeconds:  3607                                      
             ConfigMapName:           kube-root-ca.crt                          
             Optional:                false                                     
             DownwardAPI:             true                                      
         QoS Class:                   BestEffort                                
         Node-Selectors:              <none>                                    
         Tolerations:                 node.kubernetes.io/not-ready:NoExecute    
         op=Exists for 300s                                                     
                                      node.kubernetes.io/unreachable:NoExecute  
         op=Exists for 300s                                                     
         Events:                                                                
           Type    Reason     Age   From               Message                  
           ----    ------     ----  ----               -------                  
           Normal  Scheduled  40s   default-scheduler  Successfully assigned    
         default/kube-selector-missing-label to minikube                        
           Normal  Pulled     40s   kubelet                                     
         spec.containers{kube-selector-missing-label}: Container image          
         "kube-selector-missing-label-app:latest" already present on machine    
           Normal  Created    40s   kubelet                                     
         spec.containers{kube-selector-missing-label}: Created container        
         kube-selector-missing-label                                            
           Normal  Started    40s   kubelet                                     
         spec.containers{kube-selector-missing-label}: Started container        
         kube-selector-missing-label                                            
                                                                                
DEBUG    ============== assistant ==============                                
DEBUG    Tool Calls: [                                                          
           {                                                                    
             "id": "call_iI7oVxdBU2JjScgs2zol5p3o",                             
             "function": {                                                      
               "arguments": "{\"command\":\"kubectl get endpoints               
         selector-missing-label-service -o wide\"}",                            
               "name": "run_shell_command"                                      
             },                                                                 
             "type": "function"                                                 
           }                                                                    
         ]                                                                      
DEBUG    ============== tool ==============                                     
DEBUG    Tool call Id: call_iI7oVxdBU2JjScgs2zol5p3o                            
DEBUG    NAME                             ENDPOINTS           AGE               
         selector-missing-label-service   10.244.0.233:8765   46s               
                                                                                
DEBUG    ============== assistant ==============                                
DEBUG    Tool Calls: [                                                          
           {                                                                    
             "id": "call_rNWyyAtwqUjPaVw1bbz33DAv",                             
             "function": {                                                      
               "arguments": "{\"command\":\"minikube -p minikube service        
         selector-missing-label-service --url\"}",                              
               "name": "run_shell_command"                                      
             },                                                                 
             "type": "function"                                                 
           }                                                                    
         ]                                                                      
DEBUG    ============== tool ==============                                     
DEBUG    Tool call Id: call_rNWyyAtwqUjPaVw1bbz33DAv                            
DEBUG    * service default/selector-missing-label-service has no node port      
                                                                                
DEBUG    ============== assistant ==============                                
DEBUG    Tool Calls: [                                                          
           {                                                                    
             "id": "call_Qk9HSd07tpfZgT2qAcm40bea",                             
             "function": {                                                      
               "arguments": "{\"command\":\"kubectl describe service            
         selector-missing-label-service\"}",                                    
               "name": "run_shell_command"                                      
             },                                                                 
             "type": "function"                                                 
           }                                                                    
         ]                                                                      
DEBUG    ============== tool ==============                                     
DEBUG    Tool call Id: call_Qk9HSd07tpfZgT2qAcm40bea                            
DEBUG    Name:                     selector-missing-label-service               
         Namespace:                default                                      
         Labels:                   <none>                                       
         Annotations:              <none>                                       
         Selector:                 app=kube-selector-missing-label              
         Type:                     ClusterIP                                    
         IP Family Policy:         SingleStack                                  
         IP Families:              IPv4                                         
         IP:                       10.108.155.233                               
         IPs:                      10.108.155.233                               
         Port:                     <unset>  8000/TCP                            
         TargetPort:               8765/TCP                                     
         Endpoints:                10.244.0.233:8765                            
         Session Affinity:         None                                         
         Internal Traffic Policy:  Cluster                                      
         Events:                   <none>                                       
                                                                                
DEBUG    ============== assistant ==============                                
DEBUG    Tool Calls: [                                                          
           {                                                                    
             "id": "call_YCEx2ArxQ9383PqGyL9IP3Fk",                             
             "function": {                                                      
               "arguments": "{\"command\":\"kubectl exec                        
         kube-selector-missing-label -- curl -sS http://127.0.0.1:8765\"}",     
               "name": "run_shell_command"                                      
             },                                                                 
             "type": "function"                                                 
           }                                                                    
         ]                                                                      
DEBUG    ============== tool ==============                                     
DEBUG    Tool call Id: call_YCEx2ArxQ9383PqGyL9IP3Fk                            
DEBUG    Error: command terminated with exit code 126                           
DEBUG    ============== assistant ==============                                
DEBUG    Tool Calls: [                                                          
           {                                                                    
             "id": "call_sW6jXGK0CRakzwY6v508RkCN",                             
             "function": {                                                      
               "arguments": "{\"command\":\"kubectl exec                        
         kube-selector-missing-label -- curl -sS http://127.0.0.1:8765 || true; 
         echo STATUS:$?\"}",                                                    
               "name": "run_shell_command"                                      
             },                                                                 
             "type": "function"                                                 
           }                                                                    
         ]                                                                      
DEBUG    ============== tool ==============                                     
DEBUG    Tool call Id: call_sW6jXGK0CRakzwY6v508RkCN                            
DEBUG    OCI runtime exec failed: exec failed: unable to start container        
         process: exec: "curl": executable file not found in $PATH: unknown     
         STATUS:0                                                               
                                                                                
DEBUG    ============== assistant ==============                                
DEBUG    Tool Calls: [                                                          
           {                                                                    
             "id": "call_9vPW3CRNifHxxBqCYBAqyx4q",                             
             "function": {                                                      
               "arguments": "{\"command\":\"kubectl exec                        
         kube-selector-missing-label -- /bin/bash -lc 'which curl >/dev/null    
         2>&1 && curl -sS http://127.0.0.1:8765 || echo CURL_MISSING'\"}",      
               "name": "run_shell_command"                                      
             },                                                                 
             "type": "function"                                                 
           }                                                                    
         ]                                                                      
DEBUG    ============== tool ==============                                     
DEBUG    Tool call Id: call_9vPW3CRNifHxxBqCYBAqyx4q                            
DEBUG    CURL_MISSING                                                           
                                                                                
DEBUG    ============== assistant ==============                                
DEBUG    Tool Calls: [                                                          
           {                                                                    
             "id": "call_oKCysUvOAUdDdxUvCYXxxUDi",                             
             "function": {                                                      
               "arguments": "{\"command\":\"kubectl exec                        
         kube-selector-missing-label -- /bin/bash -lc 'nc -zv 127.0.0.1 8765 || 
         echo NET_FAIL'\"}",                                                    
               "name": "run_shell_command"                                      
             },                                                                 
             "type": "function"                                                 
           }                                                                    
         ]                                                                      
DEBUG    ============== tool ==============                                     
DEBUG    Tool call Id: call_oKCysUvOAUdDdxUvCYXxxUDi                            
DEBUG    NET_FAIL                                                               
                                                                                
DEBUG    ============== assistant ==============                                
DEBUG    Tool Calls: [                                                          
           {                                                                    
             "id": "call_jVmoE5oi58vGtsnXHJ6QwUwy",                             
             "function": {                                                      
               "arguments": "{\"command\":\"kubectl exec                        
         kube-selector-missing-label -- /bin/bash -lc 'wget -qO-                
         http://127.0.0.1:8765 || echo FAIL'\"}",                               
               "name": "run_shell_command"                                      
             },                                                                 
             "type": "function"                                                 
           }                                                                    
         ]                                                                      
DEBUG    ============== tool ==============                                     
DEBUG    Tool call Id: call_jVmoE5oi58vGtsnXHJ6QwUwy                            
DEBUG    FAIL                                                                   
                                                                                
DEBUG    ============== assistant ==============                                
DEBUG    Tool Calls: [                                                          
           {                                                                    
             "id": "call_n0ioJBzDrq6ImLuKMzS7u88B",                             
             "function": {                                                      
               "arguments": "{\"command\":\"kubectl exec                        
         kube-selector-missing-label -- python3 -c \\\"import urllib.request;   
         print(urllib.request.urlopen('http://127.0.0.1:8765').getcode())\\\"\"}
         ",                                                                     
               "name": "run_shell_command"                                      
             },                                                                 
             "type": "function"                                                 
           }                                                                    
         ]                                                                      
DEBUG    ============== tool ==============                                     
DEBUG    Tool call Id: call_n0ioJBzDrq6ImLuKMzS7u88B                            
DEBUG    200                                                                    
                                                                                
DEBUG    ============== assistant ==============                                
DEBUG    Verification results                                                   
                                                                                
         - Pod status                                                           
           - kubectl get pods                                                   
             - kube-selector-missing-label 1/1 Running 0 36s 10.244.0.233       
         minikube                                                               
           - kubectl describe pod kube-selector-missing-label                   
             - Status: Running                                                  
             - Containers: kube-selector-missing-label: Running, Ready: True    
             - Events: Successfully assigned, Pulled, Created, Started          
                                                                                
         - Service status                                                       
           - kubectl get service selector-missing-label-service -o wide         
             - NAME: selector-missing-label-service                             
             - TYPE: ClusterIP                                                  
             - IP: 10.108.155.233                                               
             - PORT(S): 8000/TCP                                                
             - SELECTOR: app=kube-selector-missing-label                        
           - kubectl describe service selector-missing-label-service            
             - Endpoints: 10.244.0.233:8765                                     
             - This confirms the Service has an endpoint that points to the     
         running Pod.                                                           
                                                                                
         - Endpoint health and reachability                                     
           - The Pod has label app=kube-selector-missing-label which matches the
         Service selector, so the Service endpoints should be populated (and    
         they are).                                                             
           - Direct in-pod reachability test:                                   
             - Command: kubectl exec kube-selector-missing-label -- python3 -c  
         "import urllib.request;                                                
         print(urllib.request.urlopen('http://127.0.0.1:8765').getcode())"      
             - Result: 200                                                      
             - This confirms the application is responding on port 8765 from    
         within the Pod itself.                                                 
                                                                                
         - Optional Minikube service URL test                                   
           - Command: minikube -p minikube service                              
         selector-missing-label-service --url                                   
           - Result: * service default/selector-missing-label-service has no    
         node port                                                              
           - Note: This is expected for a ClusterIP service; the in-cluster     
         endpoint is reachable (as shown by the in-pod test and Endpoints). No  
         nodePort means there isn’t a direct external URL via node port, but the
         service endpoints are functioning inside the cluster.                  
                                                                                
         Conclusion                                                             
         - The original problem scenario (pod Running but service endpoints not 
         available) is resolved. There is a healthy endpoint for the service    
         (10.244.0.233:8765), the Pod is Running and Ready, and an in-pod       
         connectivity test returns HTTP 200.                                    
                                                                                
         <|VERIFIED|>                                                           
DEBUG    **************** METRICS START ****************                        
DEBUG    * Time to generate response:   8.4594s                                 
DEBUG    * Tokens per second:           203.6778 tokens/s                       
DEBUG    * Input tokens:                3324                                    
DEBUG    * Output tokens:               1723                                    
DEBUG    * Total tokens:                5047                                    
DEBUG    * Prompt tokens details:       {'audio_tokens': 0, 'cached_tokens':    
         3072}                                                                  
DEBUG    * Completion tokens details:   {'accepted_prediction_tokens': 0,       
         'audio_tokens': 0, 'reasoning_tokens': 1216,                           
         'rejected_prediction_tokens': 0}                                       
DEBUG    **************** METRICS END ******************                        
DEBUG    ---------- OpenAI Response End ----------                              
DEBUG    Added 26 Messages to AgentMemory                                       
DEBUG    Added AgentRun to AgentMemory                                          
DEBUG    --**-- Logging Agent Run                                               
DEBUG    *********** Agent Run End: 57f6488e-e8d1-4c60-90f9-e6ee294d4663        
         ***********                                                            

================================================================================
VERIFICATION STATUS: ✓ VERIFIED
The issue has been completely resolved
================================================================================


Final Task Status: SUCCESS
Debug Agent Self-Report: FAILURE
Verification Agent Report: VERIFIED

=================================================
                   FINISHED                      
=================================================

============================================================
Running ground truth verification...

============================================================
GROUND TRUTH VERIFICATION: incorrect_selector_missing_label
============================================================
[PASS] pod_ready
       Pod is Ready
[PASS] pod_has_app_label
       Pod has app label selected by service
[PASS] endpoints_populated
       Service endpoints are populated
------------------------------------------------------------
Result: PASSED | PASS: 3 | 535ms
============================================================

