New Run Response: {'status': 'New run started'}
Initialize Response: {'status': 'Agent initialized'}
Clear Knowledge Base Response: {'status': 'Knowledge base cleared', 'table': 'ai.local_rag_documents_text-embedding-3-small'}
Add URL Response: {'status': 'URL added', 'url': 'https://learnk8s.io/troubleshooting-deployments', 'table': 'local_rag_documents_text-embedding-3-small'}
DEBUG:  The pod on my Kubernetes cluster cannot be accessed by making a curl request. Any requests made to the application running in this pod result in a timeout. Give specific commands to fix this issue. If modifying file contents is necessary, use the sed command to achieve this. If providing a file path, make sure to keep the full file path. Suggest only the essential steps needed to solve the issue. Be frugal. ### Durable Fix Guidance
- Prefer durable fixes to source files, manifests, Dockerfiles, or other declared configuration over editing files inside a running container. Treat running-container edits as temporary diagnostics unless the user explicitly asks for an ephemeral repair.
- When visible application source and Kubernetes manifests disagree, update the source-of-truth configuration so they are consistent, then reapply or recreate the affected workload so the live cluster reflects the corrected configuration.
- Do not skip a visible source/config mismatch solely because a quick localhost reachability check succeeds.
 ### Minikube Image Guidance
- For minikube-backed clusters, if rebuilding an application image is necessary, recommend building or loading the image into the active minikube profile rather than pushing to a remote registry.
- Prefer `PROFILE=${MINIKUBE_PROFILE:-$(kubectl config current-context)}` followed by `minikube -p "$PROFILE" image build -t <image>:<tag> -f <Dockerfile> <context>`.
- Do not recommend `docker push` or switching a Deployment to a new unpublished image tag unless registry credentials and pull access are explicitly available.
- Prefer manifest-only fixes when the application source and image contents do not need to change.
 ### Tool Usage Rules
- Do not attempt many commands in one tool call.
- Never repeat a tool call that has already been executed successfully in this run.
- If you need the result of a previous tool call, use the provided output rather than re-invoking it.
- Keep the tool call as simple as possible to avoid errors.
- Do not run long-lived or background commands such as `kubectl port-forward`, `Start-Process`, or `kubectl logs -f`; prefer single-shot commands that exit on their own.
- Do not use `kubectl port-forward`, background verification, `kubectl logs -f`, or `kubectl get -w`.
- For reachability checks, use the access path defined by the scenario: if a Service exists, verify via Service/endpoints/service-routed access; if no Service exists, use bounded direct checks such as `kubectl exec` with an in-container one-shot HTTP request.
- Prefer one-shot application checks such as `kubectl exec <pod> -- python3 -c "import urllib.request; print(urllib.request.urlopen('http://127.0.0.1:<port>/').getcode())"` when Python is available in the container.
 The file  /home/adibam/KubeLLM/debug_assistant_latest/troubleshooting/wrong_interface/wrong_interface.yaml  describes a deployment. This is the file contents: apiVersion: v1
kind: Pod
metadata:
  name: kube-wrong-interface
  labels:
    app: kube-wrong-interface
spec:
  containers:
  - name: kube-wrong-interface
    image: kube-wrong-interface-app:latest
    imagePullPolicy: Never
    ports:
    - containerPort: 8765
.
DEBUG:  The pod on my Kubernetes cluster cannot be accessed by making a curl request. Any requests made to the application running in this pod result in a timeout. Give specific commands to fix this issue. If modifying file contents is necessary, use the sed command to achieve this. If providing a file path, make sure to keep the full file path. Suggest only the essential steps needed to solve the issue. Be frugal. ### Durable Fix Guidance
- Prefer durable fixes to source files, manifests, Dockerfiles, or other declared configuration over editing files inside a running container. Treat running-container edits as temporary diagnostics unless the user explicitly asks for an ephemeral repair.
- When visible application source and Kubernetes manifests disagree, update the source-of-truth configuration so they are consistent, then reapply or recreate the affected workload so the live cluster reflects the corrected configuration.
- Do not skip a visible source/config mismatch solely because a quick localhost reachability check succeeds.
 ### Minikube Image Guidance
- For minikube-backed clusters, if rebuilding an application image is necessary, recommend building or loading the image into the active minikube profile rather than pushing to a remote registry.
- Prefer `PROFILE=${MINIKUBE_PROFILE:-$(kubectl config current-context)}` followed by `minikube -p "$PROFILE" image build -t <image>:<tag> -f <Dockerfile> <context>`.
- Do not recommend `docker push` or switching a Deployment to a new unpublished image tag unless registry credentials and pull access are explicitly available.
- Prefer manifest-only fixes when the application source and image contents do not need to change.
 ### Tool Usage Rules
- Do not attempt many commands in one tool call.
- Never repeat a tool call that has already been executed successfully in this run.
- If you need the result of a previous tool call, use the provided output rather than re-invoking it.
- Keep the tool call as simple as possible to avoid errors.
- Do not run long-lived or background commands such as `kubectl port-forward`, `Start-Process`, or `kubectl logs -f`; prefer single-shot commands that exit on their own.
- Do not use `kubectl port-forward`, background verification, `kubectl logs -f`, or `kubectl get -w`.
- For reachability checks, use the access path defined by the scenario: if a Service exists, verify via Service/endpoints/service-routed access; if no Service exists, use bounded direct checks such as `kubectl exec` with an in-container one-shot HTTP request.
- Prefer one-shot application checks such as `kubectl exec <pod> -- python3 -c "import urllib.request; print(urllib.request.urlopen('http://127.0.0.1:<port>/').getcode())"` when Python is available in the container.
 The file  /home/adibam/KubeLLM/debug_assistant_latest/troubleshooting/wrong_interface/wrong_interface.yaml  describes a deployment. This is the file contents: apiVersion: v1
kind: Pod
metadata:
  name: kube-wrong-interface
  labels:
    app: kube-wrong-interface
spec:
  containers:
  - name: kube-wrong-interface
    image: kube-wrong-interface-app:latest
    imagePullPolicy: Never
    ports:
    - containerPort: 8765
. The file  /home/adibam/KubeLLM/debug_assistant_latest/troubleshooting/wrong_interface/server.py  describes a application. This is the file contents: import http.server
import socketserver

Handler = http.server.SimpleHTTPRequestHandler

with socketserver.TCPServer(("localhost", 8765), Handler) as httpd:
    print('Serving on port 8765')
    httpd.serve_forever()
.
DEBUG:  The pod on my Kubernetes cluster cannot be accessed by making a curl request. Any requests made to the application running in this pod result in a timeout. Give specific commands to fix this issue. If modifying file contents is necessary, use the sed command to achieve this. If providing a file path, make sure to keep the full file path. Suggest only the essential steps needed to solve the issue. Be frugal. ### Durable Fix Guidance
- Prefer durable fixes to source files, manifests, Dockerfiles, or other declared configuration over editing files inside a running container. Treat running-container edits as temporary diagnostics unless the user explicitly asks for an ephemeral repair.
- When visible application source and Kubernetes manifests disagree, update the source-of-truth configuration so they are consistent, then reapply or recreate the affected workload so the live cluster reflects the corrected configuration.
- Do not skip a visible source/config mismatch solely because a quick localhost reachability check succeeds.
 ### Minikube Image Guidance
- For minikube-backed clusters, if rebuilding an application image is necessary, recommend building or loading the image into the active minikube profile rather than pushing to a remote registry.
- Prefer `PROFILE=${MINIKUBE_PROFILE:-$(kubectl config current-context)}` followed by `minikube -p "$PROFILE" image build -t <image>:<tag> -f <Dockerfile> <context>`.
- Do not recommend `docker push` or switching a Deployment to a new unpublished image tag unless registry credentials and pull access are explicitly available.
- Prefer manifest-only fixes when the application source and image contents do not need to change.
 ### Tool Usage Rules
- Do not attempt many commands in one tool call.
- Never repeat a tool call that has already been executed successfully in this run.
- If you need the result of a previous tool call, use the provided output rather than re-invoking it.
- Keep the tool call as simple as possible to avoid errors.
- Do not run long-lived or background commands such as `kubectl port-forward`, `Start-Process`, or `kubectl logs -f`; prefer single-shot commands that exit on their own.
- Do not use `kubectl port-forward`, background verification, `kubectl logs -f`, or `kubectl get -w`.
- For reachability checks, use the access path defined by the scenario: if a Service exists, verify via Service/endpoints/service-routed access; if no Service exists, use bounded direct checks such as `kubectl exec` with an in-container one-shot HTTP request.
- Prefer one-shot application checks such as `kubectl exec <pod> -- python3 -c "import urllib.request; print(urllib.request.urlopen('http://127.0.0.1:<port>/').getcode())"` when Python is available in the container.
 The file  /home/adibam/KubeLLM/debug_assistant_latest/troubleshooting/wrong_interface/wrong_interface.yaml  describes a deployment. This is the file contents: apiVersion: v1
kind: Pod
metadata:
  name: kube-wrong-interface
  labels:
    app: kube-wrong-interface
spec:
  containers:
  - name: kube-wrong-interface
    image: kube-wrong-interface-app:latest
    imagePullPolicy: Never
    ports:
    - containerPort: 8765
. The file  /home/adibam/KubeLLM/debug_assistant_latest/troubleshooting/wrong_interface/server.py  describes a application. This is the file contents: import http.server
import socketserver

Handler = http.server.SimpleHTTPRequestHandler

with socketserver.TCPServer(("localhost", 8765), Handler) as httpd:
    print('Serving on port 8765')
    httpd.serve_forever()
. The file  /home/adibam/KubeLLM/debug_assistant_latest/troubleshooting/wrong_interface/app_service.yaml  describes a service. This is the file contents: apiVersion: v1
kind: Service
metadata:
  name: app-service
spec:
  selector:
    app: kube-wrong-interface
  ports:
    - protocol: TCP
      port: 8000
      targetPort: 8765
  type: NodePort
.
DEBUG:  The pod on my Kubernetes cluster cannot be accessed by making a curl request. Any requests made to the application running in this pod result in a timeout. Give specific commands to fix this issue. If modifying file contents is necessary, use the sed command to achieve this. If providing a file path, make sure to keep the full file path. Suggest only the essential steps needed to solve the issue. Be frugal. ### Durable Fix Guidance
- Prefer durable fixes to source files, manifests, Dockerfiles, or other declared configuration over editing files inside a running container. Treat running-container edits as temporary diagnostics unless the user explicitly asks for an ephemeral repair.
- When visible application source and Kubernetes manifests disagree, update the source-of-truth configuration so they are consistent, then reapply or recreate the affected workload so the live cluster reflects the corrected configuration.
- Do not skip a visible source/config mismatch solely because a quick localhost reachability check succeeds.
 ### Minikube Image Guidance
- For minikube-backed clusters, if rebuilding an application image is necessary, recommend building or loading the image into the active minikube profile rather than pushing to a remote registry.
- Prefer `PROFILE=${MINIKUBE_PROFILE:-$(kubectl config current-context)}` followed by `minikube -p "$PROFILE" image build -t <image>:<tag> -f <Dockerfile> <context>`.
- Do not recommend `docker push` or switching a Deployment to a new unpublished image tag unless registry credentials and pull access are explicitly available.
- Prefer manifest-only fixes when the application source and image contents do not need to change.
 ### Tool Usage Rules
- Do not attempt many commands in one tool call.
- Never repeat a tool call that has already been executed successfully in this run.
- If you need the result of a previous tool call, use the provided output rather than re-invoking it.
- Keep the tool call as simple as possible to avoid errors.
- Do not run long-lived or background commands such as `kubectl port-forward`, `Start-Process`, or `kubectl logs -f`; prefer single-shot commands that exit on their own.
- Do not use `kubectl port-forward`, background verification, `kubectl logs -f`, or `kubectl get -w`.
- For reachability checks, use the access path defined by the scenario: if a Service exists, verify via Service/endpoints/service-routed access; if no Service exists, use bounded direct checks such as `kubectl exec` with an in-container one-shot HTTP request.
- Prefer one-shot application checks such as `kubectl exec <pod> -- python3 -c "import urllib.request; print(urllib.request.urlopen('http://127.0.0.1:<port>/').getcode())"` when Python is available in the container.
 The file  /home/adibam/KubeLLM/debug_assistant_latest/troubleshooting/wrong_interface/wrong_interface.yaml  describes a deployment. This is the file contents: apiVersion: v1
kind: Pod
metadata:
  name: kube-wrong-interface
  labels:
    app: kube-wrong-interface
spec:
  containers:
  - name: kube-wrong-interface
    image: kube-wrong-interface-app:latest
    imagePullPolicy: Never
    ports:
    - containerPort: 8765
. The file  /home/adibam/KubeLLM/debug_assistant_latest/troubleshooting/wrong_interface/server.py  describes a application. This is the file contents: import http.server
import socketserver

Handler = http.server.SimpleHTTPRequestHandler

with socketserver.TCPServer(("localhost", 8765), Handler) as httpd:
    print('Serving on port 8765')
    httpd.serve_forever()
. The file  /home/adibam/KubeLLM/debug_assistant_latest/troubleshooting/wrong_interface/app_service.yaml  describes a service. This is the file contents: apiVersion: v1
kind: Service
metadata:
  name: app-service
spec:
  selector:
    app: kube-wrong-interface
  ports:
    - protocol: TCP
      port: 8000
      targetPort: 8765
  type: NodePort
. The file  /home/adibam/KubeLLM/debug_assistant_latest/troubleshooting/wrong_interface/Dockerfile  describes a dockerfile. This is the file contents: FROM ubuntu:20.04

RUN apt-get update && \
    apt-get install -y \
        python3 \
        python3-pip \
        python3-venv

WORKDIR /app

COPY server.py /app

EXPOSE 8765

CMD ["python3", "server.py"]
.
[32mDEBUG   [0m *********** Agent ID: [93md7c97818-4fce-46c7-a6af-80ea8e60627e[0m ***********                                       
[32mDEBUG   [0m *********** Session ID: [93m5947703d-3d2f-412e-8fea-fb2f2c6f8788[0m ***********                                     
[32mDEBUG   [0m Debug logs enabled                                                                                           
DEBUG:  The file  /home/adibam/KubeLLM/debug_assistant_latest/troubleshooting/wrong_interface/wrong_interface.yaml  describes a deployment. This is the file contents: apiVersion: v1
kind: Pod
metadata:
  name: kube-wrong-interface
  labels:
    app: kube-wrong-interface
spec:
  containers:
  - name: kube-wrong-interface
    image: kube-wrong-interface-app:latest
    imagePullPolicy: Never
    ports:
    - containerPort: 8765
.
DEBUG:  The file  /home/adibam/KubeLLM/debug_assistant_latest/troubleshooting/wrong_interface/wrong_interface.yaml  describes a deployment. This is the file contents: apiVersion: v1
kind: Pod
metadata:
  name: kube-wrong-interface
  labels:
    app: kube-wrong-interface
spec:
  containers:
  - name: kube-wrong-interface
    image: kube-wrong-interface-app:latest
    imagePullPolicy: Never
    ports:
    - containerPort: 8765
. The file  /home/adibam/KubeLLM/debug_assistant_latest/troubleshooting/wrong_interface/server.py  describes a application. This is the file contents: import http.server
import socketserver

Handler = http.server.SimpleHTTPRequestHandler

with socketserver.TCPServer(("localhost", 8765), Handler) as httpd:
    print('Serving on port 8765')
    httpd.serve_forever()
.
DEBUG:  The file  /home/adibam/KubeLLM/debug_assistant_latest/troubleshooting/wrong_interface/wrong_interface.yaml  describes a deployment. This is the file contents: apiVersion: v1
kind: Pod
metadata:
  name: kube-wrong-interface
  labels:
    app: kube-wrong-interface
spec:
  containers:
  - name: kube-wrong-interface
    image: kube-wrong-interface-app:latest
    imagePullPolicy: Never
    ports:
    - containerPort: 8765
. The file  /home/adibam/KubeLLM/debug_assistant_latest/troubleshooting/wrong_interface/server.py  describes a application. This is the file contents: import http.server
import socketserver

Handler = http.server.SimpleHTTPRequestHandler

with socketserver.TCPServer(("localhost", 8765), Handler) as httpd:
    print('Serving on port 8765')
    httpd.serve_forever()
. The file  /home/adibam/KubeLLM/debug_assistant_latest/troubleshooting/wrong_interface/app_service.yaml  describes a service. This is the file contents: apiVersion: v1
kind: Service
metadata:
  name: app-service
spec:
  selector:
    app: kube-wrong-interface
  ports:
    - protocol: TCP
      port: 8000
      targetPort: 8765
  type: NodePort
.
DEBUG:  The file  /home/adibam/KubeLLM/debug_assistant_latest/troubleshooting/wrong_interface/wrong_interface.yaml  describes a deployment. This is the file contents: apiVersion: v1
kind: Pod
metadata:
  name: kube-wrong-interface
  labels:
    app: kube-wrong-interface
spec:
  containers:
  - name: kube-wrong-interface
    image: kube-wrong-interface-app:latest
    imagePullPolicy: Never
    ports:
    - containerPort: 8765
. The file  /home/adibam/KubeLLM/debug_assistant_latest/troubleshooting/wrong_interface/server.py  describes a application. This is the file contents: import http.server
import socketserver

Handler = http.server.SimpleHTTPRequestHandler

with socketserver.TCPServer(("localhost", 8765), Handler) as httpd:
    print('Serving on port 8765')
    httpd.serve_forever()
. The file  /home/adibam/KubeLLM/debug_assistant_latest/troubleshooting/wrong_interface/app_service.yaml  describes a service. This is the file contents: apiVersion: v1
kind: Service
metadata:
  name: app-service
spec:
  selector:
    app: kube-wrong-interface
  ports:
    - protocol: TCP
      port: 8000
      targetPort: 8765
  type: NodePort
. The file  /home/adibam/KubeLLM/debug_assistant_latest/troubleshooting/wrong_interface/Dockerfile  describes a dockerfile. This is the file contents: FROM ubuntu:20.04

RUN apt-get update && \
    apt-get install -y \
        python3 \
        python3-pip \
        python3-venv

WORKDIR /app

COPY server.py /app

EXPOSE 8765

CMD ["python3", "server.py"]
.
[32mDEBUG   [0m *********** Agent Run Start: [93m910358a6-4afa-4f9d-a25b-c429e5b13786[0m ***********                                
[32mDEBUG   [0m Function run_shell_command from shell_tools added to model.                                                  
[32mDEBUG   [0m ---------- Ollama Response Start ----------                                                                  
[32mDEBUG   [0m ============== system ==============                                                                         
[32mDEBUG   [0m ## Instructions                                                                                              
         - If all and only all commands fail to execute, declare that there was an error in trying to solve the issue,
         and end that statement with this token: [1m<[0m[1;95m|ERROR|[0m[39m>.[0m                                                           
         [39m- You have solved this issue only when the original user-visible problem is fixed in the live cluster. Verify[0m
         [39mthe relevant Kubernetes resources and application behavior with commands before declaring success; pod [0m      
         [39mRunning/Ready status alone is not sufficient unless the original problem is only pod startup.[0m                
         [39m- After every step, check whether the original problem is fixed in the live cluster. If you changed [0m         
         [39mmanifests, images, or cluster configuration, apply the change and verify the live resource state reflects it [0m
         [39mbefore declaring success.[0m                                                                                    
         [39m- If you believe you have met the goal, declare that you have solved the user's issue, and end that statement[0m
         [39mwith this token: <|SOLVED|>.[0m                                                                                 
         [39m- If the steps do not solve the issue, or if you need more information, declare that you cannot solve the [0m   
         [39missue, and end that statement with this token: <|FAILED|>.[0m                                                   
         [39m- Do not use live feed flags when checking the logs such as [0m[32m'kubectl logs -f'[0m                                
         [39m- Do not use commands like vim or vi[0m                                                                         
         [39m- Do not use commands that open up editors like [0m[32m'kubectl edit'[0m                                               
         [39m- Use markdown to format your answers.[0m                                                                       
                                                                                                                      
         [39m## Guidelines[0m                                                                                                
         [39mIf a command invocation is successful but gives no stdout nor stderr, then that is because that invocation [0m  
         [39mresulted in no output to stdout or stderr.[0m                                                                   
         [39mIf a command contains a placeholder name surrounded in angle brackets such as <pod_name>, for example, then [0m 
         [39m**do not** run that command as-is. First run a `kubectl get` command to find a real name to replace the [0m     
         [39mplaceholder name, then run the suggested command with the replaced name of the resource. For example, if you [0m
         [39msee `kubectl logs <pod_name[0m[1m>[0m -n example_namespace`, first run `kubectl get pods -n example_namespace` and use
         the name of the first pod you see.                                                                           
         Do not use live feed flags when checking the logs such as [32m'kubectl logs -f'[0m                                  
         If you do not conclude on an answer or a code then try again please.                                         
         Do not use commands like vim or vi                                                                           
         Do not use commands that open up editors like [32m'kubectl edit'[0m                                                 
[32mDEBUG   [0m ============== user ==============                                                                           
[32mDEBUG   [0m Perform the actions suggested here:                                                                          
         [1;36m1[0m. Fix the app to listen on all interfaces [1m([0m[1;92m0.0.0.0[0m[1m)[0m instead of localhost.                                   
         ```bash                                                                                                      
         sed -i [32m's/[0m[32m([0m[32m"localhost",/[0m[32m([0m[32m"0.0.0.0",/'[0m                                                                        
         [35m/home/adibam/KubeLLM/debug_assistant_latest/troubleshooting/wrong_interface/[0m[95mserver.py[0m                        
         ```                                                                                                          
                                                                                                                      
         [1;36m2[0m. Build the Docker image and load it into your local cluster. This single command tries minikube first, then
         kind, otherwise falls back to a local docker build [1m([0madjust strategy if you use a remote registry[1m)[0m.           
         ```bash                                                                                                      
         sh -c [32m'[0m[32mWORKDIR[0m[32m=/home/adibam/KubeLLM/debug_assistant_latest/troubleshooting/wrong_interface; if minikube [0m     
         [32mstatus >/dev/null 2>&1; then [0m[32mPROFILE[0m[32m=$[0m[32m{[0m[32mMINIKUBE_PROFILE:-$[0m[32m([0m[32mkubectl config current-context[0m[32m)[0m[32m}[0m[32m; minikube -p [0m    
         [32m"$PROFILE" image build -t kube-wrong-interface-app:latest -f "$WORKDIR/Dockerfile" "$WORKDIR"; elif command [0m 
         [32m-v kind >/dev/null 2>&1 && [0m[32m[[0m[32m -n "$[0m[32m([0m[32mkind get clusters 2>/dev/null[0m[32m)[0m[32m" [0m[32m][0m[32m; then docker build -t [0m                  
         [32mkube-wrong-interface-app:latest -f "$WORKDIR/Dockerfile" "$WORKDIR" && kind load docker-image [0m               
         [32mkube-wrong-interface-app:latest --name "$[0m[32m{[0m[32mKIND_CLUSTER:-kind[0m[32m}[0m[32m"; else docker build -t [0m                        
         [32mkube-wrong-interface-app:latest -f "$WORKDIR/Dockerfile" "$WORKDIR"; fi'[0m                                     
         ```                                                                                                          
                                                                                                                      
         [1;36m3[0m. Replace the running Pod [1m([0mso the node uses the rebuilt image[1m)[0m and [1m([0mre[1m)[0mapply the Service manifest.          
         ```bash                                                                                                      
         kubectl delete pod kube-wrong-interface --ignore-not-found && kubectl apply -f                               
         [35m/home/adibam/KubeLLM/debug_assistant_latest/troubleshooting/wrong_interface/[0m[95mwrong_interface.yaml[0m && kubectl  
         apply -f [35m/home/adibam/KubeLLM/debug_assistant_latest/troubleshooting/wrong_interface/[0m[95mapp_service.yaml[0m        
         ```                                                                                                          
                                                                                                                      
         [1;36m4[0m. Wait for the Pod to become Ready and verify the application responds on the container port [1m([0mchecks HTTP   
         from inside the pod[1m)[0m.                                                                                        
         ```bash                                                                                                      
         kubectl wait --[33mfor[0m=[35mcondition[0m=Ready pod/kube-wrong-interface --[33mtimeout[0m=[35m60s[0m && kubectl exec                    
         kube-wrong-interface -- python3 -c [32m"import urllib.request; [0m                                                  
         [32mprint[0m[32m([0m[32murllib.request.urlopen[0m[32m([0m[32m'http://127.0.0.1:8765/'[0m[32m)[0m[32m.getcode[0m[32m([0m[32m)[0m[32m)[0m[32m"[0m                                           
         ```                                                                                                          
                                                                                                                      
         [1;36m5[0m. Verify the Service routes traffic to the Pod [1m([0mcluster-internal service DNS[1m)[0m.                              
         ```bash                                                                                                      
         kubectl exec kube-wrong-interface -- python3 -c [32m"import urllib.request; [0m                                     
         [32mprint[0m[32m([0m[32murllib.request.urlopen[0m[32m([0m[32m'http://app-service:8000/'[0m[32m)[0m[32m.getcode[0m[32m([0m[32m)[0m[32m)[0m[32m"[0m                                         
         ```                                                                                                          
                                                                                                                      
         If any step fails, paste the failing command's output and I will guide the next corrective action.           
                                                                                                                      
         The relevant configuration file is located in this path:                                                     
         [35m/home/adibam/KubeLLM/debug_assistant_latest/troubleshooting/wrong_interface/[0m[95mwrong_interface.yaml[0m             
         You can update these files if necessary. If any files are updated, make sure to delete and reapply the       
         configuration file.                                                                                          
         Do not use live feed flags when checking the logs such as [32m'kubectl logs -f'[0m                                  
         ### Tool Usage Rules                                                                                         
         - Do not attempt many commands in one tool call.                                                             
         - Never repeat a tool call that has already been executed successfully in this run.                          
         - If you need the result of a previous tool call, use the provided output rather than re-invoking it.        
         - Keep the tool call as simple as possible to avoid errors.                                                  
         - Do not run long-lived or background commands such as `kubectl port-forward`, `Start-Process`, or `kubectl  
         logs -f`; prefer single-shot commands that exit on their own.                                                
         - Do not use `kubectl port-forward`, background verification, `kubectl logs -f`, or `kubectl get -w`.        
         - For reachability checks, use the access path defined by the scenario: if a Service exists, verify via      
         Service/endpoints/service-routed access; if no Service exists, use bounded direct checks such as `kubectl    
         exec` with an in-container one-shot HTTP request.                                                            
         - Prefer one-shot application checks such as `kubectl exec [1m<[0m[1;95mpod[0m[39m> -- python3 -c [0m[32m"import urllib.request; [0m      
         [32mprint[0m[32m([0m[32murllib.request.urlopen[0m[32m([0m[32m'http://127.0.0.1:<port[0m[32m>[0m[32m/'[0m[32m)[0m[32m.getcode[0m[32m([0m[32m)[0m[32m)[0m[32m"[0m` when Python is available in the        
         container.                                                                                                   
                                                                                                                      
[32mDEBUG   [0m ============== assistant ==============                                                                      
[32mDEBUG   [0m I'll start by examining the current state of the files and cluster.                                          
[32mDEBUG   [0m Tool Calls: [1m[[0m                                                                                                
           [1m{[0m                                                                                                          
             [32m"type"[0m: [32m"function"[0m,                                                                                      
             [32m"function"[0m: [1m{[0m                                                                                            
               [32m"name"[0m: [32m"run_shell_command"[0m,                                                                           
               [32m"arguments"[0m: [32m"[0m[32m{[0m[32m\"command\": \"cat [0m                                                                     
         [32m/home/adibam/KubeLLM/debug_assistant_latest/troubleshooting/wrong_interface/server.py\"[0m[32m}[0m[32m"[0m                    
             [1m}[0m                                                                                                        
           [1m}[0m,                                                                                                         
           [1m{[0m                                                                                                          
             [32m"type"[0m: [32m"function"[0m,                                                                                      
             [32m"function"[0m: [1m{[0m                                                                                            
               [32m"name"[0m: [32m"run_shell_command"[0m,                                                                           
               [32m"arguments"[0m: [32m"[0m[32m{[0m[32m\"command\": \"cat [0m                                                                     
         [32m/home/adibam/KubeLLM/debug_assistant_latest/troubleshooting/wrong_interface/wrong_interface.yaml [0m            
         [32m/home/adibam/KubeLLM/debug_assistant_latest/troubleshooting/wrong_interface/app_service.yaml [0m                
         [32m/home/adibam/KubeLLM/debug_assistant_latest/troubleshooting/wrong_interface/Dockerfile\"[0m[32m}[0m[32m"[0m                   
             [1m}[0m                                                                                                        
           [1m}[0m                                                                                                          
         [1m][0m                                                                                                            
[32mDEBUG   [0m **************** METRICS START ****************                                                              
[32mDEBUG   [0m * Time to generate response:   [1;36m43.[0m6499s                                                                      
[32mDEBUG   [0m * Tokens per second:           [1;36m4.0550[0m tokens/s                                                               
[32mDEBUG   [0m * Input tokens:                [1;36m1677[0m                                                                          
[32mDEBUG   [0m * Output tokens:               [1;36m177[0m                                                                           
[32mDEBUG   [0m * Total tokens:                [1;36m1854[0m                                                                          
[32mDEBUG   [0m **************** METRICS END ******************                                                              
[32mDEBUG   [0m Getting function run_shell_command                                                                           
[32mDEBUG   [0m Getting function run_shell_command                                                                           
[32mDEBUG   [0m Running: [1;35mrun_shell_command[0m[1m([0m[33mcommand[0m=[35mcat[0m                                                                       
         [35m/home/adibam/KubeLLM/debug_assistant_latest/troubleshooting/wrong_interface/[0m[95mserver.py[0m[1m)[0m                       
[34mINFO    [0m Running shell command: cat                                                                                   
         [35m/home/adibam/KubeLLM/debug_assistant_latest/troubleshooting/wrong_interface/[0m[95mserver.py[0m                        
[32mDEBUG   [0m Return code: [1;36m0[0m                                                                                               
[32mDEBUG   [0m Running: [1;35mrun_shell_command[0m[1m([0m[33mcommand[0m=[33m...[0m[1m)[0m                                                                      
[34mINFO    [0m Running shell command: cat                                                                                   
         [35m/home/adibam/KubeLLM/debug_assistant_latest/troubleshooting/wrong_interface/[0m[95mwrong_interface.yaml[0m             
         [35m/home/adibam/KubeLLM/debug_assistant_latest/troubleshooting/wrong_interface/[0m[95mapp_service.yaml[0m                 
         [35m/home/adibam/KubeLLM/debug_assistant_latest/troubleshooting/wrong_interface/[0m[95mDockerfile[0m                       
[32mDEBUG   [0m Return code: [1;36m0[0m                                                                                               
[32mDEBUG   [0m ---------- Ollama Response Start ----------                                                                  
[32mDEBUG   [0m ============== system ==============                                                                         
[32mDEBUG   [0m ## Instructions                                                                                              
         - If all and only all commands fail to execute, declare that there was an error in trying to solve the issue,
         and end that statement with this token: [1m<[0m[1;95m|ERROR|[0m[39m>.[0m                                                           
         [39m- You have solved this issue only when the original user-visible problem is fixed in the live cluster. Verify[0m
         [39mthe relevant Kubernetes resources and application behavior with commands before declaring success; pod [0m      
         [39mRunning/Ready status alone is not sufficient unless the original problem is only pod startup.[0m                
         [39m- After every step, check whether the original problem is fixed in the live cluster. If you changed [0m         
         [39mmanifests, images, or cluster configuration, apply the change and verify the live resource state reflects it [0m
         [39mbefore declaring success.[0m                                                                                    
         [39m- If you believe you have met the goal, declare that you have solved the user's issue, and end that statement[0m
         [39mwith this token: <|SOLVED|>.[0m                                                                                 
         [39m- If the steps do not solve the issue, or if you need more information, declare that you cannot solve the [0m   
         [39missue, and end that statement with this token: <|FAILED|>.[0m                                                   
         [39m- Do not use live feed flags when checking the logs such as [0m[32m'kubectl logs -f'[0m                                
         [39m- Do not use commands like vim or vi[0m                                                                         
         [39m- Do not use commands that open up editors like [0m[32m'kubectl edit'[0m                                               
         [39m- Use markdown to format your answers.[0m                                                                       
                                                                                                                      
         [39m## Guidelines[0m                                                                                                
         [39mIf a command invocation is successful but gives no stdout nor stderr, then that is because that invocation [0m  
         [39mresulted in no output to stdout or stderr.[0m                                                                   
         [39mIf a command contains a placeholder name surrounded in angle brackets such as <pod_name>, for example, then [0m 
         [39m**do not** run that command as-is. First run a `kubectl get` command to find a real name to replace the [0m     
         [39mplaceholder name, then run the suggested command with the replaced name of the resource. For example, if you [0m
         [39msee `kubectl logs <pod_name[0m[1m>[0m -n example_namespace`, first run `kubectl get pods -n example_namespace` and use
         the name of the first pod you see.                                                                           
         Do not use live feed flags when checking the logs such as [32m'kubectl logs -f'[0m                                  
         If you do not conclude on an answer or a code then try again please.                                         
         Do not use commands like vim or vi                                                                           
         Do not use commands that open up editors like [32m'kubectl edit'[0m                                                 
[32mDEBUG   [0m ============== user ==============                                                                           
[32mDEBUG   [0m Perform the actions suggested here:                                                                          
         [1;36m1[0m. Fix the app to listen on all interfaces [1m([0m[1;92m0.0.0.0[0m[1m)[0m instead of localhost.                                   
         ```bash                                                                                                      
         sed -i [32m's/[0m[32m([0m[32m"localhost",/[0m[32m([0m[32m"0.0.0.0",/'[0m                                                                        
         [35m/home/adibam/KubeLLM/debug_assistant_latest/troubleshooting/wrong_interface/[0m[95mserver.py[0m                        
         ```                                                                                                          
                                                                                                                      
         [1;36m2[0m. Build the Docker image and load it into your local cluster. This single command tries minikube first, then
         kind, otherwise falls back to a local docker build [1m([0madjust strategy if you use a remote registry[1m)[0m.           
         ```bash                                                                                                      
         sh -c [32m'[0m[32mWORKDIR[0m[32m=/home/adibam/KubeLLM/debug_assistant_latest/troubleshooting/wrong_interface; if minikube [0m     
         [32mstatus >/dev/null 2>&1; then [0m[32mPROFILE[0m[32m=$[0m[32m{[0m[32mMINIKUBE_PROFILE:-$[0m[32m([0m[32mkubectl config current-context[0m[32m)[0m[32m}[0m[32m; minikube -p [0m    
         [32m"$PROFILE" image build -t kube-wrong-interface-app:latest -f "$WORKDIR/Dockerfile" "$WORKDIR"; elif command [0m 
         [32m-v kind >/dev/null 2>&1 && [0m[32m[[0m[32m -n "$[0m[32m([0m[32mkind get clusters 2>/dev/null[0m[32m)[0m[32m" [0m[32m][0m[32m; then docker build -t [0m                  
         [32mkube-wrong-interface-app:latest -f "$WORKDIR/Dockerfile" "$WORKDIR" && kind load docker-image [0m               
         [32mkube-wrong-interface-app:latest --name "$[0m[32m{[0m[32mKIND_CLUSTER:-kind[0m[32m}[0m[32m"; else docker build -t [0m                        
         [32mkube-wrong-interface-app:latest -f "$WORKDIR/Dockerfile" "$WORKDIR"; fi'[0m                                     
         ```                                                                                                          
                                                                                                                      
         [1;36m3[0m. Replace the running Pod [1m([0mso the node uses the rebuilt image[1m)[0m and [1m([0mre[1m)[0mapply the Service manifest.          
         ```bash                                                                                                      
         kubectl delete pod kube-wrong-interface --ignore-not-found && kubectl apply -f                               
         [35m/home/adibam/KubeLLM/debug_assistant_latest/troubleshooting/wrong_interface/[0m[95mwrong_interface.yaml[0m && kubectl  
         apply -f [35m/home/adibam/KubeLLM/debug_assistant_latest/troubleshooting/wrong_interface/[0m[95mapp_service.yaml[0m        
         ```                                                                                                          
                                                                                                                      
         [1;36m4[0m. Wait for the Pod to become Ready and verify the application responds on the container port [1m([0mchecks HTTP   
         from inside the pod[1m)[0m.                                                                                        
         ```bash                                                                                                      
         kubectl wait --[33mfor[0m=[35mcondition[0m=Ready pod/kube-wrong-interface --[33mtimeout[0m=[35m60s[0m && kubectl exec                    
         kube-wrong-interface -- python3 -c [32m"import urllib.request; [0m                                                  
         [32mprint[0m[32m([0m[32murllib.request.urlopen[0m[32m([0m[32m'http://127.0.0.1:8765/'[0m[32m)[0m[32m.getcode[0m[32m([0m[32m)[0m[32m)[0m[32m"[0m                                           
         ```                                                                                                          
                                                                                                                      
         [1;36m5[0m. Verify the Service routes traffic to the Pod [1m([0mcluster-internal service DNS[1m)[0m.                              
         ```bash                                                                                                      
         kubectl exec kube-wrong-interface -- python3 -c [32m"import urllib.request; [0m                                     
         [32mprint[0m[32m([0m[32murllib.request.urlopen[0m[32m([0m[32m'http://app-service:8000/'[0m[32m)[0m[32m.getcode[0m[32m([0m[32m)[0m[32m)[0m[32m"[0m                                         
         ```                                                                                                          
                                                                                                                      
         If any step fails, paste the failing command's output and I will guide the next corrective action.           
                                                                                                                      
         The relevant configuration file is located in this path:                                                     
         [35m/home/adibam/KubeLLM/debug_assistant_latest/troubleshooting/wrong_interface/[0m[95mwrong_interface.yaml[0m             
         You can update these files if necessary. If any files are updated, make sure to delete and reapply the       
         configuration file.                                                                                          
         Do not use live feed flags when checking the logs such as [32m'kubectl logs -f'[0m                                  
         ### Tool Usage Rules                                                                                         
         - Do not attempt many commands in one tool call.                                                             
         - Never repeat a tool call that has already been executed successfully in this run.                          
         - If you need the result of a previous tool call, use the provided output rather than re-invoking it.        
         - Keep the tool call as simple as possible to avoid errors.                                                  
         - Do not run long-lived or background commands such as `kubectl port-forward`, `Start-Process`, or `kubectl  
         logs -f`; prefer single-shot commands that exit on their own.                                                
         - Do not use `kubectl port-forward`, background verification, `kubectl logs -f`, or `kubectl get -w`.        
         - For reachability checks, use the access path defined by the scenario: if a Service exists, verify via      
         Service/endpoints/service-routed access; if no Service exists, use bounded direct checks such as `kubectl    
         exec` with an in-container one-shot HTTP request.                                                            
         - Prefer one-shot application checks such as `kubectl exec [1m<[0m[1;95mpod[0m[39m> -- python3 -c [0m[32m"import urllib.request; [0m      
         [32mprint[0m[32m([0m[32murllib.request.urlopen[0m[32m([0m[32m'http://127.0.0.1:<port[0m[32m>[0m[32m/'[0m[32m)[0m[32m.getcode[0m[32m([0m[32m)[0m[32m)[0m[32m"[0m` when Python is available in the        
         container.                                                                                                   
                                                                                                                      
[32mDEBUG   [0m ============== assistant ==============                                                                      
[32mDEBUG   [0m I'll start by examining the current state of the files and cluster.                                          
[32mDEBUG   [0m Tool Calls: [1m[[0m                                                                                                
           [1m{[0m                                                                                                          
             [32m"type"[0m: [32m"function"[0m,                                                                                      
             [32m"function"[0m: [1m{[0m                                                                                            
               [32m"name"[0m: [32m"run_shell_command"[0m,                                                                           
               [32m"arguments"[0m: [32m"[0m[32m{[0m[32m\"command\": \"cat [0m                                                                     
         [32m/home/adibam/KubeLLM/debug_assistant_latest/troubleshooting/wrong_interface/server.py\"[0m[32m}[0m[32m"[0m                    
             [1m}[0m                                                                                                        
           [1m}[0m,                                                                                                         
           [1m{[0m                                                                                                          
             [32m"type"[0m: [32m"function"[0m,                                                                                      
             [32m"function"[0m: [1m{[0m                                                                                            
               [32m"name"[0m: [32m"run_shell_command"[0m,                                                                           
               [32m"arguments"[0m: [32m"[0m[32m{[0m[32m\"command\": \"cat [0m                                                                     
         [32m/home/adibam/KubeLLM/debug_assistant_latest/troubleshooting/wrong_interface/wrong_interface.yaml [0m            
         [32m/home/adibam/KubeLLM/debug_assistant_latest/troubleshooting/wrong_interface/app_service.yaml [0m                
         [32m/home/adibam/KubeLLM/debug_assistant_latest/troubleshooting/wrong_interface/Dockerfile\"[0m[32m}[0m[32m"[0m                   
             [1m}[0m                                                                                                        
           [1m}[0m                                                                                                          
         [1m][0m                                                                                                            
[32mDEBUG   [0m ============== tool ==============                                                                           
[32mDEBUG   [0m import http.server                                                                                           
         import socketserver                                                                                          
                                                                                                                      
         Handler = http.server.SimpleHTTPRequestHandler                                                               
                                                                                                                      
         with [1;35msocketserver.TCPServer[0m[1m([0m[1m([0m[32m"localhost"[0m, [1;36m8765[0m[1m)[0m, Handler[1m)[0m as httpd:                                          
             [1;35mprint[0m[1m([0m[32m'Serving on port 8765'[0m[1m)[0m                                                                            
             [1;35mhttpd.serve_forever[0m[1m([0m[1m)[0m                                                                                    
                                                                                                                      
[32mDEBUG   [0m ============== tool ==============                                                                           
[32mDEBUG   [0m apiVersion: v1                                                                                               
         kind: Pod                                                                                                    
         metadata:                                                                                                    
           name: kube-wrong-interface                                                                                 
           labels:                                                                                                    
             app: kube-wrong-interface                                                                                
         spec:                                                                                                        
           containers:                                                                                                
           - name: kube-wrong-interface                                                                               
             image: kube-wrong-interface-app:latest                                                                   
             imagePullPolicy: Never                                                                                   
             ports:                                                                                                   
             - containerPort: [1;36m8765[0m                                                                                    
         apiVersion: v1                                                                                               
         kind: Service                                                                                                
         metadata:                                                                                                    
           name: app-service                                                                                          
         spec:                                                                                                        
           selector:                                                                                                  
             app: kube-wrong-interface                                                                                
           ports:                                                                                                     
             - protocol: TCP                                                                                          
               port: [1;36m8000[0m                                                                                             
               targetPort: [1;36m8765[0m                                                                                       
           type: NodePort                                                                                             
         FROM ubuntu:[1;36m20.04[0m                                                                                            
                                                                                                                      
         RUN apt-get update && \                                                                                      
             apt-get install -y \                                                                                     
                 python3 \                                                                                            
                 python3-pip \                                                                                        
                 python3-venv                                                                                         
                                                                                                                      
         WORKDIR [35m/[0m[95mapp[0m                                                                                                 
                                                                                                                      
         COPY server.py [35m/[0m[95mapp[0m                                                                                          
                                                                                                                      
         EXPOSE [1;36m8765[0m                                                                                                  
                                                                                                                      
         CMD [1m[[0m[32m"python3"[0m, [32m"server.py"[0m[1m][0m                                                                                 
                                                                                                                      
[32mDEBUG   [0m ============== assistant ==============                                                                      
[32mDEBUG   [0m Tool Calls: [1m[[0m                                                                                                
           [1m{[0m                                                                                                          
             [32m"type"[0m: [32m"function"[0m,                                                                                      
             [32m"function"[0m: [1m{[0m                                                                                            
               [32m"name"[0m: [32m"run_shell_command"[0m,                                                                           
               [32m"arguments"[0m: [32m"[0m[32m{[0m[32m\"command\": \"sed -i 's/[0m[32m([0m[32m\\\"localhost\\\",/[0m[32m([0m[32m\\\"0.0.0.0\\\",/' [0m                       
         [32m/home/adibam/KubeLLM/debug_assistant_latest/troubleshooting/wrong_interface/server.py && grep -n 'TCPServer' [0m
         [32m/home/adibam/KubeLLM/debug_assistant_latest/troubleshooting/wrong_interface/server.py\"[0m[32m}[0m[32m"[0m                    
             [1m}[0m                                                                                                        
           [1m}[0m,                                                                                                         
           [1m{[0m                                                                                                          
             [32m"type"[0m: [32m"function"[0m,                                                                                      
             [32m"function"[0m: [1m{[0m                                                                                            
               [32m"name"[0m: [32m"run_shell_command"[0m,                                                                           
               [32m"arguments"[0m: [32m"[0m[32m{[0m[32m\"command\": \"ls [0m                                                                      
         [32m/home/adibam/KubeLLM/debug_assistant_latest/troubleshooting/wrong_interface/; which minikube kind docker [0m    
         [32m2>&1; kubectl config current-context\"[0m[32m}[0m[32m"[0m                                                                     
             [1m}[0m                                                                                                        
           [1m}[0m                                                                                                          
         [1m][0m                                                                                                            
[32mDEBUG   [0m **************** METRICS START ****************                                                              
[32mDEBUG   [0m * Time to generate response:   [1;36m22.[0m0641s                                                                      
[32mDEBUG   [0m * Tokens per second:           [1;36m7.9767[0m tokens/s                                                               
[32mDEBUG   [0m * Input tokens:                [1;36m1997[0m                                                                          
[32mDEBUG   [0m * Output tokens:               [1;36m176[0m                                                                           
[32mDEBUG   [0m * Total tokens:                [1;36m2173[0m                                                                          
[32mDEBUG   [0m **************** METRICS END ******************                                                              
[32mDEBUG   [0m Getting function run_shell_command                                                                           
[32mDEBUG   [0m Getting function run_shell_command                                                                           
[32mDEBUG   [0m Running: [1;35mrun_shell_command[0m[1m([0m[33mcommand[0m=[33m...[0m[1m)[0m                                                                      
[34mINFO    [0m Running shell command: sed -i [32m's/[0m[32m([0m[32m"localhost",/[0m[32m([0m[32m"0.0.0.0",/'[0m                                                 
         [35m/home/adibam/KubeLLM/debug_assistant_latest/troubleshooting/wrong_interface/[0m[95mserver.py[0m && grep -n [32m'TCPServer'[0m 
         [35m/home/adibam/KubeLLM/debug_assistant_latest/troubleshooting/wrong_interface/[0m[95mserver.py[0m                        
[32mDEBUG   [0m Return code: [1;36m0[0m                                                                                               
[32mDEBUG   [0m Running: [1;35mrun_shell_command[0m[1m([0m[33mcommand[0m=[33m...[0m[1m)[0m                                                                      
[34mINFO    [0m Running shell command: ls [35m/home/adibam/KubeLLM/debug_assistant_latest/troubleshooting/wrong_interface/[0m; which
         minikube kind docker [1;36m2[0m>&[1;36m1[0m; kubectl config current-context                                                    
[32mDEBUG   [0m Return code: [1;36m0[0m                                                                                               
[32mDEBUG   [0m ---------- Ollama Response Start ----------                                                                  
[32mDEBUG   [0m ============== system ==============                                                                         
[32mDEBUG   [0m ## Instructions                                                                                              
         - If all and only all commands fail to execute, declare that there was an error in trying to solve the issue,
         and end that statement with this token: [1m<[0m[1;95m|ERROR|[0m[39m>.[0m                                                           
         [39m- You have solved this issue only when the original user-visible problem is fixed in the live cluster. Verify[0m
         [39mthe relevant Kubernetes resources and application behavior with commands before declaring success; pod [0m      
         [39mRunning/Ready status alone is not sufficient unless the original problem is only pod startup.[0m                
         [39m- After every step, check whether the original problem is fixed in the live cluster. If you changed [0m         
         [39mmanifests, images, or cluster configuration, apply the change and verify the live resource state reflects it [0m
         [39mbefore declaring success.[0m                                                                                    
         [39m- If you believe you have met the goal, declare that you have solved the user's issue, and end that statement[0m
         [39mwith this token: <|SOLVED|>.[0m                                                                                 
         [39m- If the steps do not solve the issue, or if you need more information, declare that you cannot solve the [0m   
         [39missue, and end that statement with this token: <|FAILED|>.[0m                                                   
         [39m- Do not use live feed flags when checking the logs such as [0m[32m'kubectl logs -f'[0m                                
         [39m- Do not use commands like vim or vi[0m                                                                         
         [39m- Do not use commands that open up editors like [0m[32m'kubectl edit'[0m                                               
         [39m- Use markdown to format your answers.[0m                                                                       
                                                                                                                      
         [39m## Guidelines[0m                                                                                                
         [39mIf a command invocation is successful but gives no stdout nor stderr, then that is because that invocation [0m  
         [39mresulted in no output to stdout or stderr.[0m                                                                   
         [39mIf a command contains a placeholder name surrounded in angle brackets such as <pod_name>, for example, then [0m 
         [39m**do not** run that command as-is. First run a `kubectl get` command to find a real name to replace the [0m     
         [39mplaceholder name, then run the suggested command with the replaced name of the resource. For example, if you [0m
         [39msee `kubectl logs <pod_name[0m[1m>[0m -n example_namespace`, first run `kubectl get pods -n example_namespace` and use
         the name of the first pod you see.                                                                           
         Do not use live feed flags when checking the logs such as [32m'kubectl logs -f'[0m                                  
         If you do not conclude on an answer or a code then try again please.                                         
         Do not use commands like vim or vi                                                                           
         Do not use commands that open up editors like [32m'kubectl edit'[0m                                                 
[32mDEBUG   [0m ============== user ==============                                                                           
[32mDEBUG   [0m Perform the actions suggested here:                                                                          
         [1;36m1[0m. Fix the app to listen on all interfaces [1m([0m[1;92m0.0.0.0[0m[1m)[0m instead of localhost.                                   
         ```bash                                                                                                      
         sed -i [32m's/[0m[32m([0m[32m"localhost",/[0m[32m([0m[32m"0.0.0.0",/'[0m                                                                        
         [35m/home/adibam/KubeLLM/debug_assistant_latest/troubleshooting/wrong_interface/[0m[95mserver.py[0m                        
         ```                                                                                                          
                                                                                                                      
         [1;36m2[0m. Build the Docker image and load it into your local cluster. This single command tries minikube first, then
         kind, otherwise falls back to a local docker build [1m([0madjust strategy if you use a remote registry[1m)[0m.           
         ```bash                                                                                                      
         sh -c [32m'[0m[32mWORKDIR[0m[32m=/home/adibam/KubeLLM/debug_assistant_latest/troubleshooting/wrong_interface; if minikube [0m     
         [32mstatus >/dev/null 2>&1; then [0m[32mPROFILE[0m[32m=$[0m[32m{[0m[32mMINIKUBE_PROFILE:-$[0m[32m([0m[32mkubectl config current-context[0m[32m)[0m[32m}[0m[32m; minikube -p [0m    
         [32m"$PROFILE" image build -t kube-wrong-interface-app:latest -f "$WORKDIR/Dockerfile" "$WORKDIR"; elif command [0m 
         [32m-v kind >/dev/null 2>&1 && [0m[32m[[0m[32m -n "$[0m[32m([0m[32mkind get clusters 2>/dev/null[0m[32m)[0m[32m" [0m[32m][0m[32m; then docker build -t [0m                  
         [32mkube-wrong-interface-app:latest -f "$WORKDIR/Dockerfile" "$WORKDIR" && kind load docker-image [0m               
         [32mkube-wrong-interface-app:latest --name "$[0m[32m{[0m[32mKIND_CLUSTER:-kind[0m[32m}[0m[32m"; else docker build -t [0m                        
         [32mkube-wrong-interface-app:latest -f "$WORKDIR/Dockerfile" "$WORKDIR"; fi'[0m                                     
         ```                                                                                                          
                                                                                                                      
         [1;36m3[0m. Replace the running Pod [1m([0mso the node uses the rebuilt image[1m)[0m and [1m([0mre[1m)[0mapply the Service manifest.          
         ```bash                                                                                                      
         kubectl delete pod kube-wrong-interface --ignore-not-found && kubectl apply -f                               
         [35m/home/adibam/KubeLLM/debug_assistant_latest/troubleshooting/wrong_interface/[0m[95mwrong_interface.yaml[0m && kubectl  
         apply -f [35m/home/adibam/KubeLLM/debug_assistant_latest/troubleshooting/wrong_interface/[0m[95mapp_service.yaml[0m        
         ```                                                                                                          
                                                                                                                      
         [1;36m4[0m. Wait for the Pod to become Ready and verify the application responds on the container port [1m([0mchecks HTTP   
         from inside the pod[1m)[0m.                                                                                        
         ```bash                                                                                                      
         kubectl wait --[33mfor[0m=[35mcondition[0m=Ready pod/kube-wrong-interface --[33mtimeout[0m=[35m60s[0m && kubectl exec                    
         kube-wrong-interface -- python3 -c [32m"import urllib.request; [0m                                                  
         [32mprint[0m[32m([0m[32murllib.request.urlopen[0m[32m([0m[32m'http://127.0.0.1:8765/'[0m[32m)[0m[32m.getcode[0m[32m([0m[32m)[0m[32m)[0m[32m"[0m                                           
         ```                                                                                                          
                                                                                                                      
         [1;36m5[0m. Verify the Service routes traffic to the Pod [1m([0mcluster-internal service DNS[1m)[0m.                              
         ```bash                                                                                                      
         kubectl exec kube-wrong-interface -- python3 -c [32m"import urllib.request; [0m                                     
         [32mprint[0m[32m([0m[32murllib.request.urlopen[0m[32m([0m[32m'http://app-service:8000/'[0m[32m)[0m[32m.getcode[0m[32m([0m[32m)[0m[32m)[0m[32m"[0m                                         
         ```                                                                                                          
                                                                                                                      
         If any step fails, paste the failing command's output and I will guide the next corrective action.           
                                                                                                                      
         The relevant configuration file is located in this path:                                                     
         [35m/home/adibam/KubeLLM/debug_assistant_latest/troubleshooting/wrong_interface/[0m[95mwrong_interface.yaml[0m             
         You can update these files if necessary. If any files are updated, make sure to delete and reapply the       
         configuration file.                                                                                          
         Do not use live feed flags when checking the logs such as [32m'kubectl logs -f'[0m                                  
         ### Tool Usage Rules                                                                                         
         - Do not attempt many commands in one tool call.                                                             
         - Never repeat a tool call that has already been executed successfully in this run.                          
         - If you need the result of a previous tool call, use the provided output rather than re-invoking it.        
         - Keep the tool call as simple as possible to avoid errors.                                                  
         - Do not run long-lived or background commands such as `kubectl port-forward`, `Start-Process`, or `kubectl  
         logs -f`; prefer single-shot commands that exit on their own.                                                
         - Do not use `kubectl port-forward`, background verification, `kubectl logs -f`, or `kubectl get -w`.        
         - For reachability checks, use the access path defined by the scenario: if a Service exists, verify via      
         Service/endpoints/service-routed access; if no Service exists, use bounded direct checks such as `kubectl    
         exec` with an in-container one-shot HTTP request.                                                            
         - Prefer one-shot application checks such as `kubectl exec [1m<[0m[1;95mpod[0m[39m> -- python3 -c [0m[32m"import urllib.request; [0m      
         [32mprint[0m[32m([0m[32murllib.request.urlopen[0m[32m([0m[32m'http://127.0.0.1:<port[0m[32m>[0m[32m/'[0m[32m)[0m[32m.getcode[0m[32m([0m[32m)[0m[32m)[0m[32m"[0m` when Python is available in the        
         container.                                                                                                   
                                                                                                                      
[32mDEBUG   [0m ============== assistant ==============                                                                      
[32mDEBUG   [0m I'll start by examining the current state of the files and cluster.                                          
[32mDEBUG   [0m Tool Calls: [1m[[0m                                                                                                
           [1m{[0m                                                                                                          
             [32m"type"[0m: [32m"function"[0m,                                                                                      
             [32m"function"[0m: [1m{[0m                                                                                            
               [32m"name"[0m: [32m"run_shell_command"[0m,                                                                           
               [32m"arguments"[0m: [32m"[0m[32m{[0m[32m\"command\": \"cat [0m                                                                     
         [32m/home/adibam/KubeLLM/debug_assistant_latest/troubleshooting/wrong_interface/server.py\"[0m[32m}[0m[32m"[0m                    
             [1m}[0m                                                                                                        
           [1m}[0m,                                                                                                         
           [1m{[0m                                                                                                          
             [32m"type"[0m: [32m"function"[0m,                                                                                      
             [32m"function"[0m: [1m{[0m                                                                                            
               [32m"name"[0m: [32m"run_shell_command"[0m,                                                                           
               [32m"arguments"[0m: [32m"[0m[32m{[0m[32m\"command\": \"cat [0m                                                                     
         [32m/home/adibam/KubeLLM/debug_assistant_latest/troubleshooting/wrong_interface/wrong_interface.yaml [0m            
         [32m/home/adibam/KubeLLM/debug_assistant_latest/troubleshooting/wrong_interface/app_service.yaml [0m                
         [32m/home/adibam/KubeLLM/debug_assistant_latest/troubleshooting/wrong_interface/Dockerfile\"[0m[32m}[0m[32m"[0m                   
             [1m}[0m                                                                                                        
           [1m}[0m                                                                                                          
         [1m][0m                                                                                                            
[32mDEBUG   [0m ============== tool ==============                                                                           
[32mDEBUG   [0m import http.server                                                                                           
         import socketserver                                                                                          
                                                                                                                      
         Handler = http.server.SimpleHTTPRequestHandler                                                               
                                                                                                                      
         with [1;35msocketserver.TCPServer[0m[1m([0m[1m([0m[32m"localhost"[0m, [1;36m8765[0m[1m)[0m, Handler[1m)[0m as httpd:                                          
             [1;35mprint[0m[1m([0m[32m'Serving on port 8765'[0m[1m)[0m                                                                            
             [1;35mhttpd.serve_forever[0m[1m([0m[1m)[0m                                                                                    
                                                                                                                      
[32mDEBUG   [0m ============== tool ==============                                                                           
[32mDEBUG   [0m apiVersion: v1                                                                                               
         kind: Pod                                                                                                    
         metadata:                                                                                                    
           name: kube-wrong-interface                                                                                 
           labels:                                                                                                    
             app: kube-wrong-interface                                                                                
         spec:                                                                                                        
           containers:                                                                                                
           - name: kube-wrong-interface                                                                               
             image: kube-wrong-interface-app:latest                                                                   
             imagePullPolicy: Never                                                                                   
             ports:                                                                                                   
             - containerPort: [1;36m8765[0m                                                                                    
         apiVersion: v1                                                                                               
         kind: Service                                                                                                
         metadata:                                                                                                    
           name: app-service                                                                                          
         spec:                                                                                                        
           selector:                                                                                                  
             app: kube-wrong-interface                                                                                
           ports:                                                                                                     
             - protocol: TCP                                                                                          
               port: [1;36m8000[0m                                                                                             
               targetPort: [1;36m8765[0m                                                                                       
           type: NodePort                                                                                             
         FROM ubuntu:[1;36m20.04[0m                                                                                            
                                                                                                                      
         RUN apt-get update && \                                                                                      
             apt-get install -y \                                                                                     
                 python3 \                                                                                            
                 python3-pip \                                                                                        
                 python3-venv                                                                                         
                                                                                                                      
         WORKDIR [35m/[0m[95mapp[0m                                                                                                 
                                                                                                                      
         COPY server.py [35m/[0m[95mapp[0m                                                                                          
                                                                                                                      
         EXPOSE [1;36m8765[0m                                                                                                  
                                                                                                                      
         CMD [1m[[0m[32m"python3"[0m, [32m"server.py"[0m[1m][0m                                                                                 
                                                                                                                      
[32mDEBUG   [0m ============== assistant ==============                                                                      
[32mDEBUG   [0m Tool Calls: [1m[[0m                                                                                                
           [1m{[0m                                                                                                          
             [32m"type"[0m: [32m"function"[0m,                                                                                      
             [32m"function"[0m: [1m{[0m                                                                                            
               [32m"name"[0m: [32m"run_shell_command"[0m,                                                                           
               [32m"arguments"[0m: [32m"[0m[32m{[0m[32m\"command\": \"sed -i 's/[0m[32m([0m[32m\\\"localhost\\\",/[0m[32m([0m[32m\\\"0.0.0.0\\\",/' [0m                       
         [32m/home/adibam/KubeLLM/debug_assistant_latest/troubleshooting/wrong_interface/server.py && grep -n 'TCPServer' [0m
         [32m/home/adibam/KubeLLM/debug_assistant_latest/troubleshooting/wrong_interface/server.py\"[0m[32m}[0m[32m"[0m                    
             [1m}[0m                                                                                                        
           [1m}[0m,                                                                                                         
           [1m{[0m                                                                                                          
             [32m"type"[0m: [32m"function"[0m,                                                                                      
             [32m"function"[0m: [1m{[0m                                                                                            
               [32m"name"[0m: [32m"run_shell_command"[0m,                                                                           
               [32m"arguments"[0m: [32m"[0m[32m{[0m[32m\"command\": \"ls [0m                                                                      
         [32m/home/adibam/KubeLLM/debug_assistant_latest/troubleshooting/wrong_interface/; which minikube kind docker [0m    
         [32m2>&1; kubectl config current-context\"[0m[32m}[0m[32m"[0m                                                                     
             [1m}[0m                                                                                                        
           [1m}[0m                                                                                                          
         [1m][0m                                                                                                            
[32mDEBUG   [0m ============== tool ==============                                                                           
[32mDEBUG   [0m [1;36m6[0m:with [1;35msocketserver.TCPServer[0m[1m([0m[1m([0m[32m"0.0.0.0"[0m, [1;36m8765[0m[1m)[0m, Handler[1m)[0m as httpd:                                          
                                                                                                                      
[32mDEBUG   [0m ============== tool ==============                                                                           
[32mDEBUG   [0m app_service.yaml                                                                                             
         config_step.json                                                                                             
         Dockerfile                                                                                                   
         readme.txt                                                                                                   
         server.py                                                                                                    
         wrong_interface.yaml                                                                                         
         [35m/usr/local/bin/[0m[95mminikube[0m                                                                                      
         [35m/usr/bin/[0m[95mdocker[0m                                                                                              
         minikube                                                                                                     
                                                                                                                      
[32mDEBUG   [0m ============== assistant ==============                                                                      
[32mDEBUG   [0m Tool Calls: [1m[[0m                                                                                                
           [1m{[0m                                                                                                          
             [32m"type"[0m: [32m"function"[0m,                                                                                      
             [32m"function"[0m: [1m{[0m                                                                                            
               [32m"name"[0m: [32m"run_shell_command"[0m,                                                                           
               [32m"arguments"[0m: [32m"[0m[32m{[0m[32m\"command\": \"minikube status; echo ---; kubectl config current-context\"[0m[32m}[0m[32m"[0m            
             [1m}[0m                                                                                                        
           [1m}[0m                                                                                                          
         [1m][0m                                                                                                            
[32mDEBUG   [0m **************** METRICS START ****************                                                              
[32mDEBUG   [0m * Time to generate response:   [1;36m12.[0m3002s                                                                      
[32mDEBUG   [0m * Tokens per second:           [1;36m5.2032[0m tokens/s                                                               
[32mDEBUG   [0m * Input tokens:                [1;36m2087[0m                                                                          
[32mDEBUG   [0m * Output tokens:               [1;36m64[0m                                                                            
[32mDEBUG   [0m * Total tokens:                [1;36m2151[0m                                                                          
[32mDEBUG   [0m **************** METRICS END ******************                                                              
[32mDEBUG   [0m Getting function run_shell_command                                                                           
[32mDEBUG   [0m Running: [1;35mrun_shell_command[0m[1m([0m[33mcommand[0m=[35mminikube[0m status; echo ---; kubectl config current-context[1m)[0m                
[34mINFO    [0m Running shell command: minikube status; echo ---; kubectl config current-context                             
[32mDEBUG   [0m Return code: [1;36m0[0m                                                                                               
[32mDEBUG   [0m ---------- Ollama Response Start ----------                                                                  
[32mDEBUG   [0m ============== system ==============                                                                         
[32mDEBUG   [0m ## Instructions                                                                                              
         - If all and only all commands fail to execute, declare that there was an error in trying to solve the issue,
         and end that statement with this token: [1m<[0m[1;95m|ERROR|[0m[39m>.[0m                                                           
         [39m- You have solved this issue only when the original user-visible problem is fixed in the live cluster. Verify[0m
         [39mthe relevant Kubernetes resources and application behavior with commands before declaring success; pod [0m      
         [39mRunning/Ready status alone is not sufficient unless the original problem is only pod startup.[0m                
         [39m- After every step, check whether the original problem is fixed in the live cluster. If you changed [0m         
         [39mmanifests, images, or cluster configuration, apply the change and verify the live resource state reflects it [0m
         [39mbefore declaring success.[0m                                                                                    
         [39m- If you believe you have met the goal, declare that you have solved the user's issue, and end that statement[0m
         [39mwith this token: <|SOLVED|>.[0m                                                                                 
         [39m- If the steps do not solve the issue, or if you need more information, declare that you cannot solve the [0m   
         [39missue, and end that statement with this token: <|FAILED|>.[0m                                                   
         [39m- Do not use live feed flags when checking the logs such as [0m[32m'kubectl logs -f'[0m                                
         [39m- Do not use commands like vim or vi[0m                                                                         
         [39m- Do not use commands that open up editors like [0m[32m'kubectl edit'[0m                                               
         [39m- Use markdown to format your answers.[0m                                                                       
                                                                                                                      
         [39m## Guidelines[0m                                                                                                
         [39mIf a command invocation is successful but gives no stdout nor stderr, then that is because that invocation [0m  
         [39mresulted in no output to stdout or stderr.[0m                                                                   
         [39mIf a command contains a placeholder name surrounded in angle brackets such as <pod_name>, for example, then [0m 
         [39m**do not** run that command as-is. First run a `kubectl get` command to find a real name to replace the [0m     
         [39mplaceholder name, then run the suggested command with the replaced name of the resource. For example, if you [0m
         [39msee `kubectl logs <pod_name[0m[1m>[0m -n example_namespace`, first run `kubectl get pods -n example_namespace` and use
         the name of the first pod you see.                                                                           
         Do not use live feed flags when checking the logs such as [32m'kubectl logs -f'[0m                                  
         If you do not conclude on an answer or a code then try again please.                                         
         Do not use commands like vim or vi                                                                           
         Do not use commands that open up editors like [32m'kubectl edit'[0m                                                 
[32mDEBUG   [0m ============== user ==============                                                                           
[32mDEBUG   [0m Perform the actions suggested here:                                                                          
         [1;36m1[0m. Fix the app to listen on all interfaces [1m([0m[1;92m0.0.0.0[0m[1m)[0m instead of localhost.                                   
         ```bash                                                                                                      
         sed -i [32m's/[0m[32m([0m[32m"localhost",/[0m[32m([0m[32m"0.0.0.0",/'[0m                                                                        
         [35m/home/adibam/KubeLLM/debug_assistant_latest/troubleshooting/wrong_interface/[0m[95mserver.py[0m                        
         ```                                                                                                          
                                                                                                                      
         [1;36m2[0m. Build the Docker image and load it into your local cluster. This single command tries minikube first, then
         kind, otherwise falls back to a local docker build [1m([0madjust strategy if you use a remote registry[1m)[0m.           
         ```bash                                                                                                      
         sh -c [32m'[0m[32mWORKDIR[0m[32m=/home/adibam/KubeLLM/debug_assistant_latest/troubleshooting/wrong_interface; if minikube [0m     
         [32mstatus >/dev/null 2>&1; then [0m[32mPROFILE[0m[32m=$[0m[32m{[0m[32mMINIKUBE_PROFILE:-$[0m[32m([0m[32mkubectl config current-context[0m[32m)[0m[32m}[0m[32m; minikube -p [0m    
         [32m"$PROFILE" image build -t kube-wrong-interface-app:latest -f "$WORKDIR/Dockerfile" "$WORKDIR"; elif command [0m 
         [32m-v kind >/dev/null 2>&1 && [0m[32m[[0m[32m -n "$[0m[32m([0m[32mkind get clusters 2>/dev/null[0m[32m)[0m[32m" [0m[32m][0m[32m; then docker build -t [0m                  
         [32mkube-wrong-interface-app:latest -f "$WORKDIR/Dockerfile" "$WORKDIR" && kind load docker-image [0m               
         [32mkube-wrong-interface-app:latest --name "$[0m[32m{[0m[32mKIND_CLUSTER:-kind[0m[32m}[0m[32m"; else docker build -t [0m                        
         [32mkube-wrong-interface-app:latest -f "$WORKDIR/Dockerfile" "$WORKDIR"; fi'[0m                                     
         ```                                                                                                          
                                                                                                                      
         [1;36m3[0m. Replace the running Pod [1m([0mso the node uses the rebuilt image[1m)[0m and [1m([0mre[1m)[0mapply the Service manifest.          
         ```bash                                                                                                      
         kubectl delete pod kube-wrong-interface --ignore-not-found && kubectl apply -f                               
         [35m/home/adibam/KubeLLM/debug_assistant_latest/troubleshooting/wrong_interface/[0m[95mwrong_interface.yaml[0m && kubectl  
         apply -f [35m/home/adibam/KubeLLM/debug_assistant_latest/troubleshooting/wrong_interface/[0m[95mapp_service.yaml[0m        
         ```                                                                                                          
                                                                                                                      
         [1;36m4[0m. Wait for the Pod to become Ready and verify the application responds on the container port [1m([0mchecks HTTP   
         from inside the pod[1m)[0m.                                                                                        
         ```bash                                                                                                      
         kubectl wait --[33mfor[0m=[35mcondition[0m=Ready pod/kube-wrong-interface --[33mtimeout[0m=[35m60s[0m && kubectl exec                    
         kube-wrong-interface -- python3 -c [32m"import urllib.request; [0m                                                  
         [32mprint[0m[32m([0m[32murllib.request.urlopen[0m[32m([0m[32m'http://127.0.0.1:8765/'[0m[32m)[0m[32m.getcode[0m[32m([0m[32m)[0m[32m)[0m[32m"[0m                                           
         ```                                                                                                          
                                                                                                                      
         [1;36m5[0m. Verify the Service routes traffic to the Pod [1m([0mcluster-internal service DNS[1m)[0m.                              
         ```bash                                                                                                      
         kubectl exec kube-wrong-interface -- python3 -c [32m"import urllib.request; [0m                                     
         [32mprint[0m[32m([0m[32murllib.request.urlopen[0m[32m([0m[32m'http://app-service:8000/'[0m[32m)[0m[32m.getcode[0m[32m([0m[32m)[0m[32m)[0m[32m"[0m                                         
         ```                                                                                                          
                                                                                                                      
         If any step fails, paste the failing command's output and I will guide the next corrective action.           
                                                                                                                      
         The relevant configuration file is located in this path:                                                     
         [35m/home/adibam/KubeLLM/debug_assistant_latest/troubleshooting/wrong_interface/[0m[95mwrong_interface.yaml[0m             
         You can update these files if necessary. If any files are updated, make sure to delete and reapply the       
         configuration file.                                                                                          
         Do not use live feed flags when checking the logs such as [32m'kubectl logs -f'[0m                                  
         ### Tool Usage Rules                                                                                         
         - Do not attempt many commands in one tool call.                                                             
         - Never repeat a tool call that has already been executed successfully in this run.                          
         - If you need the result of a previous tool call, use the provided output rather than re-invoking it.        
         - Keep the tool call as simple as possible to avoid errors.                                                  
         - Do not run long-lived or background commands such as `kubectl port-forward`, `Start-Process`, or `kubectl  
         logs -f`; prefer single-shot commands that exit on their own.                                                
         - Do not use `kubectl port-forward`, background verification, `kubectl logs -f`, or `kubectl get -w`.        
         - For reachability checks, use the access path defined by the scenario: if a Service exists, verify via      
         Service/endpoints/service-routed access; if no Service exists, use bounded direct checks such as `kubectl    
         exec` with an in-container one-shot HTTP request.                                                            
         - Prefer one-shot application checks such as `kubectl exec [1m<[0m[1;95mpod[0m[39m> -- python3 -c [0m[32m"import urllib.request; [0m      
         [32mprint[0m[32m([0m[32murllib.request.urlopen[0m[32m([0m[32m'http://127.0.0.1:<port[0m[32m>[0m[32m/'[0m[32m)[0m[32m.getcode[0m[32m([0m[32m)[0m[32m)[0m[32m"[0m` when Python is available in the        
         container.                                                                                                   
                                                                                                                      
[32mDEBUG   [0m ============== assistant ==============                                                                      
[32mDEBUG   [0m I'll start by examining the current state of the files and cluster.                                          
[32mDEBUG   [0m Tool Calls: [1m[[0m                                                                                                
           [1m{[0m                                                                                                          
             [32m"type"[0m: [32m"function"[0m,                                                                                      
             [32m"function"[0m: [1m{[0m                                                                                            
               [32m"name"[0m: [32m"run_shell_command"[0m,                                                                           
               [32m"arguments"[0m: [32m"[0m[32m{[0m[32m\"command\": \"cat [0m                                                                     
         [32m/home/adibam/KubeLLM/debug_assistant_latest/troubleshooting/wrong_interface/server.py\"[0m[32m}[0m[32m"[0m                    
             [1m}[0m                                                                                                        
           [1m}[0m,                                                                                                         
           [1m{[0m                                                                                                          
             [32m"type"[0m: [32m"function"[0m,                                                                                      
             [32m"function"[0m: [1m{[0m                                                                                            
               [32m"name"[0m: [32m"run_shell_command"[0m,                                                                           
               [32m"arguments"[0m: [32m"[0m[32m{[0m[32m\"command\": \"cat [0m                                                                     
         [32m/home/adibam/KubeLLM/debug_assistant_latest/troubleshooting/wrong_interface/wrong_interface.yaml [0m            
         [32m/home/adibam/KubeLLM/debug_assistant_latest/troubleshooting/wrong_interface/app_service.yaml [0m                
         [32m/home/adibam/KubeLLM/debug_assistant_latest/troubleshooting/wrong_interface/Dockerfile\"[0m[32m}[0m[32m"[0m                   
             [1m}[0m                                                                                                        
           [1m}[0m                                                                                                          
         [1m][0m                                                                                                            
[32mDEBUG   [0m ============== tool ==============                                                                           
[32mDEBUG   [0m import http.server                                                                                           
         import socketserver                                                                                          
                                                                                                                      
         Handler = http.server.SimpleHTTPRequestHandler                                                               
                                                                                                                      
         with [1;35msocketserver.TCPServer[0m[1m([0m[1m([0m[32m"localhost"[0m, [1;36m8765[0m[1m)[0m, Handler[1m)[0m as httpd:                                          
             [1;35mprint[0m[1m([0m[32m'Serving on port 8765'[0m[1m)[0m                                                                            
             [1;35mhttpd.serve_forever[0m[1m([0m[1m)[0m                                                                                    
                                                                                                                      
[32mDEBUG   [0m ============== tool ==============                                                                           
[32mDEBUG   [0m apiVersion: v1                                                                                               
         kind: Pod                                                                                                    
         metadata:                                                                                                    
           name: kube-wrong-interface                                                                                 
           labels:                                                                                                    
             app: kube-wrong-interface                                                                                
         spec:                                                                                                        
           containers:                                                                                                
           - name: kube-wrong-interface                                                                               
             image: kube-wrong-interface-app:latest                                                                   
             imagePullPolicy: Never                                                                                   
             ports:                                                                                                   
             - containerPort: [1;36m8765[0m                                                                                    
         apiVersion: v1                                                                                               
         kind: Service                                                                                                
         metadata:                                                                                                    
           name: app-service                                                                                          
         spec:                                                                                                        
           selector:                                                                                                  
             app: kube-wrong-interface                                                                                
           ports:                                                                                                     
             - protocol: TCP                                                                                          
               port: [1;36m8000[0m                                                                                             
               targetPort: [1;36m8765[0m                                                                                       
           type: NodePort                                                                                             
         FROM ubuntu:[1;36m20.04[0m                                                                                            
                                                                                                                      
         RUN apt-get update && \                                                                                      
             apt-get install -y \                                                                                     
                 python3 \                                                                                            
                 python3-pip \                                                                                        
                 python3-venv                                                                                         
                                                                                                                      
         WORKDIR [35m/[0m[95mapp[0m                                                                                                 
                                                                                                                      
         COPY server.py [35m/[0m[95mapp[0m                                                                                          
                                                                                                                      
         EXPOSE [1;36m8765[0m                                                                                                  
                                                                                                                      
         CMD [1m[[0m[32m"python3"[0m, [32m"server.py"[0m[1m][0m                                                                                 
                                                                                                                      
[32mDEBUG   [0m ============== assistant ==============                                                                      
[32mDEBUG   [0m Tool Calls: [1m[[0m                                                                                                
           [1m{[0m                                                                                                          
             [32m"type"[0m: [32m"function"[0m,                                                                                      
             [32m"function"[0m: [1m{[0m                                                                                            
               [32m"name"[0m: [32m"run_shell_command"[0m,                                                                           
               [32m"arguments"[0m: [32m"[0m[32m{[0m[32m\"command\": \"sed -i 's/[0m[32m([0m[32m\\\"localhost\\\",/[0m[32m([0m[32m\\\"0.0.0.0\\\",/' [0m                       
         [32m/home/adibam/KubeLLM/debug_assistant_latest/troubleshooting/wrong_interface/server.py && grep -n 'TCPServer' [0m
         [32m/home/adibam/KubeLLM/debug_assistant_latest/troubleshooting/wrong_interface/server.py\"[0m[32m}[0m[32m"[0m                    
             [1m}[0m                                                                                                        
           [1m}[0m,                                                                                                         
           [1m{[0m                                                                                                          
             [32m"type"[0m: [32m"function"[0m,                                                                                      
             [32m"function"[0m: [1m{[0m                                                                                            
               [32m"name"[0m: [32m"run_shell_command"[0m,                                                                           
               [32m"arguments"[0m: [32m"[0m[32m{[0m[32m\"command\": \"ls [0m                                                                      
         [32m/home/adibam/KubeLLM/debug_assistant_latest/troubleshooting/wrong_interface/; which minikube kind docker [0m    
         [32m2>&1; kubectl config current-context\"[0m[32m}[0m[32m"[0m                                                                     
             [1m}[0m                                                                                                        
           [1m}[0m                                                                                                          
         [1m][0m                                                                                                            
[32mDEBUG   [0m ============== tool ==============                                                                           
[32mDEBUG   [0m [1;36m6[0m:with [1;35msocketserver.TCPServer[0m[1m([0m[1m([0m[32m"0.0.0.0"[0m, [1;36m8765[0m[1m)[0m, Handler[1m)[0m as httpd:                                          
                                                                                                                      
[32mDEBUG   [0m ============== tool ==============                                                                           
[32mDEBUG   [0m app_service.yaml                                                                                             
         config_step.json                                                                                             
         Dockerfile                                                                                                   
         readme.txt                                                                                                   
         server.py                                                                                                    
         wrong_interface.yaml                                                                                         
         [35m/usr/local/bin/[0m[95mminikube[0m                                                                                      
         [35m/usr/bin/[0m[95mdocker[0m                                                                                              
         minikube                                                                                                     
                                                                                                                      
[32mDEBUG   [0m ============== assistant ==============                                                                      
[32mDEBUG   [0m Tool Calls: [1m[[0m                                                                                                
           [1m{[0m                                                                                                          
             [32m"type"[0m: [32m"function"[0m,                                                                                      
             [32m"function"[0m: [1m{[0m                                                                                            
               [32m"name"[0m: [32m"run_shell_command"[0m,                                                                           
               [32m"arguments"[0m: [32m"[0m[32m{[0m[32m\"command\": \"minikube status; echo ---; kubectl config current-context\"[0m[32m}[0m[32m"[0m            
             [1m}[0m                                                                                                        
           [1m}[0m                                                                                                          
         [1m][0m                                                                                                            
[32mDEBUG   [0m ============== tool ==============                                                                           
[32mDEBUG   [0m minikube                                                                                                     
         type: Control Plane                                                                                          
         host: Running                                                                                                
         kubelet: Running                                                                                             
         apiserver: Running                                                                                           
         kubeconfig: Configured                                                                                       
                                                                                                                      
         ---                                                                                                          
         minikube                                                                                                     
                                                                                                                      
[32mDEBUG   [0m ============== assistant ==============                                                                      
[32mDEBUG   [0m Tool Calls: [1m[[0m                                                                                                
           [1m{[0m                                                                                                          
             [32m"type"[0m: [32m"function"[0m,                                                                                      
             [32m"function"[0m: [1m{[0m                                                                                            
               [32m"name"[0m: [32m"run_shell_command"[0m,                                                                           
               [32m"arguments"[0m: [32m"[0m[32m{[0m[32m\"command\": [0m                                                                           
         [32m\"[0m[32mWORKDIR[0m[32m=/home/adibam/KubeLLM/debug_assistant_latest/troubleshooting/wrong_interface; minikube -p minikube [0m 
         [32mimage build -t kube-wrong-interface-app:latest -f \\\"$WORKDIR/Dockerfile\\\" \\\"$WORKDIR\\\" 2>&1 | tail [0m  
         [32m-20\"[0m[32m}[0m[32m"[0m                                                                                                      
             [1m}[0m                                                                                                        
           [1m}[0m                                                                                                          
         [1m][0m                                                                                                            
[32mDEBUG   [0m **************** METRICS START ****************                                                              
[32mDEBUG   [0m * Time to generate response:   [1;36m11.[0m5094s                                                                      
[32mDEBUG   [0m * Tokens per second:           [1;36m9.6443[0m tokens/s                                                               
[32mDEBUG   [0m * Input tokens:                [1;36m2139[0m                                                                          
[32mDEBUG   [0m * Output tokens:               [1;36m111[0m                                                                           
[32mDEBUG   [0m * Total tokens:                [1;36m2250[0m                                                                          
[32mDEBUG   [0m **************** METRICS END ******************                                                              
[32mDEBUG   [0m Getting function run_shell_command                                                                           
[32mDEBUG   [0m Running: [1;35mrun_shell_command[0m[1m([0m[33mcommand[0m=[33m...[0m[1m)[0m                                                                      
[34mINFO    [0m Running shell command: [33mWORKDIR[0m=[35m/home/adibam/KubeLLM/debug_assistant_latest/troubleshooting/[0m[95mwrong_interface[0m;  
         minikube -p minikube image build -t kube-wrong-interface-app:latest -f [32m"$WORKDIR/Dockerfile"[0m [32m"$WORKDIR"[0m [1;36m2[0m>&[1;36m1[0m 
         | tail [1;36m-20[0m                                                                                                   
[32mDEBUG   [0m Return code: [1;36m0[0m                                                                                               
[32mDEBUG   [0m ---------- Ollama Response Start ----------                                                                  
[32mDEBUG   [0m ============== system ==============                                                                         
[32mDEBUG   [0m ## Instructions                                                                                              
         - If all and only all commands fail to execute, declare that there was an error in trying to solve the issue,
         and end that statement with this token: [1m<[0m[1;95m|ERROR|[0m[39m>.[0m                                                           
         [39m- You have solved this issue only when the original user-visible problem is fixed in the live cluster. Verify[0m
         [39mthe relevant Kubernetes resources and application behavior with commands before declaring success; pod [0m      
         [39mRunning/Ready status alone is not sufficient unless the original problem is only pod startup.[0m                
         [39m- After every step, check whether the original problem is fixed in the live cluster. If you changed [0m         
         [39mmanifests, images, or cluster configuration, apply the change and verify the live resource state reflects it [0m
         [39mbefore declaring success.[0m                                                                                    
         [39m- If you believe you have met the goal, declare that you have solved the user's issue, and end that statement[0m
         [39mwith this token: <|SOLVED|>.[0m                                                                                 
         [39m- If the steps do not solve the issue, or if you need more information, declare that you cannot solve the [0m   
         [39missue, and end that statement with this token: <|FAILED|>.[0m                                                   
         [39m- Do not use live feed flags when checking the logs such as [0m[32m'kubectl logs -f'[0m                                
         [39m- Do not use commands like vim or vi[0m                                                                         
         [39m- Do not use commands that open up editors like [0m[32m'kubectl edit'[0m                                               
         [39m- Use markdown to format your answers.[0m                                                                       
                                                                                                                      
         [39m## Guidelines[0m                                                                                                
         [39mIf a command invocation is successful but gives no stdout nor stderr, then that is because that invocation [0m  
         [39mresulted in no output to stdout or stderr.[0m                                                                   
         [39mIf a command contains a placeholder name surrounded in angle brackets such as <pod_name>, for example, then [0m 
         [39m**do not** run that command as-is. First run a `kubectl get` command to find a real name to replace the [0m     
         [39mplaceholder name, then run the suggested command with the replaced name of the resource. For example, if you [0m
         [39msee `kubectl logs <pod_name[0m[1m>[0m -n example_namespace`, first run `kubectl get pods -n example_namespace` and use
         the name of the first pod you see.                                                                           
         Do not use live feed flags when checking the logs such as [32m'kubectl logs -f'[0m                                  
         If you do not conclude on an answer or a code then try again please.                                         
         Do not use commands like vim or vi                                                                           
         Do not use commands that open up editors like [32m'kubectl edit'[0m                                                 
[32mDEBUG   [0m ============== user ==============                                                                           
[32mDEBUG   [0m Perform the actions suggested here:                                                                          
         [1;36m1[0m. Fix the app to listen on all interfaces [1m([0m[1;92m0.0.0.0[0m[1m)[0m instead of localhost.                                   
         ```bash                                                                                                      
         sed -i [32m's/[0m[32m([0m[32m"localhost",/[0m[32m([0m[32m"0.0.0.0",/'[0m                                                                        
         [35m/home/adibam/KubeLLM/debug_assistant_latest/troubleshooting/wrong_interface/[0m[95mserver.py[0m                        
         ```                                                                                                          
                                                                                                                      
         [1;36m2[0m. Build the Docker image and load it into your local cluster. This single command tries minikube first, then
         kind, otherwise falls back to a local docker build [1m([0madjust strategy if you use a remote registry[1m)[0m.           
         ```bash                                                                                                      
         sh -c [32m'[0m[32mWORKDIR[0m[32m=/home/adibam/KubeLLM/debug_assistant_latest/troubleshooting/wrong_interface; if minikube [0m     
         [32mstatus >/dev/null 2>&1; then [0m[32mPROFILE[0m[32m=$[0m[32m{[0m[32mMINIKUBE_PROFILE:-$[0m[32m([0m[32mkubectl config current-context[0m[32m)[0m[32m}[0m[32m; minikube -p [0m    
         [32m"$PROFILE" image build -t kube-wrong-interface-app:latest -f "$WORKDIR/Dockerfile" "$WORKDIR"; elif command [0m 
         [32m-v kind >/dev/null 2>&1 && [0m[32m[[0m[32m -n "$[0m[32m([0m[32mkind get clusters 2>/dev/null[0m[32m)[0m[32m" [0m[32m][0m[32m; then docker build -t [0m                  
         [32mkube-wrong-interface-app:latest -f "$WORKDIR/Dockerfile" "$WORKDIR" && kind load docker-image [0m               
         [32mkube-wrong-interface-app:latest --name "$[0m[32m{[0m[32mKIND_CLUSTER:-kind[0m[32m}[0m[32m"; else docker build -t [0m                        
         [32mkube-wrong-interface-app:latest -f "$WORKDIR/Dockerfile" "$WORKDIR"; fi'[0m                                     
         ```                                                                                                          
                                                                                                                      
         [1;36m3[0m. Replace the running Pod [1m([0mso the node uses the rebuilt image[1m)[0m and [1m([0mre[1m)[0mapply the Service manifest.          
         ```bash                                                                                                      
         kubectl delete pod kube-wrong-interface --ignore-not-found && kubectl apply -f                               
         [35m/home/adibam/KubeLLM/debug_assistant_latest/troubleshooting/wrong_interface/[0m[95mwrong_interface.yaml[0m && kubectl  
         apply -f [35m/home/adibam/KubeLLM/debug_assistant_latest/troubleshooting/wrong_interface/[0m[95mapp_service.yaml[0m        
         ```                                                                                                          
                                                                                                                      
         [1;36m4[0m. Wait for the Pod to become Ready and verify the application responds on the container port [1m([0mchecks HTTP   
         from inside the pod[1m)[0m.                                                                                        
         ```bash                                                                                                      
         kubectl wait --[33mfor[0m=[35mcondition[0m=Ready pod/kube-wrong-interface --[33mtimeout[0m=[35m60s[0m && kubectl exec                    
         kube-wrong-interface -- python3 -c [32m"import urllib.request; [0m                                                  
         [32mprint[0m[32m([0m[32murllib.request.urlopen[0m[32m([0m[32m'http://127.0.0.1:8765/'[0m[32m)[0m[32m.getcode[0m[32m([0m[32m)[0m[32m)[0m[32m"[0m                                           
         ```                                                                                                          
                                                                                                                      
         [1;36m5[0m. Verify the Service routes traffic to the Pod [1m([0mcluster-internal service DNS[1m)[0m.                              
         ```bash                                                                                                      
         kubectl exec kube-wrong-interface -- python3 -c [32m"import urllib.request; [0m                                     
         [32mprint[0m[32m([0m[32murllib.request.urlopen[0m[32m([0m[32m'http://app-service:8000/'[0m[32m)[0m[32m.getcode[0m[32m([0m[32m)[0m[32m)[0m[32m"[0m                                         
         ```                                                                                                          
                                                                                                                      
         If any step fails, paste the failing command's output and I will guide the next corrective action.           
                                                                                                                      
         The relevant configuration file is located in this path:                                                     
         [35m/home/adibam/KubeLLM/debug_assistant_latest/troubleshooting/wrong_interface/[0m[95mwrong_interface.yaml[0m             
         You can update these files if necessary. If any files are updated, make sure to delete and reapply the       
         configuration file.                                                                                          
         Do not use live feed flags when checking the logs such as [32m'kubectl logs -f'[0m                                  
         ### Tool Usage Rules                                                                                         
         - Do not attempt many commands in one tool call.                                                             
         - Never repeat a tool call that has already been executed successfully in this run.                          
         - If you need the result of a previous tool call, use the provided output rather than re-invoking it.        
         - Keep the tool call as simple as possible to avoid errors.                                                  
         - Do not run long-lived or background commands such as `kubectl port-forward`, `Start-Process`, or `kubectl  
         logs -f`; prefer single-shot commands that exit on their own.                                                
         - Do not use `kubectl port-forward`, background verification, `kubectl logs -f`, or `kubectl get -w`.        
         - For reachability checks, use the access path defined by the scenario: if a Service exists, verify via      
         Service/endpoints/service-routed access; if no Service exists, use bounded direct checks such as `kubectl    
         exec` with an in-container one-shot HTTP request.                                                            
         - Prefer one-shot application checks such as `kubectl exec [1m<[0m[1;95mpod[0m[39m> -- python3 -c [0m[32m"import urllib.request; [0m      
         [32mprint[0m[32m([0m[32murllib.request.urlopen[0m[32m([0m[32m'http://127.0.0.1:<port[0m[32m>[0m[32m/'[0m[32m)[0m[32m.getcode[0m[32m([0m[32m)[0m[32m)[0m[32m"[0m` when Python is available in the        
         container.                                                                                                   
                                                                                                                      
[32mDEBUG   [0m ============== assistant ==============                                                                      
[32mDEBUG   [0m I'll start by examining the current state of the files and cluster.                                          
[32mDEBUG   [0m Tool Calls: [1m[[0m                                                                                                
           [1m{[0m                                                                                                          
             [32m"type"[0m: [32m"function"[0m,                                                                                      
             [32m"function"[0m: [1m{[0m                                                                                            
               [32m"name"[0m: [32m"run_shell_command"[0m,                                                                           
               [32m"arguments"[0m: [32m"[0m[32m{[0m[32m\"command\": \"cat [0m                                                                     
         [32m/home/adibam/KubeLLM/debug_assistant_latest/troubleshooting/wrong_interface/server.py\"[0m[32m}[0m[32m"[0m                    
             [1m}[0m                                                                                                        
           [1m}[0m,                                                                                                         
           [1m{[0m                                                                                                          
             [32m"type"[0m: [32m"function"[0m,                                                                                      
             [32m"function"[0m: [1m{[0m                                                                                            
               [32m"name"[0m: [32m"run_shell_command"[0m,                                                                           
               [32m"arguments"[0m: [32m"[0m[32m{[0m[32m\"command\": \"cat [0m                                                                     
         [32m/home/adibam/KubeLLM/debug_assistant_latest/troubleshooting/wrong_interface/wrong_interface.yaml [0m            
         [32m/home/adibam/KubeLLM/debug_assistant_latest/troubleshooting/wrong_interface/app_service.yaml [0m                
         [32m/home/adibam/KubeLLM/debug_assistant_latest/troubleshooting/wrong_interface/Dockerfile\"[0m[32m}[0m[32m"[0m                   
             [1m}[0m                                                                                                        
           [1m}[0m                                                                                                          
         [1m][0m                                                                                                            
[32mDEBUG   [0m ============== tool ==============                                                                           
[32mDEBUG   [0m import http.server                                                                                           
         import socketserver                                                                                          
                                                                                                                      
         Handler = http.server.SimpleHTTPRequestHandler                                                               
                                                                                                                      
         with [1;35msocketserver.TCPServer[0m[1m([0m[1m([0m[32m"localhost"[0m, [1;36m8765[0m[1m)[0m, Handler[1m)[0m as httpd:                                          
             [1;35mprint[0m[1m([0m[32m'Serving on port 8765'[0m[1m)[0m                                                                            
             [1;35mhttpd.serve_forever[0m[1m([0m[1m)[0m                                                                                    
                                                                                                                      
[32mDEBUG   [0m ============== tool ==============                                                                           
[32mDEBUG   [0m apiVersion: v1                                                                                               
         kind: Pod                                                                                                    
         metadata:                                                                                                    
           name: kube-wrong-interface                                                                                 
           labels:                                                                                                    
             app: kube-wrong-interface                                                                                
         spec:                                                                                                        
           containers:                                                                                                
           - name: kube-wrong-interface                                                                               
             image: kube-wrong-interface-app:latest                                                                   
             imagePullPolicy: Never                                                                                   
             ports:                                                                                                   
             - containerPort: [1;36m8765[0m                                                                                    
         apiVersion: v1                                                                                               
         kind: Service                                                                                                
         metadata:                                                                                                    
           name: app-service                                                                                          
         spec:                                                                                                        
           selector:                                                                                                  
             app: kube-wrong-interface                                                                                
           ports:                                                                                                     
             - protocol: TCP                                                                                          
               port: [1;36m8000[0m                                                                                             
               targetPort: [1;36m8765[0m                                                                                       
           type: NodePort                                                                                             
         FROM ubuntu:[1;36m20.04[0m                                                                                            
                                                                                                                      
         RUN apt-get update && \                                                                                      
             apt-get install -y \                                                                                     
                 python3 \                                                                                            
                 python3-pip \                                                                                        
                 python3-venv                                                                                         
                                                                                                                      
         WORKDIR [35m/[0m[95mapp[0m                                                                                                 
                                                                                                                      
         COPY server.py [35m/[0m[95mapp[0m                                                                                          
                                                                                                                      
         EXPOSE [1;36m8765[0m                                                                                                  
                                                                                                                      
         CMD [1m[[0m[32m"python3"[0m, [32m"server.py"[0m[1m][0m                                                                                 
                                                                                                                      
[32mDEBUG   [0m ============== assistant ==============                                                                      
[32mDEBUG   [0m Tool Calls: [1m[[0m                                                                                                
           [1m{[0m                                                                                                          
             [32m"type"[0m: [32m"function"[0m,                                                                                      
             [32m"function"[0m: [1m{[0m                                                                                            
               [32m"name"[0m: [32m"run_shell_command"[0m,                                                                           
               [32m"arguments"[0m: [32m"[0m[32m{[0m[32m\"command\": \"sed -i 's/[0m[32m([0m[32m\\\"localhost\\\",/[0m[32m([0m[32m\\\"0.0.0.0\\\",/' [0m                       
         [32m/home/adibam/KubeLLM/debug_assistant_latest/troubleshooting/wrong_interface/server.py && grep -n 'TCPServer' [0m
         [32m/home/adibam/KubeLLM/debug_assistant_latest/troubleshooting/wrong_interface/server.py\"[0m[32m}[0m[32m"[0m                    
             [1m}[0m                                                                                                        
           [1m}[0m,                                                                                                         
           [1m{[0m                                                                                                          
             [32m"type"[0m: [32m"function"[0m,                                                                                      
             [32m"function"[0m: [1m{[0m                                                                                            
               [32m"name"[0m: [32m"run_shell_command"[0m,                                                                           
               [32m"arguments"[0m: [32m"[0m[32m{[0m[32m\"command\": \"ls [0m                                                                      
         [32m/home/adibam/KubeLLM/debug_assistant_latest/troubleshooting/wrong_interface/; which minikube kind docker [0m    
         [32m2>&1; kubectl config current-context\"[0m[32m}[0m[32m"[0m                                                                     
             [1m}[0m                                                                                                        
           [1m}[0m                                                                                                          
         [1m][0m                                                                                                            
[32mDEBUG   [0m ============== tool ==============                                                                           
[32mDEBUG   [0m [1;36m6[0m:with [1;35msocketserver.TCPServer[0m[1m([0m[1m([0m[32m"0.0.0.0"[0m, [1;36m8765[0m[1m)[0m, Handler[1m)[0m as httpd:                                          
                                                                                                                      
[32mDEBUG   [0m ============== tool ==============                                                                           
[32mDEBUG   [0m app_service.yaml                                                                                             
         config_step.json                                                                                             
         Dockerfile                                                                                                   
         readme.txt                                                                                                   
         server.py                                                                                                    
         wrong_interface.yaml                                                                                         
         [35m/usr/local/bin/[0m[95mminikube[0m                                                                                      
         [35m/usr/bin/[0m[95mdocker[0m                                                                                              
         minikube                                                                                                     
                                                                                                                      
[32mDEBUG   [0m ============== assistant ==============                                                                      
[32mDEBUG   [0m Tool Calls: [1m[[0m                                                                                                
           [1m{[0m                                                                                                          
             [32m"type"[0m: [32m"function"[0m,                                                                                      
             [32m"function"[0m: [1m{[0m                                                                                            
               [32m"name"[0m: [32m"run_shell_command"[0m,                                                                           
               [32m"arguments"[0m: [32m"[0m[32m{[0m[32m\"command\": \"minikube status; echo ---; kubectl config current-context\"[0m[32m}[0m[32m"[0m            
             [1m}[0m                                                                                                        
           [1m}[0m                                                                                                          
         [1m][0m                                                                                                            
[32mDEBUG   [0m ============== tool ==============                                                                           
[32mDEBUG   [0m minikube                                                                                                     
         type: Control Plane                                                                                          
         host: Running                                                                                                
         kubelet: Running                                                                                             
         apiserver: Running                                                                                           
         kubeconfig: Configured                                                                                       
                                                                                                                      
         ---                                                                                                          
         minikube                                                                                                     
                                                                                                                      
[32mDEBUG   [0m ============== assistant ==============                                                                      
[32mDEBUG   [0m Tool Calls: [1m[[0m                                                                                                
           [1m{[0m                                                                                                          
             [32m"type"[0m: [32m"function"[0m,                                                                                      
             [32m"function"[0m: [1m{[0m                                                                                            
               [32m"name"[0m: [32m"run_shell_command"[0m,                                                                           
               [32m"arguments"[0m: [32m"[0m[32m{[0m[32m\"command\": [0m                                                                           
         [32m\"[0m[32mWORKDIR[0m[32m=/home/adibam/KubeLLM/debug_assistant_latest/troubleshooting/wrong_interface; minikube -p minikube [0m 
         [32mimage build -t kube-wrong-interface-app:latest -f \\\"$WORKDIR/Dockerfile\\\" \\\"$WORKDIR\\\" 2>&1 | tail [0m  
         [32m-20\"[0m[32m}[0m[32m"[0m                                                                                                      
             [1m}[0m                                                                                                        
           [1m}[0m                                                                                                          
         [1m][0m                                                                                                            
[32mDEBUG   [0m ============== tool ==============                                                                           
[32mDEBUG   [0m ERROR: resolve : lstat [35m/home/[0m[95madibam[0m: no such file or directory                                               
                                                                                                                      
[32mDEBUG   [0m ============== assistant ==============                                                                      
[32mDEBUG   [0m Tool Calls: [1m[[0m                                                                                                
           [1m{[0m                                                                                                          
             [32m"type"[0m: [32m"function"[0m,                                                                                      
             [32m"function"[0m: [1m{[0m                                                                                            
               [32m"name"[0m: [32m"run_shell_command"[0m,                                                                           
               [32m"arguments"[0m: [32m"[0m[32m{[0m[32m\"command\": \"minikube image build -t kube-wrong-interface-app:latest -f [0m              
         [32m/home/adibam/KubeLLM/debug_assistant_latest/troubleshooting/wrong_interface/Dockerfile [0m                      
         [32m/home/adibam/KubeLLM/debug_assistant_latest/troubleshooting/wrong_interface 2>&1 | head -30\"[0m[32m}[0m[32m"[0m              
             [1m}[0m                                                                                                        
           [1m}[0m                                                                                                          
         [1m][0m                                                                                                            
[32mDEBUG   [0m **************** METRICS START ****************                                                              
[32mDEBUG   [0m * Time to generate response:   [1;36m19.[0m4678s                                                                      
[32mDEBUG   [0m * Tokens per second:           [1;36m7.2427[0m tokens/s                                                               
[32mDEBUG   [0m * Input tokens:                [1;36m2174[0m                                                                          
[32mDEBUG   [0m * Output tokens:               [1;36m141[0m                                                                           
[32mDEBUG   [0m * Total tokens:                [1;36m2315[0m                                                                          
[32mDEBUG   [0m **************** METRICS END ******************                                                              
[32mDEBUG   [0m Getting function run_shell_command                                                                           
[32mDEBUG   [0m Running: [1;35mrun_shell_command[0m[1m([0m[33mcommand[0m=[33m...[0m[1m)[0m                                                                      
[34mINFO    [0m Running shell command: minikube image build -t kube-wrong-interface-app:latest -f                            
         [35m/home/adibam/KubeLLM/debug_assistant_latest/troubleshooting/wrong_interface/[0m[95mDockerfile[0m                       
         [35m/home/adibam/KubeLLM/debug_assistant_latest/troubleshooting/[0m[95mwrong_interface[0m [1;36m2[0m>&[1;36m1[0m | head [1;36m-30[0m                  
[32mDEBUG   [0m Return code: [1;36m0[0m                                                                                               
[32mDEBUG   [0m ---------- Ollama Response Start ----------                                                                  
[32mDEBUG   [0m ============== system ==============                                                                         
[32mDEBUG   [0m ## Instructions                                                                                              
         - If all and only all commands fail to execute, declare that there was an error in trying to solve the issue,
         and end that statement with this token: [1m<[0m[1;95m|ERROR|[0m[39m>.[0m                                                           
         [39m- You have solved this issue only when the original user-visible problem is fixed in the live cluster. Verify[0m
         [39mthe relevant Kubernetes resources and application behavior with commands before declaring success; pod [0m      
         [39mRunning/Ready status alone is not sufficient unless the original problem is only pod startup.[0m                
         [39m- After every step, check whether the original problem is fixed in the live cluster. If you changed [0m         
         [39mmanifests, images, or cluster configuration, apply the change and verify the live resource state reflects it [0m
         [39mbefore declaring success.[0m                                                                                    
         [39m- If you believe you have met the goal, declare that you have solved the user's issue, and end that statement[0m
         [39mwith this token: <|SOLVED|>.[0m                                                                                 
         [39m- If the steps do not solve the issue, or if you need more information, declare that you cannot solve the [0m   
         [39missue, and end that statement with this token: <|FAILED|>.[0m                                                   
         [39m- Do not use live feed flags when checking the logs such as [0m[32m'kubectl logs -f'[0m                                
         [39m- Do not use commands like vim or vi[0m                                                                         
         [39m- Do not use commands that open up editors like [0m[32m'kubectl edit'[0m                                               
         [39m- Use markdown to format your answers.[0m                                                                       
                                                                                                                      
         [39m## Guidelines[0m                                                                                                
         [39mIf a command invocation is successful but gives no stdout nor stderr, then that is because that invocation [0m  
         [39mresulted in no output to stdout or stderr.[0m                                                                   
         [39mIf a command contains a placeholder name surrounded in angle brackets such as <pod_name>, for example, then [0m 
         [39m**do not** run that command as-is. First run a `kubectl get` command to find a real name to replace the [0m     
         [39mplaceholder name, then run the suggested command with the replaced name of the resource. For example, if you [0m
         [39msee `kubectl logs <pod_name[0m[1m>[0m -n example_namespace`, first run `kubectl get pods -n example_namespace` and use
         the name of the first pod you see.                                                                           
         Do not use live feed flags when checking the logs such as [32m'kubectl logs -f'[0m                                  
         If you do not conclude on an answer or a code then try again please.                                         
         Do not use commands like vim or vi                                                                           
         Do not use commands that open up editors like [32m'kubectl edit'[0m                                                 
[32mDEBUG   [0m ============== user ==============                                                                           
[32mDEBUG   [0m Perform the actions suggested here:                                                                          
         [1;36m1[0m. Fix the app to listen on all interfaces [1m([0m[1;92m0.0.0.0[0m[1m)[0m instead of localhost.                                   
         ```bash                                                                                                      
         sed -i [32m's/[0m[32m([0m[32m"localhost",/[0m[32m([0m[32m"0.0.0.0",/'[0m                                                                        
         [35m/home/adibam/KubeLLM/debug_assistant_latest/troubleshooting/wrong_interface/[0m[95mserver.py[0m                        
         ```                                                                                                          
                                                                                                                      
         [1;36m2[0m. Build the Docker image and load it into your local cluster. This single command tries minikube first, then
         kind, otherwise falls back to a local docker build [1m([0madjust strategy if you use a remote registry[1m)[0m.           
         ```bash                                                                                                      
         sh -c [32m'[0m[32mWORKDIR[0m[32m=/home/adibam/KubeLLM/debug_assistant_latest/troubleshooting/wrong_interface; if minikube [0m     
         [32mstatus >/dev/null 2>&1; then [0m[32mPROFILE[0m[32m=$[0m[32m{[0m[32mMINIKUBE_PROFILE:-$[0m[32m([0m[32mkubectl config current-context[0m[32m)[0m[32m}[0m[32m; minikube -p [0m    
         [32m"$PROFILE" image build -t kube-wrong-interface-app:latest -f "$WORKDIR/Dockerfile" "$WORKDIR"; elif command [0m 
         [32m-v kind >/dev/null 2>&1 && [0m[32m[[0m[32m -n "$[0m[32m([0m[32mkind get clusters 2>/dev/null[0m[32m)[0m[32m" [0m[32m][0m[32m; then docker build -t [0m                  
         [32mkube-wrong-interface-app:latest -f "$WORKDIR/Dockerfile" "$WORKDIR" && kind load docker-image [0m               
         [32mkube-wrong-interface-app:latest --name "$[0m[32m{[0m[32mKIND_CLUSTER:-kind[0m[32m}[0m[32m"; else docker build -t [0m                        
         [32mkube-wrong-interface-app:latest -f "$WORKDIR/Dockerfile" "$WORKDIR"; fi'[0m                                     
         ```                                                                                                          
                                                                                                                      
         [1;36m3[0m. Replace the running Pod [1m([0mso the node uses the rebuilt image[1m)[0m and [1m([0mre[1m)[0mapply the Service manifest.          
         ```bash                                                                                                      
         kubectl delete pod kube-wrong-interface --ignore-not-found && kubectl apply -f                               
         [35m/home/adibam/KubeLLM/debug_assistant_latest/troubleshooting/wrong_interface/[0m[95mwrong_interface.yaml[0m && kubectl  
         apply -f [35m/home/adibam/KubeLLM/debug_assistant_latest/troubleshooting/wrong_interface/[0m[95mapp_service.yaml[0m        
         ```                                                                                                          
                                                                                                                      
         [1;36m4[0m. Wait for the Pod to become Ready and verify the application responds on the container port [1m([0mchecks HTTP   
         from inside the pod[1m)[0m.                                                                                        
         ```bash                                                                                                      
         kubectl wait --[33mfor[0m=[35mcondition[0m=Ready pod/kube-wrong-interface --[33mtimeout[0m=[35m60s[0m && kubectl exec                    
         kube-wrong-interface -- python3 -c [32m"import urllib.request; [0m                                                  
         [32mprint[0m[32m([0m[32murllib.request.urlopen[0m[32m([0m[32m'http://127.0.0.1:8765/'[0m[32m)[0m[32m.getcode[0m[32m([0m[32m)[0m[32m)[0m[32m"[0m                                           
         ```                                                                                                          
                                                                                                                      
         [1;36m5[0m. Verify the Service routes traffic to the Pod [1m([0mcluster-internal service DNS[1m)[0m.                              
         ```bash                                                                                                      
         kubectl exec kube-wrong-interface -- python3 -c [32m"import urllib.request; [0m                                     
         [32mprint[0m[32m([0m[32murllib.request.urlopen[0m[32m([0m[32m'http://app-service:8000/'[0m[32m)[0m[32m.getcode[0m[32m([0m[32m)[0m[32m)[0m[32m"[0m                                         
         ```                                                                                                          
                                                                                                                      
         If any step fails, paste the failing command's output and I will guide the next corrective action.           
                                                                                                                      
         The relevant configuration file is located in this path:                                                     
         [35m/home/adibam/KubeLLM/debug_assistant_latest/troubleshooting/wrong_interface/[0m[95mwrong_interface.yaml[0m             
         You can update these files if necessary. If any files are updated, make sure to delete and reapply the       
         configuration file.                                                                                          
         Do not use live feed flags when checking the logs such as [32m'kubectl logs -f'[0m                                  
         ### Tool Usage Rules                                                                                         
         - Do not attempt many commands in one tool call.                                                             
         - Never repeat a tool call that has already been executed successfully in this run.                          
         - If you need the result of a previous tool call, use the provided output rather than re-invoking it.        
         - Keep the tool call as simple as possible to avoid errors.                                                  
         - Do not run long-lived or background commands such as `kubectl port-forward`, `Start-Process`, or `kubectl  
         logs -f`; prefer single-shot commands that exit on their own.                                                
         - Do not use `kubectl port-forward`, background verification, `kubectl logs -f`, or `kubectl get -w`.        
         - For reachability checks, use the access path defined by the scenario: if a Service exists, verify via      
         Service/endpoints/service-routed access; if no Service exists, use bounded direct checks such as `kubectl    
         exec` with an in-container one-shot HTTP request.                                                            
         - Prefer one-shot application checks such as `kubectl exec [1m<[0m[1;95mpod[0m[39m> -- python3 -c [0m[32m"import urllib.request; [0m      
         [32mprint[0m[32m([0m[32murllib.request.urlopen[0m[32m([0m[32m'http://127.0.0.1:<port[0m[32m>[0m[32m/'[0m[32m)[0m[32m.getcode[0m[32m([0m[32m)[0m[32m)[0m[32m"[0m` when Python is available in the        
         container.                                                                                                   
                                                                                                                      
[32mDEBUG   [0m ============== assistant ==============                                                                      
[32mDEBUG   [0m I'll start by examining the current state of the files and cluster.                                          
[32mDEBUG   [0m Tool Calls: [1m[[0m                                                                                                
           [1m{[0m                                                                                                          
             [32m"type"[0m: [32m"function"[0m,                                                                                      
             [32m"function"[0m: [1m{[0m                                                                                            
               [32m"name"[0m: [32m"run_shell_command"[0m,                                                                           
               [32m"arguments"[0m: [32m"[0m[32m{[0m[32m\"command\": \"cat [0m                                                                     
         [32m/home/adibam/KubeLLM/debug_assistant_latest/troubleshooting/wrong_interface/server.py\"[0m[32m}[0m[32m"[0m                    
             [1m}[0m                                                                                                        
           [1m}[0m,                                                                                                         
           [1m{[0m                                                                                                          
             [32m"type"[0m: [32m"function"[0m,                                                                                      
             [32m"function"[0m: [1m{[0m                                                                                            
               [32m"name"[0m: [32m"run_shell_command"[0m,                                                                           
               [32m"arguments"[0m: [32m"[0m[32m{[0m[32m\"command\": \"cat [0m                                                                     
         [32m/home/adibam/KubeLLM/debug_assistant_latest/troubleshooting/wrong_interface/wrong_interface.yaml [0m            
         [32m/home/adibam/KubeLLM/debug_assistant_latest/troubleshooting/wrong_interface/app_service.yaml [0m                
         [32m/home/adibam/KubeLLM/debug_assistant_latest/troubleshooting/wrong_interface/Dockerfile\"[0m[32m}[0m[32m"[0m                   
             [1m}[0m                                                                                                        
           [1m}[0m                                                                                                          
         [1m][0m                                                                                                            
[32mDEBUG   [0m ============== tool ==============                                                                           
[32mDEBUG   [0m import http.server                                                                                           
         import socketserver                                                                                          
                                                                                                                      
         Handler = http.server.SimpleHTTPRequestHandler                                                               
                                                                                                                      
         with [1;35msocketserver.TCPServer[0m[1m([0m[1m([0m[32m"localhost"[0m, [1;36m8765[0m[1m)[0m, Handler[1m)[0m as httpd:                                          
             [1;35mprint[0m[1m([0m[32m'Serving on port 8765'[0m[1m)[0m                                                                            
             [1;35mhttpd.serve_forever[0m[1m([0m[1m)[0m                                                                                    
                                                                                                                      
[32mDEBUG   [0m ============== tool ==============                                                                           
[32mDEBUG   [0m apiVersion: v1                                                                                               
         kind: Pod                                                                                                    
         metadata:                                                                                                    
           name: kube-wrong-interface                                                                                 
           labels:                                                                                                    
             app: kube-wrong-interface                                                                                
         spec:                                                                                                        
           containers:                                                                                                
           - name: kube-wrong-interface                                                                               
             image: kube-wrong-interface-app:latest                                                                   
             imagePullPolicy: Never                                                                                   
             ports:                                                                                                   
             - containerPort: [1;36m8765[0m                                                                                    
         apiVersion: v1                                                                                               
         kind: Service                                                                                                
         metadata:                                                                                                    
           name: app-service                                                                                          
         spec:                                                                                                        
           selector:                                                                                                  
             app: kube-wrong-interface                                                                                
           ports:                                                                                                     
             - protocol: TCP                                                                                          
               port: [1;36m8000[0m                                                                                             
               targetPort: [1;36m8765[0m                                                                                       
           type: NodePort                                                                                             
         FROM ubuntu:[1;36m20.04[0m                                                                                            
                                                                                                                      
         RUN apt-get update && \                                                                                      
             apt-get install -y \                                                                                     
                 python3 \                                                                                            
                 python3-pip \                                                                                        
                 python3-venv                                                                                         
                                                                                                                      
         WORKDIR [35m/[0m[95mapp[0m                                                                                                 
                                                                                                                      
         COPY server.py [35m/[0m[95mapp[0m                                                                                          
                                                                                                                      
         EXPOSE [1;36m8765[0m                                                                                                  
                                                                                                                      
         CMD [1m[[0m[32m"python3"[0m, [32m"server.py"[0m[1m][0m                                                                                 
                                                                                                                      
[32mDEBUG   [0m ============== assistant ==============                                                                      
[32mDEBUG   [0m Tool Calls: [1m[[0m                                                                                                
           [1m{[0m                                                                                                          
             [32m"type"[0m: [32m"function"[0m,                                                                                      
             [32m"function"[0m: [1m{[0m                                                                                            
               [32m"name"[0m: [32m"run_shell_command"[0m,                                                                           
               [32m"arguments"[0m: [32m"[0m[32m{[0m[32m\"command\": \"sed -i 's/[0m[32m([0m[32m\\\"localhost\\\",/[0m[32m([0m[32m\\\"0.0.0.0\\\",/' [0m                       
         [32m/home/adibam/KubeLLM/debug_assistant_latest/troubleshooting/wrong_interface/server.py && grep -n 'TCPServer' [0m
         [32m/home/adibam/KubeLLM/debug_assistant_latest/troubleshooting/wrong_interface/server.py\"[0m[32m}[0m[32m"[0m                    
             [1m}[0m                                                                                                        
           [1m}[0m,                                                                                                         
           [1m{[0m                                                                                                          
             [32m"type"[0m: [32m"function"[0m,                                                                                      
             [32m"function"[0m: [1m{[0m                                                                                            
               [32m"name"[0m: [32m"run_shell_command"[0m,                                                                           
               [32m"arguments"[0m: [32m"[0m[32m{[0m[32m\"command\": \"ls [0m                                                                      
         [32m/home/adibam/KubeLLM/debug_assistant_latest/troubleshooting/wrong_interface/; which minikube kind docker [0m    
         [32m2>&1; kubectl config current-context\"[0m[32m}[0m[32m"[0m                                                                     
             [1m}[0m                                                                                                        
           [1m}[0m                                                                                                          
         [1m][0m                                                                                                            
[32mDEBUG   [0m ============== tool ==============                                                                           
[32mDEBUG   [0m [1;36m6[0m:with [1;35msocketserver.TCPServer[0m[1m([0m[1m([0m[32m"0.0.0.0"[0m, [1;36m8765[0m[1m)[0m, Handler[1m)[0m as httpd:                                          
                                                                                                                      
[32mDEBUG   [0m ============== tool ==============                                                                           
[32mDEBUG   [0m app_service.yaml                                                                                             
         config_step.json                                                                                             
         Dockerfile                                                                                                   
         readme.txt                                                                                                   
         server.py                                                                                                    
         wrong_interface.yaml                                                                                         
         [35m/usr/local/bin/[0m[95mminikube[0m                                                                                      
         [35m/usr/bin/[0m[95mdocker[0m                                                                                              
         minikube                                                                                                     
                                                                                                                      
[32mDEBUG   [0m ============== assistant ==============                                                                      
[32mDEBUG   [0m Tool Calls: [1m[[0m                                                                                                
           [1m{[0m                                                                                                          
             [32m"type"[0m: [32m"function"[0m,                                                                                      
             [32m"function"[0m: [1m{[0m                                                                                            
               [32m"name"[0m: [32m"run_shell_command"[0m,                                                                           
               [32m"arguments"[0m: [32m"[0m[32m{[0m[32m\"command\": \"minikube status; echo ---; kubectl config current-context\"[0m[32m}[0m[32m"[0m            
             [1m}[0m                                                                                                        
           [1m}[0m                                                                                                          
         [1m][0m                                                                                                            
[32mDEBUG   [0m ============== tool ==============                                                                           
[32mDEBUG   [0m minikube                                                                                                     
         type: Control Plane                                                                                          
         host: Running                                                                                                
         kubelet: Running                                                                                             
         apiserver: Running                                                                                           
         kubeconfig: Configured                                                                                       
                                                                                                                      
         ---                                                                                                          
         minikube                                                                                                     
                                                                                                                      
[32mDEBUG   [0m ============== assistant ==============                                                                      
[32mDEBUG   [0m Tool Calls: [1m[[0m                                                                                                
           [1m{[0m                                                                                                          
             [32m"type"[0m: [32m"function"[0m,                                                                                      
             [32m"function"[0m: [1m{[0m                                                                                            
               [32m"name"[0m: [32m"run_shell_command"[0m,                                                                           
               [32m"arguments"[0m: [32m"[0m[32m{[0m[32m\"command\": [0m                                                                           
         [32m\"[0m[32mWORKDIR[0m[32m=/home/adibam/KubeLLM/debug_assistant_latest/troubleshooting/wrong_interface; minikube -p minikube [0m 
         [32mimage build -t kube-wrong-interface-app:latest -f \\\"$WORKDIR/Dockerfile\\\" \\\"$WORKDIR\\\" 2>&1 | tail [0m  
         [32m-20\"[0m[32m}[0m[32m"[0m                                                                                                      
             [1m}[0m                                                                                                        
           [1m}[0m                                                                                                          
         [1m][0m                                                                                                            
[32mDEBUG   [0m ============== tool ==============                                                                           
[32mDEBUG   [0m ERROR: resolve : lstat [35m/home/[0m[95madibam[0m: no such file or directory                                               
                                                                                                                      
[32mDEBUG   [0m ============== assistant ==============                                                                      
[32mDEBUG   [0m Tool Calls: [1m[[0m                                                                                                
           [1m{[0m                                                                                                          
             [32m"type"[0m: [32m"function"[0m,                                                                                      
             [32m"function"[0m: [1m{[0m                                                                                            
               [32m"name"[0m: [32m"run_shell_command"[0m,                                                                           
               [32m"arguments"[0m: [32m"[0m[32m{[0m[32m\"command\": \"minikube image build -t kube-wrong-interface-app:latest -f [0m              
         [32m/home/adibam/KubeLLM/debug_assistant_latest/troubleshooting/wrong_interface/Dockerfile [0m                      
         [32m/home/adibam/KubeLLM/debug_assistant_latest/troubleshooting/wrong_interface 2>&1 | head -30\"[0m[32m}[0m[32m"[0m              
             [1m}[0m                                                                                                        
           [1m}[0m                                                                                                          
         [1m][0m                                                                                                            
[32mDEBUG   [0m ============== tool ==============                                                                           
[32mDEBUG   [0m ERROR: resolve : lstat [35m/home/[0m[95madibam[0m: no such file or directory                                               
                                                                                                                      
[32mDEBUG   [0m ============== assistant ==============                                                                      
[32mDEBUG   [0m Tool Calls: [1m[[0m                                                                                                
           [1m{[0m                                                                                                          
             [32m"type"[0m: [32m"function"[0m,                                                                                      
             [32m"function"[0m: [1m{[0m                                                                                            
               [32m"name"[0m: [32m"run_shell_command"[0m,                                                                           
               [32m"arguments"[0m: [32m"[0m[32m{[0m[32m\"command\": \"ls -la [0m                                                                  
         [32m/home/adibam/KubeLLM/debug_assistant_latest/troubleshooting/wrong_interface/\"[0m[32m}[0m[32m"[0m                             
             [1m}[0m                                                                                                        
           [1m}[0m,                                                                                                         
           [1m{[0m                                                                                                          
             [32m"type"[0m: [32m"function"[0m,                                                                                      
             [32m"function"[0m: [1m{[0m                                                                                            
               [32m"name"[0m: [32m"run_shell_command"[0m,                                                                           
               [32m"arguments"[0m: [32m"[0m[32m{[0m[32m\"command\": \"minikube image build -t kube-wrong-interface-app:latest -f [0m              
         [32m/home/adibam/KubeLLM/debug_assistant_latest/troubleshooting/wrong_interface/Dockerfile [0m                      
         [32m/home/adibam/KubeLLM/debug_assistant_latest/troubleshooting/wrong_interface\"[0m[32m}[0m[32m"[0m                              
             [1m}[0m                                                                                                        
           [1m}[0m                                                                                                          
         [1m][0m                                                                                                            
[32mDEBUG   [0m **************** METRICS START ****************                                                              
[32mDEBUG   [0m * Time to generate response:   [1;36m34.[0m6030s                                                                      
[32mDEBUG   [0m * Tokens per second:           [1;36m7.1959[0m tokens/s                                                               
[32mDEBUG   [0m * Input tokens:                [1;36m2209[0m                                                                          
[32mDEBUG   [0m * Output tokens:               [1;36m249[0m                                                                           
[32mDEBUG   [0m * Total tokens:                [1;36m2458[0m                                                                          
[32mDEBUG   [0m **************** METRICS END ******************                                                              
[32mDEBUG   [0m Getting function run_shell_command                                                                           
[32mDEBUG   [0m Getting function run_shell_command                                                                           
[32mDEBUG   [0m Running: [1;35mrun_shell_command[0m[1m([0m[33mcommand[0m=[35mls[0m -la                                                                    
         [35m/home/adibam/KubeLLM/debug_assistant_latest/troubleshooting/wrong_interface/[0m[1m)[0m                                
[34mINFO    [0m Running shell command: ls -la [35m/home/adibam/KubeLLM/debug_assistant_latest/troubleshooting/wrong_interface/[0m   
[32mDEBUG   [0m Return code: [1;36m0[0m                                                                                               
[32mDEBUG   [0m Running: [1;35mrun_shell_command[0m[1m([0m[33mcommand[0m=[33m...[0m[1m)[0m                                                                      
[34mINFO    [0m Running shell command: minikube image build -t kube-wrong-interface-app:latest -f                            
         [35m/home/adibam/KubeLLM/debug_assistant_latest/troubleshooting/wrong_interface/[0m[95mDockerfile[0m                       
         [35m/home/adibam/KubeLLM/debug_assistant_latest/troubleshooting/[0m[95mwrong_interface[0m                                  
[32mDEBUG   [0m Return code: [1;36m0[0m                                                                                               
[32mDEBUG   [0m ---------- Ollama Response Start ----------                                                                  
[32mDEBUG   [0m ============== system ==============                                                                         
[32mDEBUG   [0m ## Instructions                                                                                              
         - If all and only all commands fail to execute, declare that there was an error in trying to solve the issue,
         and end that statement with this token: [1m<[0m[1;95m|ERROR|[0m[39m>.[0m                                                           
         [39m- You have solved this issue only when the original user-visible problem is fixed in the live cluster. Verify[0m
         [39mthe relevant Kubernetes resources and application behavior with commands before declaring success; pod [0m      
         [39mRunning/Ready status alone is not sufficient unless the original problem is only pod startup.[0m                
         [39m- After every step, check whether the original problem is fixed in the live cluster. If you changed [0m         
         [39mmanifests, images, or cluster configuration, apply the change and verify the live resource state reflects it [0m
         [39mbefore declaring success.[0m                                                                                    
         [39m- If you believe you have met the goal, declare that you have solved the user's issue, and end that statement[0m
         [39mwith this token: <|SOLVED|>.[0m                                                                                 
         [39m- If the steps do not solve the issue, or if you need more information, declare that you cannot solve the [0m   
         [39missue, and end that statement with this token: <|FAILED|>.[0m                                                   
         [39m- Do not use live feed flags when checking the logs such as [0m[32m'kubectl logs -f'[0m                                
         [39m- Do not use commands like vim or vi[0m                                                                         
         [39m- Do not use commands that open up editors like [0m[32m'kubectl edit'[0m                                               
         [39m- Use markdown to format your answers.[0m                                                                       
                                                                                                                      
         [39m## Guidelines[0m                                                                                                
         [39mIf a command invocation is successful but gives no stdout nor stderr, then that is because that invocation [0m  
         [39mresulted in no output to stdout or stderr.[0m                                                                   
         [39mIf a command contains a placeholder name surrounded in angle brackets such as <pod_name>, for example, then [0m 
         [39m**do not** run that command as-is. First run a `kubectl get` command to find a real name to replace the [0m     
         [39mplaceholder name, then run the suggested command with the replaced name of the resource. For example, if you [0m
         [39msee `kubectl logs <pod_name[0m[1m>[0m -n example_namespace`, first run `kubectl get pods -n example_namespace` and use
         the name of the first pod you see.                                                                           
         Do not use live feed flags when checking the logs such as [32m'kubectl logs -f'[0m                                  
         If you do not conclude on an answer or a code then try again please.                                         
         Do not use commands like vim or vi                                                                           
         Do not use commands that open up editors like [32m'kubectl edit'[0m                                                 
[32mDEBUG   [0m ============== user ==============                                                                           
[32mDEBUG   [0m Perform the actions suggested here:                                                                          
         [1;36m1[0m. Fix the app to listen on all interfaces [1m([0m[1;92m0.0.0.0[0m[1m)[0m instead of localhost.                                   
         ```bash                                                                                                      
         sed -i [32m's/[0m[32m([0m[32m"localhost",/[0m[32m([0m[32m"0.0.0.0",/'[0m                                                                        
         [35m/home/adibam/KubeLLM/debug_assistant_latest/troubleshooting/wrong_interface/[0m[95mserver.py[0m                        
         ```                                                                                                          
                                                                                                                      
         [1;36m2[0m. Build the Docker image and load it into your local cluster. This single command tries minikube first, then
         kind, otherwise falls back to a local docker build [1m([0madjust strategy if you use a remote registry[1m)[0m.           
         ```bash                                                                                                      
         sh -c [32m'[0m[32mWORKDIR[0m[32m=/home/adibam/KubeLLM/debug_assistant_latest/troubleshooting/wrong_interface; if minikube [0m     
         [32mstatus >/dev/null 2>&1; then [0m[32mPROFILE[0m[32m=$[0m[32m{[0m[32mMINIKUBE_PROFILE:-$[0m[32m([0m[32mkubectl config current-context[0m[32m)[0m[32m}[0m[32m; minikube -p [0m    
         [32m"$PROFILE" image build -t kube-wrong-interface-app:latest -f "$WORKDIR/Dockerfile" "$WORKDIR"; elif command [0m 
         [32m-v kind >/dev/null 2>&1 && [0m[32m[[0m[32m -n "$[0m[32m([0m[32mkind get clusters 2>/dev/null[0m[32m)[0m[32m" [0m[32m][0m[32m; then docker build -t [0m                  
         [32mkube-wrong-interface-app:latest -f "$WORKDIR/Dockerfile" "$WORKDIR" && kind load docker-image [0m               
         [32mkube-wrong-interface-app:latest --name "$[0m[32m{[0m[32mKIND_CLUSTER:-kind[0m[32m}[0m[32m"; else docker build -t [0m                        
         [32mkube-wrong-interface-app:latest -f "$WORKDIR/Dockerfile" "$WORKDIR"; fi'[0m                                     
         ```                                                                                                          
                                                                                                                      
         [1;36m3[0m. Replace the running Pod [1m([0mso the node uses the rebuilt image[1m)[0m and [1m([0mre[1m)[0mapply the Service manifest.          
         ```bash                                                                                                      
         kubectl delete pod kube-wrong-interface --ignore-not-found && kubectl apply -f                               
         [35m/home/adibam/KubeLLM/debug_assistant_latest/troubleshooting/wrong_interface/[0m[95mwrong_interface.yaml[0m && kubectl  
         apply -f [35m/home/adibam/KubeLLM/debug_assistant_latest/troubleshooting/wrong_interface/[0m[95mapp_service.yaml[0m        
         ```                                                                                                          
                                                                                                                      
         [1;36m4[0m. Wait for the Pod to become Ready and verify the application responds on the container port [1m([0mchecks HTTP   
         from inside the pod[1m)[0m.                                                                                        
         ```bash                                                                                                      
         kubectl wait --[33mfor[0m=[35mcondition[0m=Ready pod/kube-wrong-interface --[33mtimeout[0m=[35m60s[0m && kubectl exec                    
         kube-wrong-interface -- python3 -c [32m"import urllib.request; [0m                                                  
         [32mprint[0m[32m([0m[32murllib.request.urlopen[0m[32m([0m[32m'http://127.0.0.1:8765/'[0m[32m)[0m[32m.getcode[0m[32m([0m[32m)[0m[32m)[0m[32m"[0m                                           
         ```                                                                                                          
                                                                                                                      
         [1;36m5[0m. Verify the Service routes traffic to the Pod [1m([0mcluster-internal service DNS[1m)[0m.                              
         ```bash                                                                                                      
         kubectl exec kube-wrong-interface -- python3 -c [32m"import urllib.request; [0m                                     
         [32mprint[0m[32m([0m[32murllib.request.urlopen[0m[32m([0m[32m'http://app-service:8000/'[0m[32m)[0m[32m.getcode[0m[32m([0m[32m)[0m[32m)[0m[32m"[0m                                         
         ```                                                                                                          
                                                                                                                      
         If any step fails, paste the failing command's output and I will guide the next corrective action.           
                                                                                                                      
         The relevant configuration file is located in this path:                                                     
         [35m/home/adibam/KubeLLM/debug_assistant_latest/troubleshooting/wrong_interface/[0m[95mwrong_interface.yaml[0m             
         You can update these files if necessary. If any files are updated, make sure to delete and reapply the       
         configuration file.                                                                                          
         Do not use live feed flags when checking the logs such as [32m'kubectl logs -f'[0m                                  
         ### Tool Usage Rules                                                                                         
         - Do not attempt many commands in one tool call.                                                             
         - Never repeat a tool call that has already been executed successfully in this run.                          
         - If you need the result of a previous tool call, use the provided output rather than re-invoking it.        
         - Keep the tool call as simple as possible to avoid errors.                                                  
         - Do not run long-lived or background commands such as `kubectl port-forward`, `Start-Process`, or `kubectl  
         logs -f`; prefer single-shot commands that exit on their own.                                                
         - Do not use `kubectl port-forward`, background verification, `kubectl logs -f`, or `kubectl get -w`.        
         - For reachability checks, use the access path defined by the scenario: if a Service exists, verify via      
         Service/endpoints/service-routed access; if no Service exists, use bounded direct checks such as `kubectl    
         exec` with an in-container one-shot HTTP request.                                                            
         - Prefer one-shot application checks such as `kubectl exec [1m<[0m[1;95mpod[0m[39m> -- python3 -c [0m[32m"import urllib.request; [0m      
         [32mprint[0m[32m([0m[32murllib.request.urlopen[0m[32m([0m[32m'http://127.0.0.1:<port[0m[32m>[0m[32m/'[0m[32m)[0m[32m.getcode[0m[32m([0m[32m)[0m[32m)[0m[32m"[0m` when Python is available in the        
         container.                                                                                                   
                                                                                                                      
[32mDEBUG   [0m ============== assistant ==============                                                                      
[32mDEBUG   [0m I'll start by examining the current state of the files and cluster.                                          
[32mDEBUG   [0m Tool Calls: [1m[[0m                                                                                                
           [1m{[0m                                                                                                          
             [32m"type"[0m: [32m"function"[0m,                                                                                      
             [32m"function"[0m: [1m{[0m                                                                                            
               [32m"name"[0m: [32m"run_shell_command"[0m,                                                                           
               [32m"arguments"[0m: [32m"[0m[32m{[0m[32m\"command\": \"cat [0m                                                                     
         [32m/home/adibam/KubeLLM/debug_assistant_latest/troubleshooting/wrong_interface/server.py\"[0m[32m}[0m[32m"[0m                    
             [1m}[0m                                                                                                        
           [1m}[0m,                                                                                                         
           [1m{[0m                                                                                                          
             [32m"type"[0m: [32m"function"[0m,                                                                                      
             [32m"function"[0m: [1m{[0m                                                                                            
               [32m"name"[0m: [32m"run_shell_command"[0m,                                                                           
               [32m"arguments"[0m: [32m"[0m[32m{[0m[32m\"command\": \"cat [0m                                                                     
         [32m/home/adibam/KubeLLM/debug_assistant_latest/troubleshooting/wrong_interface/wrong_interface.yaml [0m            
         [32m/home/adibam/KubeLLM/debug_assistant_latest/troubleshooting/wrong_interface/app_service.yaml [0m                
         [32m/home/adibam/KubeLLM/debug_assistant_latest/troubleshooting/wrong_interface/Dockerfile\"[0m[32m}[0m[32m"[0m                   
             [1m}[0m                                                                                                        
           [1m}[0m                                                                                                          
         [1m][0m                                                                                                            
[32mDEBUG   [0m ============== tool ==============                                                                           
[32mDEBUG   [0m import http.server                                                                                           
         import socketserver                                                                                          
                                                                                                                      
         Handler = http.server.SimpleHTTPRequestHandler                                                               
                                                                                                                      
         with [1;35msocketserver.TCPServer[0m[1m([0m[1m([0m[32m"localhost"[0m, [1;36m8765[0m[1m)[0m, Handler[1m)[0m as httpd:                                          
             [1;35mprint[0m[1m([0m[32m'Serving on port 8765'[0m[1m)[0m                                                                            
             [1;35mhttpd.serve_forever[0m[1m([0m[1m)[0m                                                                                    
                                                                                                                      
[32mDEBUG   [0m ============== tool ==============                                                                           
[32mDEBUG   [0m apiVersion: v1                                                                                               
         kind: Pod                                                                                                    
         metadata:                                                                                                    
           name: kube-wrong-interface                                                                                 
           labels:                                                                                                    
             app: kube-wrong-interface                                                                                
         spec:                                                                                                        
           containers:                                                                                                
           - name: kube-wrong-interface                                                                               
             image: kube-wrong-interface-app:latest                                                                   
             imagePullPolicy: Never                                                                                   
             ports:                                                                                                   
             - containerPort: [1;36m8765[0m                                                                                    
         apiVersion: v1                                                                                               
         kind: Service                                                                                                
         metadata:                                                                                                    
           name: app-service                                                                                          
         spec:                                                                                                        
           selector:                                                                                                  
             app: kube-wrong-interface                                                                                
           ports:                                                                                                     
             - protocol: TCP                                                                                          
               port: [1;36m8000[0m                                                                                             
               targetPort: [1;36m8765[0m                                                                                       
           type: NodePort                                                                                             
         FROM ubuntu:[1;36m20.04[0m                                                                                            
                                                                                                                      
         RUN apt-get update && \                                                                                      
             apt-get install -y \                                                                                     
                 python3 \                                                                                            
                 python3-pip \                                                                                        
                 python3-venv                                                                                         
                                                                                                                      
         WORKDIR [35m/[0m[95mapp[0m                                                                                                 
                                                                                                                      
         COPY server.py [35m/[0m[95mapp[0m                                                                                          
                                                                                                                      
         EXPOSE [1;36m8765[0m                                                                                                  
                                                                                                                      
         CMD [1m[[0m[32m"python3"[0m, [32m"server.py"[0m[1m][0m                                                                                 
                                                                                                                      
[32mDEBUG   [0m ============== assistant ==============                                                                      
[32mDEBUG   [0m Tool Calls: [1m[[0m                                                                                                
           [1m{[0m                                                                                                          
             [32m"type"[0m: [32m"function"[0m,                                                                                      
             [32m"function"[0m: [1m{[0m                                                                                            
               [32m"name"[0m: [32m"run_shell_command"[0m,                                                                           
               [32m"arguments"[0m: [32m"[0m[32m{[0m[32m\"command\": \"sed -i 's/[0m[32m([0m[32m\\\"localhost\\\",/[0m[32m([0m[32m\\\"0.0.0.0\\\",/' [0m                       
         [32m/home/adibam/KubeLLM/debug_assistant_latest/troubleshooting/wrong_interface/server.py && grep -n 'TCPServer' [0m
         [32m/home/adibam/KubeLLM/debug_assistant_latest/troubleshooting/wrong_interface/server.py\"[0m[32m}[0m[32m"[0m                    
             [1m}[0m                                                                                                        
           [1m}[0m,                                                                                                         
           [1m{[0m                                                                                                          
             [32m"type"[0m: [32m"function"[0m,                                                                                      
             [32m"function"[0m: [1m{[0m                                                                                            
               [32m"name"[0m: [32m"run_shell_command"[0m,                                                                           
               [32m"arguments"[0m: [32m"[0m[32m{[0m[32m\"command\": \"ls [0m                                                                      
         [32m/home/adibam/KubeLLM/debug_assistant_latest/troubleshooting/wrong_interface/; which minikube kind docker [0m    
         [32m2>&1; kubectl config current-context\"[0m[32m}[0m[32m"[0m                                                                     
             [1m}[0m                                                                                                        
           [1m}[0m                                                                                                          
         [1m][0m                                                                                                            
[32mDEBUG   [0m ============== tool ==============                                                                           
[32mDEBUG   [0m [1;36m6[0m:with [1;35msocketserver.TCPServer[0m[1m([0m[1m([0m[32m"0.0.0.0"[0m, [1;36m8765[0m[1m)[0m, Handler[1m)[0m as httpd:                                          
                                                                                                                      
[32mDEBUG   [0m ============== tool ==============                                                                           
[32mDEBUG   [0m app_service.yaml                                                                                             
         config_step.json                                                                                             
         Dockerfile                                                                                                   
         readme.txt                                                                                                   
         server.py                                                                                                    
         wrong_interface.yaml                                                                                         
         [35m/usr/local/bin/[0m[95mminikube[0m                                                                                      
         [35m/usr/bin/[0m[95mdocker[0m                                                                                              
         minikube                                                                                                     
                                                                                                                      
[32mDEBUG   [0m ============== assistant ==============                                                                      
[32mDEBUG   [0m Tool Calls: [1m[[0m                                                                                                
           [1m{[0m                                                                                                          
             [32m"type"[0m: [32m"function"[0m,                                                                                      
             [32m"function"[0m: [1m{[0m                                                                                            
               [32m"name"[0m: [32m"run_shell_command"[0m,                                                                           
               [32m"arguments"[0m: [32m"[0m[32m{[0m[32m\"command\": \"minikube status; echo ---; kubectl config current-context\"[0m[32m}[0m[32m"[0m            
             [1m}[0m                                                                                                        
           [1m}[0m                                                                                                          
         [1m][0m                                                                                                            
[32mDEBUG   [0m ============== tool ==============                                                                           
[32mDEBUG   [0m minikube                                                                                                     
         type: Control Plane                                                                                          
         host: Running                                                                                                
         kubelet: Running                                                                                             
         apiserver: Running                                                                                           
         kubeconfig: Configured                                                                                       
                                                                                                                      
         ---                                                                                                          
         minikube                                                                                                     
                                                                                                                      
[32mDEBUG   [0m ============== assistant ==============                                                                      
[32mDEBUG   [0m Tool Calls: [1m[[0m                                                                                                
           [1m{[0m                                                                                                          
             [32m"type"[0m: [32m"function"[0m,                                                                                      
             [32m"function"[0m: [1m{[0m                                                                                            
               [32m"name"[0m: [32m"run_shell_command"[0m,                                                                           
               [32m"arguments"[0m: [32m"[0m[32m{[0m[32m\"command\": [0m                                                                           
         [32m\"[0m[32mWORKDIR[0m[32m=/home/adibam/KubeLLM/debug_assistant_latest/troubleshooting/wrong_interface; minikube -p minikube [0m 
         [32mimage build -t kube-wrong-interface-app:latest -f \\\"$WORKDIR/Dockerfile\\\" \\\"$WORKDIR\\\" 2>&1 | tail [0m  
         [32m-20\"[0m[32m}[0m[32m"[0m                                                                                                      
             [1m}[0m                                                                                                        
           [1m}[0m                                                                                                          
         [1m][0m                                                                                                            
[32mDEBUG   [0m ============== tool ==============                                                                           
[32mDEBUG   [0m ERROR: resolve : lstat [35m/home/[0m[95madibam[0m: no such file or directory                                               
                                                                                                                      
[32mDEBUG   [0m ============== assistant ==============                                                                      
[32mDEBUG   [0m Tool Calls: [1m[[0m                                                                                                
           [1m{[0m                                                                                                          
             [32m"type"[0m: [32m"function"[0m,                                                                                      
             [32m"function"[0m: [1m{[0m                                                                                            
               [32m"name"[0m: [32m"run_shell_command"[0m,                                                                           
               [32m"arguments"[0m: [32m"[0m[32m{[0m[32m\"command\": \"minikube image build -t kube-wrong-interface-app:latest -f [0m              
         [32m/home/adibam/KubeLLM/debug_assistant_latest/troubleshooting/wrong_interface/Dockerfile [0m                      
         [32m/home/adibam/KubeLLM/debug_assistant_latest/troubleshooting/wrong_interface 2>&1 | head -30\"[0m[32m}[0m[32m"[0m              
             [1m}[0m                                                                                                        
           [1m}[0m                                                                                                          
         [1m][0m                                                                                                            
[32mDEBUG   [0m ============== tool ==============                                                                           
[32mDEBUG   [0m ERROR: resolve : lstat [35m/home/[0m[95madibam[0m: no such file or directory                                               
                                                                                                                      
[32mDEBUG   [0m ============== assistant ==============                                                                      
[32mDEBUG   [0m Tool Calls: [1m[[0m                                                                                                
           [1m{[0m                                                                                                          
             [32m"type"[0m: [32m"function"[0m,                                                                                      
             [32m"function"[0m: [1m{[0m                                                                                            
               [32m"name"[0m: [32m"run_shell_command"[0m,                                                                           
               [32m"arguments"[0m: [32m"[0m[32m{[0m[32m\"command\": \"ls -la [0m                                                                  
         [32m/home/adibam/KubeLLM/debug_assistant_latest/troubleshooting/wrong_interface/\"[0m[32m}[0m[32m"[0m                             
             [1m}[0m                                                                                                        
           [1m}[0m,                                                                                                         
           [1m{[0m                                                                                                          
             [32m"type"[0m: [32m"function"[0m,                                                                                      
             [32m"function"[0m: [1m{[0m                                                                                            
               [32m"name"[0m: [32m"run_shell_command"[0m,                                                                           
               [32m"arguments"[0m: [32m"[0m[32m{[0m[32m\"command\": \"minikube image build -t kube-wrong-interface-app:latest -f [0m              
         [32m/home/adibam/KubeLLM/debug_assistant_latest/troubleshooting/wrong_interface/Dockerfile [0m                      
         [32m/home/adibam/KubeLLM/debug_assistant_latest/troubleshooting/wrong_interface\"[0m[32m}[0m[32m"[0m                              
             [1m}[0m                                                                                                        
           [1m}[0m                                                                                                          
         [1m][0m                                                                                                            
[32mDEBUG   [0m ============== tool ==============                                                                           
[32mDEBUG   [0m total [1;36m36[0m                                                                                                     
         drwxrwxr-x  [1;36m2[0m adibam adibam [1;36m4096[0m Aug [1;36m26[0m [1;92m23:15[0m .                                                              
         drwxrwxr-x [1;36m31[0m adibam adibam [1;36m4096[0m Aug [1;36m26[0m [1;92m23:13[0m ..                                                             
         -rw-rw-r--  [1;36m1[0m adibam adibam  [1;36m193[0m Jul [1;36m21[0m [1;92m21:29[0m app_service.yaml                                               
         -rw-rw-r--  [1;36m1[0m adibam adibam [1;36m6196[0m Jul [1;36m21[0m [1;92m21:29[0m config_step.json                                               
         -rw-rw-r--  [1;36m1[0m adibam adibam  [1;36m207[0m Jul [1;36m21[0m [1;92m21:29[0m Dockerfile                                                     
         -rw-rw-r--  [1;36m1[0m adibam adibam [1;36m1712[0m Jul [1;36m21[0m [1;92m21:29[0m readme.txt                                                     
         -rw-rw-r--  [1;36m1[0m adibam adibam  [1;36m214[0m Aug [1;36m26[0m [1;92m23:15[0m server.py                                                      
         -rw-rw-r--  [1;36m1[0m adibam adibam  [1;36m262[0m Jul [1;36m21[0m [1;92m21:29[0m wrong_interface.yaml                                           
                                                                                                                      
[32mDEBUG   [0m ============== tool ==============                                                                           
[32mDEBUG   [0m ============== assistant ==============                                                                      
[32mDEBUG   [0m Tool Calls: [1m[[0m                                                                                                
           [1m{[0m                                                                                                          
             [32m"type"[0m: [32m"function"[0m,                                                                                      
             [32m"function"[0m: [1m{[0m                                                                                            
               [32m"name"[0m: [32m"run_shell_command"[0m,                                                                           
               [32m"arguments"[0m: [32m"[0m[32m{[0m[32m\"command\": \"cd [0m                                                                      
         [32m/home/adibam/KubeLLM/debug_assistant_latest/troubleshooting/wrong_interface && minikube image build -t [0m      
         [32mkube-wrong-interface-app:latest -f ./Dockerfile . 2>&1 | tail -40\"[0m[32m}[0m[32m"[0m                                        
             [1m}[0m                                                                                                        
           [1m}[0m                                                                                                          
         [1m][0m                                                                                                            
[32mDEBUG   [0m **************** METRICS START ****************                                                              
[32mDEBUG   [0m * Time to generate response:   [1;36m22.[0m2911s                                                                      
[32mDEBUG   [0m * Tokens per second:           [1;36m5.8768[0m tokens/s                                                               
[32mDEBUG   [0m * Input tokens:                [1;36m2500[0m                                                                          
[32mDEBUG   [0m * Output tokens:               [1;36m131[0m                                                                           
[32mDEBUG   [0m * Total tokens:                [1;36m2631[0m                                                                          
[32mDEBUG   [0m **************** METRICS END ******************                                                              
[32mDEBUG   [0m Getting function run_shell_command                                                                           
[32mDEBUG   [0m Running: [1;35mrun_shell_command[0m[1m([0m[33mcommand[0m=[33m...[0m[1m)[0m                                                                      
[34mINFO    [0m Running shell command: cd [35m/home/adibam/KubeLLM/debug_assistant_latest/troubleshooting/[0m[95mwrong_interface[0m &&     
         minikube image build -t kube-wrong-interface-app:latest -f .[35m/[0m[95mDockerfile[0m . [1;36m2[0m>&[1;36m1[0m | tail [1;36m-40[0m                    
[32mDEBUG   [0m Return code: [1;36m0[0m                                                                                               
[32mDEBUG   [0m ---------- Ollama Response Start ----------                                                                  
[32mDEBUG   [0m ============== system ==============                                                                         
[32mDEBUG   [0m ## Instructions                                                                                              
         - If all and only all commands fail to execute, declare that there was an error in trying to solve the issue,
         and end that statement with this token: [1m<[0m[1;95m|ERROR|[0m[39m>.[0m                                                           
         [39m- You have solved this issue only when the original user-visible problem is fixed in the live cluster. Verify[0m
         [39mthe relevant Kubernetes resources and application behavior with commands before declaring success; pod [0m      
         [39mRunning/Ready status alone is not sufficient unless the original problem is only pod startup.[0m                
         [39m- After every step, check whether the original problem is fixed in the live cluster. If you changed [0m         
         [39mmanifests, images, or cluster configuration, apply the change and verify the live resource state reflects it [0m
         [39mbefore declaring success.[0m                                                                                    
         [39m- If you believe you have met the goal, declare that you have solved the user's issue, and end that statement[0m
         [39mwith this token: <|SOLVED|>.[0m                                                                                 
         [39m- If the steps do not solve the issue, or if you need more information, declare that you cannot solve the [0m   
         [39missue, and end that statement with this token: <|FAILED|>.[0m                                                   
         [39m- Do not use live feed flags when checking the logs such as [0m[32m'kubectl logs -f'[0m                                
         [39m- Do not use commands like vim or vi[0m                                                                         
         [39m- Do not use commands that open up editors like [0m[32m'kubectl edit'[0m                                               
         [39m- Use markdown to format your answers.[0m                                                                       
                                                                                                                      
         [39m## Guidelines[0m                                                                                                
         [39mIf a command invocation is successful but gives no stdout nor stderr, then that is because that invocation [0m  
         [39mresulted in no output to stdout or stderr.[0m                                                                   
         [39mIf a command contains a placeholder name surrounded in angle brackets such as <pod_name>, for example, then [0m 
         [39m**do not** run that command as-is. First run a `kubectl get` command to find a real name to replace the [0m     
         [39mplaceholder name, then run the suggested command with the replaced name of the resource. For example, if you [0m
         [39msee `kubectl logs <pod_name[0m[1m>[0m -n example_namespace`, first run `kubectl get pods -n example_namespace` and use
         the name of the first pod you see.                                                                           
         Do not use live feed flags when checking the logs such as [32m'kubectl logs -f'[0m                                  
         If you do not conclude on an answer or a code then try again please.                                         
         Do not use commands like vim or vi                                                                           
         Do not use commands that open up editors like [32m'kubectl edit'[0m                                                 
[32mDEBUG   [0m ============== user ==============                                                                           
[32mDEBUG   [0m Perform the actions suggested here:                                                                          
         [1;36m1[0m. Fix the app to listen on all interfaces [1m([0m[1;92m0.0.0.0[0m[1m)[0m instead of localhost.                                   
         ```bash                                                                                                      
         sed -i [32m's/[0m[32m([0m[32m"localhost",/[0m[32m([0m[32m"0.0.0.0",/'[0m                                                                        
         [35m/home/adibam/KubeLLM/debug_assistant_latest/troubleshooting/wrong_interface/[0m[95mserver.py[0m                        
         ```                                                                                                          
                                                                                                                      
         [1;36m2[0m. Build the Docker image and load it into your local cluster. This single command tries minikube first, then
         kind, otherwise falls back to a local docker build [1m([0madjust strategy if you use a remote registry[1m)[0m.           
         ```bash                                                                                                      
         sh -c [32m'[0m[32mWORKDIR[0m[32m=/home/adibam/KubeLLM/debug_assistant_latest/troubleshooting/wrong_interface; if minikube [0m     
         [32mstatus >/dev/null 2>&1; then [0m[32mPROFILE[0m[32m=$[0m[32m{[0m[32mMINIKUBE_PROFILE:-$[0m[32m([0m[32mkubectl config current-context[0m[32m)[0m[32m}[0m[32m; minikube -p [0m    
         [32m"$PROFILE" image build -t kube-wrong-interface-app:latest -f "$WORKDIR/Dockerfile" "$WORKDIR"; elif command [0m 
         [32m-v kind >/dev/null 2>&1 && [0m[32m[[0m[32m -n "$[0m[32m([0m[32mkind get clusters 2>/dev/null[0m[32m)[0m[32m" [0m[32m][0m[32m; then docker build -t [0m                  
         [32mkube-wrong-interface-app:latest -f "$WORKDIR/Dockerfile" "$WORKDIR" && kind load docker-image [0m               
         [32mkube-wrong-interface-app:latest --name "$[0m[32m{[0m[32mKIND_CLUSTER:-kind[0m[32m}[0m[32m"; else docker build -t [0m                        
         [32mkube-wrong-interface-app:latest -f "$WORKDIR/Dockerfile" "$WORKDIR"; fi'[0m                                     
         ```                                                                                                          
                                                                                                                      
         [1;36m3[0m. Replace the running Pod [1m([0mso the node uses the rebuilt image[1m)[0m and [1m([0mre[1m)[0mapply the Service manifest.          
         ```bash                                                                                                      
         kubectl delete pod kube-wrong-interface --ignore-not-found && kubectl apply -f                               
         [35m/home/adibam/KubeLLM/debug_assistant_latest/troubleshooting/wrong_interface/[0m[95mwrong_interface.yaml[0m && kubectl  
         apply -f [35m/home/adibam/KubeLLM/debug_assistant_latest/troubleshooting/wrong_interface/[0m[95mapp_service.yaml[0m        
         ```                                                                                                          
                                                                                                                      
         [1;36m4[0m. Wait for the Pod to become Ready and verify the application responds on the container port [1m([0mchecks HTTP   
         from inside the pod[1m)[0m.                                                                                        
         ```bash                                                                                                      
         kubectl wait --[33mfor[0m=[35mcondition[0m=Ready pod/kube-wrong-interface --[33mtimeout[0m=[35m60s[0m && kubectl exec                    
         kube-wrong-interface -- python3 -c [32m"import urllib.request; [0m                                                  
         [32mprint[0m[32m([0m[32murllib.request.urlopen[0m[32m([0m[32m'http://127.0.0.1:8765/'[0m[32m)[0m[32m.getcode[0m[32m([0m[32m)[0m[32m)[0m[32m"[0m                                           
         ```                                                                                                          
                                                                                                                      
         [1;36m5[0m. Verify the Service routes traffic to the Pod [1m([0mcluster-internal service DNS[1m)[0m.                              
         ```bash                                                                                                      
         kubectl exec kube-wrong-interface -- python3 -c [32m"import urllib.request; [0m                                     
         [32mprint[0m[32m([0m[32murllib.request.urlopen[0m[32m([0m[32m'http://app-service:8000/'[0m[32m)[0m[32m.getcode[0m[32m([0m[32m)[0m[32m)[0m[32m"[0m                                         
         ```                                                                                                          
                                                                                                                      
         If any step fails, paste the failing command's output and I will guide the next corrective action.           
                                                                                                                      
         The relevant configuration file is located in this path:                                                     
         [35m/home/adibam/KubeLLM/debug_assistant_latest/troubleshooting/wrong_interface/[0m[95mwrong_interface.yaml[0m             
         You can update these files if necessary. If any files are updated, make sure to delete and reapply the       
         configuration file.                                                                                          
         Do not use live feed flags when checking the logs such as [32m'kubectl logs -f'[0m                                  
         ### Tool Usage Rules                                                                                         
         - Do not attempt many commands in one tool call.                                                             
         - Never repeat a tool call that has already been executed successfully in this run.                          
         - If you need the result of a previous tool call, use the provided output rather than re-invoking it.        
         - Keep the tool call as simple as possible to avoid errors.                                                  
         - Do not run long-lived or background commands such as `kubectl port-forward`, `Start-Process`, or `kubectl  
         logs -f`; prefer single-shot commands that exit on their own.                                                
         - Do not use `kubectl port-forward`, background verification, `kubectl logs -f`, or `kubectl get -w`.        
         - For reachability checks, use the access path defined by the scenario: if a Service exists, verify via      
         Service/endpoints/service-routed access; if no Service exists, use bounded direct checks such as `kubectl    
         exec` with an in-container one-shot HTTP request.                                                            
         - Prefer one-shot application checks such as `kubectl exec [1m<[0m[1;95mpod[0m[39m> -- python3 -c [0m[32m"import urllib.request; [0m      
         [32mprint[0m[32m([0m[32murllib.request.urlopen[0m[32m([0m[32m'http://127.0.0.1:<port[0m[32m>[0m[32m/'[0m[32m)[0m[32m.getcode[0m[32m([0m[32m)[0m[32m)[0m[32m"[0m` when Python is available in the        
         container.                                                                                                   
                                                                                                                      
[32mDEBUG   [0m ============== assistant ==============                                                                      
[32mDEBUG   [0m I'll start by examining the current state of the files and cluster.                                          
[32mDEBUG   [0m Tool Calls: [1m[[0m                                                                                                
           [1m{[0m                                                                                                          
             [32m"type"[0m: [32m"function"[0m,                                                                                      
             [32m"function"[0m: [1m{[0m                                                                                            
               [32m"name"[0m: [32m"run_shell_command"[0m,                                                                           
               [32m"arguments"[0m: [32m"[0m[32m{[0m[32m\"command\": \"cat [0m                                                                     
         [32m/home/adibam/KubeLLM/debug_assistant_latest/troubleshooting/wrong_interface/server.py\"[0m[32m}[0m[32m"[0m                    
             [1m}[0m                                                                                                        
           [1m}[0m,                                                                                                         
           [1m{[0m                                                                                                          
             [32m"type"[0m: [32m"function"[0m,                                                                                      
             [32m"function"[0m: [1m{[0m                                                                                            
               [32m"name"[0m: [32m"run_shell_command"[0m,                                                                           
               [32m"arguments"[0m: [32m"[0m[32m{[0m[32m\"command\": \"cat [0m                                                                     
         [32m/home/adibam/KubeLLM/debug_assistant_latest/troubleshooting/wrong_interface/wrong_interface.yaml [0m            
         [32m/home/adibam/KubeLLM/debug_assistant_latest/troubleshooting/wrong_interface/app_service.yaml [0m                
         [32m/home/adibam/KubeLLM/debug_assistant_latest/troubleshooting/wrong_interface/Dockerfile\"[0m[32m}[0m[32m"[0m                   
             [1m}[0m                                                                                                        
           [1m}[0m                                                                                                          
         [1m][0m                                                                                                            
[32mDEBUG   [0m ============== tool ==============                                                                           
[32mDEBUG   [0m import http.server                                                                                           
         import socketserver                                                                                          
                                                                                                                      
         Handler = http.server.SimpleHTTPRequestHandler                                                               
                                                                                                                      
         with [1;35msocketserver.TCPServer[0m[1m([0m[1m([0m[32m"localhost"[0m, [1;36m8765[0m[1m)[0m, Handler[1m)[0m as httpd:                                          
             [1;35mprint[0m[1m([0m[32m'Serving on port 8765'[0m[1m)[0m                                                                            
             [1;35mhttpd.serve_forever[0m[1m([0m[1m)[0m                                                                                    
                                                                                                                      
[32mDEBUG   [0m ============== tool ==============                                                                           
[32mDEBUG   [0m apiVersion: v1                                                                                               
         kind: Pod                                                                                                    
         metadata:                                                                                                    
           name: kube-wrong-interface                                                                                 
           labels:                                                                                                    
             app: kube-wrong-interface                                                                                
         spec:                                                                                                        
           containers:                                                                                                
           - name: kube-wrong-interface                                                                               
             image: kube-wrong-interface-app:latest                                                                   
             imagePullPolicy: Never                                                                                   
             ports:                                                                                                   
             - containerPort: [1;36m8765[0m                                                                                    
         apiVersion: v1                                                                                               
         kind: Service                                                                                                
         metadata:                                                                                                    
           name: app-service                                                                                          
         spec:                                                                                                        
           selector:                                                                                                  
             app: kube-wrong-interface                                                                                
           ports:                                                                                                     
             - protocol: TCP                                                                                          
               port: [1;36m8000[0m                                                                                             
               targetPort: [1;36m8765[0m                                                                                       
           type: NodePort                                                                                             
         FROM ubuntu:[1;36m20.04[0m                                                                                            
                                                                                                                      
         RUN apt-get update && \                                                                                      
             apt-get install -y \                                                                                     
                 python3 \                                                                                            
                 python3-pip \                                                                                        
                 python3-venv                                                                                         
                                                                                                                      
         WORKDIR [35m/[0m[95mapp[0m                                                                                                 
                                                                                                                      
         COPY server.py [35m/[0m[95mapp[0m                                                                                          
                                                                                                                      
         EXPOSE [1;36m8765[0m                                                                                                  
                                                                                                                      
         CMD [1m[[0m[32m"python3"[0m, [32m"server.py"[0m[1m][0m                                                                                 
                                                                                                                      
[32mDEBUG   [0m ============== assistant ==============                                                                      
[32mDEBUG   [0m Tool Calls: [1m[[0m                                                                                                
           [1m{[0m                                                                                                          
             [32m"type"[0m: [32m"function"[0m,                                                                                      
             [32m"function"[0m: [1m{[0m                                                                                            
               [32m"name"[0m: [32m"run_shell_command"[0m,                                                                           
               [32m"arguments"[0m: [32m"[0m[32m{[0m[32m\"command\": \"sed -i 's/[0m[32m([0m[32m\\\"localhost\\\",/[0m[32m([0m[32m\\\"0.0.0.0\\\",/' [0m                       
         [32m/home/adibam/KubeLLM/debug_assistant_latest/troubleshooting/wrong_interface/server.py && grep -n 'TCPServer' [0m
         [32m/home/adibam/KubeLLM/debug_assistant_latest/troubleshooting/wrong_interface/server.py\"[0m[32m}[0m[32m"[0m                    
             [1m}[0m                                                                                                        
           [1m}[0m,                                                                                                         
           [1m{[0m                                                                                                          
             [32m"type"[0m: [32m"function"[0m,                                                                                      
             [32m"function"[0m: [1m{[0m                                                                                            
               [32m"name"[0m: [32m"run_shell_command"[0m,                                                                           
               [32m"arguments"[0m: [32m"[0m[32m{[0m[32m\"command\": \"ls [0m                                                                      
         [32m/home/adibam/KubeLLM/debug_assistant_latest/troubleshooting/wrong_interface/; which minikube kind docker [0m    
         [32m2>&1; kubectl config current-context\"[0m[32m}[0m[32m"[0m                                                                     
             [1m}[0m                                                                                                        
           [1m}[0m                                                                                                          
         [1m][0m                                                                                                            
[32mDEBUG   [0m ============== tool ==============                                                                           
[32mDEBUG   [0m [1;36m6[0m:with [1;35msocketserver.TCPServer[0m[1m([0m[1m([0m[32m"0.0.0.0"[0m, [1;36m8765[0m[1m)[0m, Handler[1m)[0m as httpd:                                          
                                                                                                                      
[32mDEBUG   [0m ============== tool ==============                                                                           
[32mDEBUG   [0m app_service.yaml                                                                                             
         config_step.json                                                                                             
         Dockerfile                                                                                                   
         readme.txt                                                                                                   
         server.py                                                                                                    
         wrong_interface.yaml                                                                                         
         [35m/usr/local/bin/[0m[95mminikube[0m                                                                                      
         [35m/usr/bin/[0m[95mdocker[0m                                                                                              
         minikube                                                                                                     
                                                                                                                      
[32mDEBUG   [0m ============== assistant ==============                                                                      
[32mDEBUG   [0m Tool Calls: [1m[[0m                                                                                                
           [1m{[0m                                                                                                          
             [32m"type"[0m: [32m"function"[0m,                                                                                      
             [32m"function"[0m: [1m{[0m                                                                                            
               [32m"name"[0m: [32m"run_shell_command"[0m,                                                                           
               [32m"arguments"[0m: [32m"[0m[32m{[0m[32m\"command\": \"minikube status; echo ---; kubectl config current-context\"[0m[32m}[0m[32m"[0m            
             [1m}[0m                                                                                                        
           [1m}[0m                                                                                                          
         [1m][0m                                                                                                            
[32mDEBUG   [0m ============== tool ==============                                                                           
[32mDEBUG   [0m minikube                                                                                                     
         type: Control Plane                                                                                          
         host: Running                                                                                                
         kubelet: Running                                                                                             
         apiserver: Running                                                                                           
         kubeconfig: Configured                                                                                       
                                                                                                                      
         ---                                                                                                          
         minikube                                                                                                     
                                                                                                                      
[32mDEBUG   [0m ============== assistant ==============                                                                      
[32mDEBUG   [0m Tool Calls: [1m[[0m                                                                                                
           [1m{[0m                                                                                                          
             [32m"type"[0m: [32m"function"[0m,                                                                                      
             [32m"function"[0m: [1m{[0m                                                                                            
               [32m"name"[0m: [32m"run_shell_command"[0m,                                                                           
               [32m"arguments"[0m: [32m"[0m[32m{[0m[32m\"command\": [0m                                                                           
         [32m\"[0m[32mWORKDIR[0m[32m=/home/adibam/KubeLLM/debug_assistant_latest/troubleshooting/wrong_interface; minikube -p minikube [0m 
         [32mimage build -t kube-wrong-interface-app:latest -f \\\"$WORKDIR/Dockerfile\\\" \\\"$WORKDIR\\\" 2>&1 | tail [0m  
         [32m-20\"[0m[32m}[0m[32m"[0m                                                                                                      
             [1m}[0m                                                                                                        
           [1m}[0m                                                                                                          
         [1m][0m                                                                                                            
[32mDEBUG   [0m ============== tool ==============                                                                           
[32mDEBUG   [0m ERROR: resolve : lstat [35m/home/[0m[95madibam[0m: no such file or directory                                               
                                                                                                                      
[32mDEBUG   [0m ============== assistant ==============                                                                      
[32mDEBUG   [0m Tool Calls: [1m[[0m                                                                                                
           [1m{[0m                                                                                                          
             [32m"type"[0m: [32m"function"[0m,                                                                                      
             [32m"function"[0m: [1m{[0m                                                                                            
               [32m"name"[0m: [32m"run_shell_command"[0m,                                                                           
               [32m"arguments"[0m: [32m"[0m[32m{[0m[32m\"command\": \"minikube image build -t kube-wrong-interface-app:latest -f [0m              
         [32m/home/adibam/KubeLLM/debug_assistant_latest/troubleshooting/wrong_interface/Dockerfile [0m                      
         [32m/home/adibam/KubeLLM/debug_assistant_latest/troubleshooting/wrong_interface 2>&1 | head -30\"[0m[32m}[0m[32m"[0m              
             [1m}[0m                                                                                                        
           [1m}[0m                                                                                                          
         [1m][0m                                                                                                            
[32mDEBUG   [0m ============== tool ==============                                                                           
[32mDEBUG   [0m ERROR: resolve : lstat [35m/home/[0m[95madibam[0m: no such file or directory                                               
                                                                                                                      
[32mDEBUG   [0m ============== assistant ==============                                                                      
[32mDEBUG   [0m Tool Calls: [1m[[0m                                                                                                
           [1m{[0m                                                                                                          
             [32m"type"[0m: [32m"function"[0m,                                                                                      
             [32m"function"[0m: [1m{[0m                                                                                            
               [32m"name"[0m: [32m"run_shell_command"[0m,                                                                           
               [32m"arguments"[0m: [32m"[0m[32m{[0m[32m\"command\": \"ls -la [0m                                                                  
         [32m/home/adibam/KubeLLM/debug_assistant_latest/troubleshooting/wrong_interface/\"[0m[32m}[0m[32m"[0m                             
             [1m}[0m                                                                                                        
           [1m}[0m,                                                                                                         
           [1m{[0m                                                                                                          
             [32m"type"[0m: [32m"function"[0m,                                                                                      
             [32m"function"[0m: [1m{[0m                                                                                            
               [32m"name"[0m: [32m"run_shell_command"[0m,                                                                           
               [32m"arguments"[0m: [32m"[0m[32m{[0m[32m\"command\": \"minikube image build -t kube-wrong-interface-app:latest -f [0m              
         [32m/home/adibam/KubeLLM/debug_assistant_latest/troubleshooting/wrong_interface/Dockerfile [0m                      
         [32m/home/adibam/KubeLLM/debug_assistant_latest/troubleshooting/wrong_interface\"[0m[32m}[0m[32m"[0m                              
             [1m}[0m                                                                                                        
           [1m}[0m                                                                                                          
         [1m][0m                                                                                                            
[32mDEBUG   [0m ============== tool ==============                                                                           
[32mDEBUG   [0m total [1;36m36[0m                                                                                                     
         drwxrwxr-x  [1;36m2[0m adibam adibam [1;36m4096[0m Aug [1;36m26[0m [1;92m23:15[0m .                                                              
         drwxrwxr-x [1;36m31[0m adibam adibam [1;36m4096[0m Aug [1;36m26[0m [1;92m23:13[0m ..                                                             
         -rw-rw-r--  [1;36m1[0m adibam adibam  [1;36m193[0m Jul [1;36m21[0m [1;92m21:29[0m app_service.yaml                                               
         -rw-rw-r--  [1;36m1[0m adibam adibam [1;36m6196[0m Jul [1;36m21[0m [1;92m21:29[0m config_step.json                                               
         -rw-rw-r--  [1;36m1[0m adibam adibam  [1;36m207[0m Jul [1;36m21[0m [1;92m21:29[0m Dockerfile                                                     
         -rw-rw-r--  [1;36m1[0m adibam adibam [1;36m1712[0m Jul [1;36m21[0m [1;92m21:29[0m readme.txt                                                     
         -rw-rw-r--  [1;36m1[0m adibam adibam  [1;36m214[0m Aug [1;36m26[0m [1;92m23:15[0m server.py                                                      
         -rw-rw-r--  [1;36m1[0m adibam adibam  [1;36m262[0m Jul [1;36m21[0m [1;92m21:29[0m wrong_interface.yaml                                           
                                                                                                                      
[32mDEBUG   [0m ============== tool ==============                                                                           
[32mDEBUG   [0m ============== assistant ==============                                                                      
[32mDEBUG   [0m Tool Calls: [1m[[0m                                                                                                
           [1m{[0m                                                                                                          
             [32m"type"[0m: [32m"function"[0m,                                                                                      
             [32m"function"[0m: [1m{[0m                                                                                            
               [32m"name"[0m: [32m"run_shell_command"[0m,                                                                           
               [32m"arguments"[0m: [32m"[0m[32m{[0m[32m\"command\": \"cd [0m                                                                      
         [32m/home/adibam/KubeLLM/debug_assistant_latest/troubleshooting/wrong_interface && minikube image build -t [0m      
         [32mkube-wrong-interface-app:latest -f ./Dockerfile . 2>&1 | tail -40\"[0m[32m}[0m[32m"[0m                                        
             [1m}[0m                                                                                                        
           [1m}[0m                                                                                                          
         [1m][0m                                                                                                            
[32mDEBUG   [0m ============== tool ==============                                                                           
[32mDEBUG   [0m #[1;36m0[0m building with [32m"default"[0m instance using docker driver                                                      
                                                                                                                      
         #[1;36m1[0m [1m[[0minternal[1m][0m load build definition from Dockerfile                                                          
         #[1;36m1[0m transferring dockerfile: 246B done                                                                        
         #[1;36m1[0m DONE [1;36m0.[0m0s                                                                                                 
                                                                                                                      
         #[1;36m2[0m [1m[[0minternal[1m][0m load metadata for docker.io/library/ubuntu:[1;36m20.04[0m                                               
         #[1;36m2[0m DONE [1;36m0.[0m2s                                                                                                 
                                                                                                                      
         #[1;36m3[0m [1m[[0minternal[1m][0m load .dockerignore                                                                             
         #[1;36m3[0m transferring context: 2B done                                                                             
         #[1;36m3[0m DONE [1;36m0.[0m0s                                                                                                 
                                                                                                                      
         #[1;36m4[0m [1m[[0m[1;36m1[0m/[1;36m4[0m[1m][0m FROM                                                                                                
         docker.io/library/ubuntu:[1;36m20.04[0m@sh[1;92ma256:8feb[0m4d8ca5354def3d8fce243717141ce31e2c428701f6682bd2fafe15388214       
         #[1;36m4[0m DONE [1;36m0.[0m0s                                                                                                 
                                                                                                                      
         #[1;36m5[0m [1m[[0minternal[1m][0m load build context                                                                             
         #[1;36m5[0m transferring context: 252B done                                                                           
         #[1;36m5[0m DONE [1;36m0.[0m0s                                                                                                 
                                                                                                                      
         #[1;36m6[0m [1m[[0m[1;36m2[0m/[1;36m4[0m[1m][0m RUN apt-get update &&     apt-get install -y         python3         python3-pip                    
         python3-venv                                                                                                 
         #[1;36m6[0m CACHED                                                                                                    
                                                                                                                      
         #[1;36m7[0m [1m[[0m[1;36m3[0m/[1;36m4[0m[1m][0m WORKDIR [35m/[0m[95mapp[0m                                                                                        
         #[1;36m7[0m CACHED                                                                                                    
                                                                                                                      
         #[1;36m8[0m [1m[[0m[1;36m4[0m/[1;36m4[0m[1m][0m COPY server.py [35m/[0m[95mapp[0m                                                                                 
         #[1;36m8[0m CACHED                                                                                                    
                                                                                                                      
         #[1;36m9[0m exporting to image                                                                                        
         #[1;36m9[0m exporting layers done                                                                                     
         #[1;36m9[0m writing image sh[1;92ma256:42cd[0m0883ef0a4dd71bd506b2d454d65a2206f490233351f7fb485974c9613aab done                
         #[1;36m9[0m naming to docker.io/library/kube-wrong-interface-app:latest done                                          
         #[1;36m9[0m DONE [1;36m0.[0m0s                                                                                                 
                                                                                                                      
[32mDEBUG   [0m ============== assistant ==============                                                                      
[32mDEBUG   [0m The COPY step shows CACHED, which is suspicious since I modified server.py. Let me verify the image content  
         actually contains the [1;92m0.0.0.0[0m change.                                                                        
[32mDEBUG   [0m Tool Calls: [1m[[0m                                                                                                
           [1m{[0m                                                                                                          
             [32m"type"[0m: [32m"function"[0m,                                                                                      
             [32m"function"[0m: [1m{[0m                                                                                            
               [32m"name"[0m: [32m"run_shell_command"[0m,                                                                           
               [32m"arguments"[0m: [32m"[0m[32m{[0m[32m\"command\": \"docker run --rm kube-wrong-interface-app:latest grep -n TCPServer [0m       
         [32m/app/server.py\"[0m[32m}[0m[32m"[0m                                                                                           
             [1m}[0m                                                                                                        
           [1m}[0m                                                                                                          
         [1m][0m                                                                                                            
[32mDEBUG   [0m **************** METRICS START ****************                                                              
[32mDEBUG   [0m * Time to generate response:   [1;36m50.[0m2448s                                                                      
[32mDEBUG   [0m * Tokens per second:           [1;36m5.0553[0m tokens/s                                                               
[32mDEBUG   [0m * Input tokens:                [1;36m2916[0m                                                                          
[32mDEBUG   [0m * Output tokens:               [1;36m254[0m                                                                           
[32mDEBUG   [0m * Total tokens:                [1;36m3170[0m                                                                          
[32mDEBUG   [0m **************** METRICS END ******************                                                              
[32mDEBUG   [0m Getting function run_shell_command                                                                           
[32mDEBUG   [0m Running: [1;35mrun_shell_command[0m[1m([0m[33mcommand[0m=[35mdocker[0m run --rm kube-wrong-interface-app:latest grep -n TCPServer         
         [35m/app/[0m[95mserver.py[0m[1m)[0m                                                                                              
[34mINFO    [0m Running shell command: docker run --rm kube-wrong-interface-app:latest grep -n TCPServer [35m/app/[0m[95mserver.py[0m      
[32mDEBUG   [0m Return code: [1;36m125[0m                                                                                             
[32mDEBUG   [0m ---------- Ollama Response Start ----------                                                                  
[32mDEBUG   [0m ============== system ==============                                                                         
[32mDEBUG   [0m ## Instructions                                                                                              
         - If all and only all commands fail to execute, declare that there was an error in trying to solve the issue,
         and end that statement with this token: [1m<[0m[1;95m|ERROR|[0m[39m>.[0m                                                           
         [39m- You have solved this issue only when the original user-visible problem is fixed in the live cluster. Verify[0m
         [39mthe relevant Kubernetes resources and application behavior with commands before declaring success; pod [0m      
         [39mRunning/Ready status alone is not sufficient unless the original problem is only pod startup.[0m                
         [39m- After every step, check whether the original problem is fixed in the live cluster. If you changed [0m         
         [39mmanifests, images, or cluster configuration, apply the change and verify the live resource state reflects it [0m
         [39mbefore declaring success.[0m                                                                                    
         [39m- If you believe you have met the goal, declare that you have solved the user's issue, and end that statement[0m
         [39mwith this token: <|SOLVED|>.[0m                                                                                 
         [39m- If the steps do not solve the issue, or if you need more information, declare that you cannot solve the [0m   
         [39missue, and end that statement with this token: <|FAILED|>.[0m                                                   
         [39m- Do not use live feed flags when checking the logs such as [0m[32m'kubectl logs -f'[0m                                
         [39m- Do not use commands like vim or vi[0m                                                                         
         [39m- Do not use commands that open up editors like [0m[32m'kubectl edit'[0m                                               
         [39m- Use markdown to format your answers.[0m                                                                       
                                                                                                                      
         [39m## Guidelines[0m                                                                                                
         [39mIf a command invocation is successful but gives no stdout nor stderr, then that is because that invocation [0m  
         [39mresulted in no output to stdout or stderr.[0m                                                                   
         [39mIf a command contains a placeholder name surrounded in angle brackets such as <pod_name>, for example, then [0m 
         [39m**do not** run that command as-is. First run a `kubectl get` command to find a real name to replace the [0m     
         [39mplaceholder name, then run the suggested command with the replaced name of the resource. For example, if you [0m
         [39msee `kubectl logs <pod_name[0m[1m>[0m -n example_namespace`, first run `kubectl get pods -n example_namespace` and use
         the name of the first pod you see.                                                                           
         Do not use live feed flags when checking the logs such as [32m'kubectl logs -f'[0m                                  
         If you do not conclude on an answer or a code then try again please.                                         
         Do not use commands like vim or vi                                                                           
         Do not use commands that open up editors like [32m'kubectl edit'[0m                                                 
[32mDEBUG   [0m ============== user ==============                                                                           
[32mDEBUG   [0m Perform the actions suggested here:                                                                          
         [1;36m1[0m. Fix the app to listen on all interfaces [1m([0m[1;92m0.0.0.0[0m[1m)[0m instead of localhost.                                   
         ```bash                                                                                                      
         sed -i [32m's/[0m[32m([0m[32m"localhost",/[0m[32m([0m[32m"0.0.0.0",/'[0m                                                                        
         [35m/home/adibam/KubeLLM/debug_assistant_latest/troubleshooting/wrong_interface/[0m[95mserver.py[0m                        
         ```                                                                                                          
                                                                                                                      
         [1;36m2[0m. Build the Docker image and load it into your local cluster. This single command tries minikube first, then
         kind, otherwise falls back to a local docker build [1m([0madjust strategy if you use a remote registry[1m)[0m.           
         ```bash                                                                                                      
         sh -c [32m'[0m[32mWORKDIR[0m[32m=/home/adibam/KubeLLM/debug_assistant_latest/troubleshooting/wrong_interface; if minikube [0m     
         [32mstatus >/dev/null 2>&1; then [0m[32mPROFILE[0m[32m=$[0m[32m{[0m[32mMINIKUBE_PROFILE:-$[0m[32m([0m[32mkubectl config current-context[0m[32m)[0m[32m}[0m[32m; minikube -p [0m    
         [32m"$PROFILE" image build -t kube-wrong-interface-app:latest -f "$WORKDIR/Dockerfile" "$WORKDIR"; elif command [0m 
         [32m-v kind >/dev/null 2>&1 && [0m[32m[[0m[32m -n "$[0m[32m([0m[32mkind get clusters 2>/dev/null[0m[32m)[0m[32m" [0m[32m][0m[32m; then docker build -t [0m                  
         [32mkube-wrong-interface-app:latest -f "$WORKDIR/Dockerfile" "$WORKDIR" && kind load docker-image [0m               
         [32mkube-wrong-interface-app:latest --name "$[0m[32m{[0m[32mKIND_CLUSTER:-kind[0m[32m}[0m[32m"; else docker build -t [0m                        
         [32mkube-wrong-interface-app:latest -f "$WORKDIR/Dockerfile" "$WORKDIR"; fi'[0m                                     
         ```                                                                                                          
                                                                                                                      
         [1;36m3[0m. Replace the running Pod [1m([0mso the node uses the rebuilt image[1m)[0m and [1m([0mre[1m)[0mapply the Service manifest.          
         ```bash                                                                                                      
         kubectl delete pod kube-wrong-interface --ignore-not-found && kubectl apply -f                               
         [35m/home/adibam/KubeLLM/debug_assistant_latest/troubleshooting/wrong_interface/[0m[95mwrong_interface.yaml[0m && kubectl  
         apply -f [35m/home/adibam/KubeLLM/debug_assistant_latest/troubleshooting/wrong_interface/[0m[95mapp_service.yaml[0m        
         ```                                                                                                          
                                                                                                                      
         [1;36m4[0m. Wait for the Pod to become Ready and verify the application responds on the container port [1m([0mchecks HTTP   
         from inside the pod[1m)[0m.                                                                                        
         ```bash                                                                                                      
         kubectl wait --[33mfor[0m=[35mcondition[0m=Ready pod/kube-wrong-interface --[33mtimeout[0m=[35m60s[0m && kubectl exec                    
         kube-wrong-interface -- python3 -c [32m"import urllib.request; [0m                                                  
         [32mprint[0m[32m([0m[32murllib.request.urlopen[0m[32m([0m[32m'http://127.0.0.1:8765/'[0m[32m)[0m[32m.getcode[0m[32m([0m[32m)[0m[32m)[0m[32m"[0m                                           
         ```                                                                                                          
                                                                                                                      
         [1;36m5[0m. Verify the Service routes traffic to the Pod [1m([0mcluster-internal service DNS[1m)[0m.                              
         ```bash                                                                                                      
         kubectl exec kube-wrong-interface -- python3 -c [32m"import urllib.request; [0m                                     
         [32mprint[0m[32m([0m[32murllib.request.urlopen[0m[32m([0m[32m'http://app-service:8000/'[0m[32m)[0m[32m.getcode[0m[32m([0m[32m)[0m[32m)[0m[32m"[0m                                         
         ```                                                                                                          
                                                                                                                      
         If any step fails, paste the failing command's output and I will guide the next corrective action.           
                                                                                                                      
         The relevant configuration file is located in this path:                                                     
         [35m/home/adibam/KubeLLM/debug_assistant_latest/troubleshooting/wrong_interface/[0m[95mwrong_interface.yaml[0m             
         You can update these files if necessary. If any files are updated, make sure to delete and reapply the       
         configuration file.                                                                                          
         Do not use live feed flags when checking the logs such as [32m'kubectl logs -f'[0m                                  
         ### Tool Usage Rules                                                                                         
         - Do not attempt many commands in one tool call.                                                             
         - Never repeat a tool call that has already been executed successfully in this run.                          
         - If you need the result of a previous tool call, use the provided output rather than re-invoking it.        
         - Keep the tool call as simple as possible to avoid errors.                                                  
         - Do not run long-lived or background commands such as `kubectl port-forward`, `Start-Process`, or `kubectl  
         logs -f`; prefer single-shot commands that exit on their own.                                                
         - Do not use `kubectl port-forward`, background verification, `kubectl logs -f`, or `kubectl get -w`.        
         - For reachability checks, use the access path defined by the scenario: if a Service exists, verify via      
         Service/endpoints/service-routed access; if no Service exists, use bounded direct checks such as `kubectl    
         exec` with an in-container one-shot HTTP request.                                                            
         - Prefer one-shot application checks such as `kubectl exec [1m<[0m[1;95mpod[0m[39m> -- python3 -c [0m[32m"import urllib.request; [0m      
         [32mprint[0m[32m([0m[32murllib.request.urlopen[0m[32m([0m[32m'http://127.0.0.1:<port[0m[32m>[0m[32m/'[0m[32m)[0m[32m.getcode[0m[32m([0m[32m)[0m[32m)[0m[32m"[0m` when Python is available in the        
         container.                                                                                                   
                                                                                                                      
[32mDEBUG   [0m ============== assistant ==============                                                                      
[32mDEBUG   [0m I'll start by examining the current state of the files and cluster.                                          
[32mDEBUG   [0m Tool Calls: [1m[[0m                                                                                                
           [1m{[0m                                                                                                          
             [32m"type"[0m: [32m"function"[0m,                                                                                      
             [32m"function"[0m: [1m{[0m                                                                                            
               [32m"name"[0m: [32m"run_shell_command"[0m,                                                                           
               [32m"arguments"[0m: [32m"[0m[32m{[0m[32m\"command\": \"cat [0m                                                                     
         [32m/home/adibam/KubeLLM/debug_assistant_latest/troubleshooting/wrong_interface/server.py\"[0m[32m}[0m[32m"[0m                    
             [1m}[0m                                                                                                        
           [1m}[0m,                                                                                                         
           [1m{[0m                                                                                                          
             [32m"type"[0m: [32m"function"[0m,                                                                                      
             [32m"function"[0m: [1m{[0m                                                                                            
               [32m"name"[0m: [32m"run_shell_command"[0m,                                                                           
               [32m"arguments"[0m: [32m"[0m[32m{[0m[32m\"command\": \"cat [0m                                                                     
         [32m/home/adibam/KubeLLM/debug_assistant_latest/troubleshooting/wrong_interface/wrong_interface.yaml [0m            
         [32m/home/adibam/KubeLLM/debug_assistant_latest/troubleshooting/wrong_interface/app_service.yaml [0m                
         [32m/home/adibam/KubeLLM/debug_assistant_latest/troubleshooting/wrong_interface/Dockerfile\"[0m[32m}[0m[32m"[0m                   
             [1m}[0m                                                                                                        
           [1m}[0m                                                                                                          
         [1m][0m                                                                                                            
[32mDEBUG   [0m ============== tool ==============                                                                           
[32mDEBUG   [0m import http.server                                                                                           
         import socketserver                                                                                          
                                                                                                                      
         Handler = http.server.SimpleHTTPRequestHandler                                                               
                                                                                                                      
         with [1;35msocketserver.TCPServer[0m[1m([0m[1m([0m[32m"localhost"[0m, [1;36m8765[0m[1m)[0m, Handler[1m)[0m as httpd:                                          
             [1;35mprint[0m[1m([0m[32m'Serving on port 8765'[0m[1m)[0m                                                                            
             [1;35mhttpd.serve_forever[0m[1m([0m[1m)[0m                                                                                    
                                                                                                                      
[32mDEBUG   [0m ============== tool ==============                                                                           
[32mDEBUG   [0m apiVersion: v1                                                                                               
         kind: Pod                                                                                                    
         metadata:                                                                                                    
           name: kube-wrong-interface                                                                                 
           labels:                                                                                                    
             app: kube-wrong-interface                                                                                
         spec:                                                                                                        
           containers:                                                                                                
           - name: kube-wrong-interface                                                                               
             image: kube-wrong-interface-app:latest                                                                   
             imagePullPolicy: Never                                                                                   
             ports:                                                                                                   
             - containerPort: [1;36m8765[0m                                                                                    
         apiVersion: v1                                                                                               
         kind: Service                                                                                                
         metadata:                                                                                                    
           name: app-service                                                                                          
         spec:                                                                                                        
           selector:                                                                                                  
             app: kube-wrong-interface                                                                                
           ports:                                                                                                     
             - protocol: TCP                                                                                          
               port: [1;36m8000[0m                                                                                             
               targetPort: [1;36m8765[0m                                                                                       
           type: NodePort                                                                                             
         FROM ubuntu:[1;36m20.04[0m                                                                                            
                                                                                                                      
         RUN apt-get update && \                                                                                      
             apt-get install -y \                                                                                     
                 python3 \                                                                                            
                 python3-pip \                                                                                        
                 python3-venv                                                                                         
                                                                                                                      
         WORKDIR [35m/[0m[95mapp[0m                                                                                                 
                                                                                                                      
         COPY server.py [35m/[0m[95mapp[0m                                                                                          
                                                                                                                      
         EXPOSE [1;36m8765[0m                                                                                                  
                                                                                                                      
         CMD [1m[[0m[32m"python3"[0m, [32m"server.py"[0m[1m][0m                                                                                 
                                                                                                                      
[32mDEBUG   [0m ============== assistant ==============                                                                      
[32mDEBUG   [0m Tool Calls: [1m[[0m                                                                                                
           [1m{[0m                                                                                                          
             [32m"type"[0m: [32m"function"[0m,                                                                                      
             [32m"function"[0m: [1m{[0m                                                                                            
               [32m"name"[0m: [32m"run_shell_command"[0m,                                                                           
               [32m"arguments"[0m: [32m"[0m[32m{[0m[32m\"command\": \"sed -i 's/[0m[32m([0m[32m\\\"localhost\\\",/[0m[32m([0m[32m\\\"0.0.0.0\\\",/' [0m                       
         [32m/home/adibam/KubeLLM/debug_assistant_latest/troubleshooting/wrong_interface/server.py && grep -n 'TCPServer' [0m
         [32m/home/adibam/KubeLLM/debug_assistant_latest/troubleshooting/wrong_interface/server.py\"[0m[32m}[0m[32m"[0m                    
             [1m}[0m                                                                                                        
           [1m}[0m,                                                                                                         
           [1m{[0m                                                                                                          
             [32m"type"[0m: [32m"function"[0m,                                                                                      
             [32m"function"[0m: [1m{[0m                                                                                            
               [32m"name"[0m: [32m"run_shell_command"[0m,                                                                           
               [32m"arguments"[0m: [32m"[0m[32m{[0m[32m\"command\": \"ls [0m                                                                      
         [32m/home/adibam/KubeLLM/debug_assistant_latest/troubleshooting/wrong_interface/; which minikube kind docker [0m    
         [32m2>&1; kubectl config current-context\"[0m[32m}[0m[32m"[0m                                                                     
             [1m}[0m                                                                                                        
           [1m}[0m                                                                                                          
         [1m][0m                                                                                                            
[32mDEBUG   [0m ============== tool ==============                                                                           
[32mDEBUG   [0m [1;36m6[0m:with [1;35msocketserver.TCPServer[0m[1m([0m[1m([0m[32m"0.0.0.0"[0m, [1;36m8765[0m[1m)[0m, Handler[1m)[0m as httpd:                                          
                                                                                                                      
[32mDEBUG   [0m ============== tool ==============                                                                           
[32mDEBUG   [0m app_service.yaml                                                                                             
         config_step.json                                                                                             
         Dockerfile                                                                                                   
         readme.txt                                                                                                   
         server.py                                                                                                    
         wrong_interface.yaml                                                                                         
         [35m/usr/local/bin/[0m[95mminikube[0m                                                                                      
         [35m/usr/bin/[0m[95mdocker[0m                                                                                              
         minikube                                                                                                     
                                                                                                                      
[32mDEBUG   [0m ============== assistant ==============                                                                      
[32mDEBUG   [0m Tool Calls: [1m[[0m                                                                                                
           [1m{[0m                                                                                                          
             [32m"type"[0m: [32m"function"[0m,                                                                                      
             [32m"function"[0m: [1m{[0m                                                                                            
               [32m"name"[0m: [32m"run_shell_command"[0m,                                                                           
               [32m"arguments"[0m: [32m"[0m[32m{[0m[32m\"command\": \"minikube status; echo ---; kubectl config current-context\"[0m[32m}[0m[32m"[0m            
             [1m}[0m                                                                                                        
           [1m}[0m                                                                                                          
         [1m][0m                                                                                                            
[32mDEBUG   [0m ============== tool ==============                                                                           
[32mDEBUG   [0m minikube                                                                                                     
         type: Control Plane                                                                                          
         host: Running                                                                                                
         kubelet: Running                                                                                             
         apiserver: Running                                                                                           
         kubeconfig: Configured                                                                                       
                                                                                                                      
         ---                                                                                                          
         minikube                                                                                                     
                                                                                                                      
[32mDEBUG   [0m ============== assistant ==============                                                                      
[32mDEBUG   [0m Tool Calls: [1m[[0m                                                                                                
           [1m{[0m                                                                                                          
             [32m"type"[0m: [32m"function"[0m,                                                                                      
             [32m"function"[0m: [1m{[0m                                                                                            
               [32m"name"[0m: [32m"run_shell_command"[0m,                                                                           
               [32m"arguments"[0m: [32m"[0m[32m{[0m[32m\"command\": [0m                                                                           
         [32m\"[0m[32mWORKDIR[0m[32m=/home/adibam/KubeLLM/debug_assistant_latest/troubleshooting/wrong_interface; minikube -p minikube [0m 
         [32mimage build -t kube-wrong-interface-app:latest -f \\\"$WORKDIR/Dockerfile\\\" \\\"$WORKDIR\\\" 2>&1 | tail [0m  
         [32m-20\"[0m[32m}[0m[32m"[0m                                                                                                      
             [1m}[0m                                                                                                        
           [1m}[0m                                                                                                          
         [1m][0m                                                                                                            
[32mDEBUG   [0m ============== tool ==============                                                                           
[32mDEBUG   [0m ERROR: resolve : lstat [35m/home/[0m[95madibam[0m: no such file or directory                                               
                                                                                                                      
[32mDEBUG   [0m ============== assistant ==============                                                                      
[32mDEBUG   [0m Tool Calls: [1m[[0m                                                                                                
           [1m{[0m                                                                                                          
             [32m"type"[0m: [32m"function"[0m,                                                                                      
             [32m"function"[0m: [1m{[0m                                                                                            
               [32m"name"[0m: [32m"run_shell_command"[0m,                                                                           
               [32m"arguments"[0m: [32m"[0m[32m{[0m[32m\"command\": \"minikube image build -t kube-wrong-interface-app:latest -f [0m              
         [32m/home/adibam/KubeLLM/debug_assistant_latest/troubleshooting/wrong_interface/Dockerfile [0m                      
         [32m/home/adibam/KubeLLM/debug_assistant_latest/troubleshooting/wrong_interface 2>&1 | head -30\"[0m[32m}[0m[32m"[0m              
             [1m}[0m                                                                                                        
           [1m}[0m                                                                                                          
         [1m][0m                                                                                                            
[32mDEBUG   [0m ============== tool ==============                                                                           
[32mDEBUG   [0m ERROR: resolve : lstat [35m/home/[0m[95madibam[0m: no such file or directory                                               
                                                                                                                      
[32mDEBUG   [0m ============== assistant ==============                                                                      
[32mDEBUG   [0m Tool Calls: [1m[[0m                                                                                                
           [1m{[0m                                                                                                          
             [32m"type"[0m: [32m"function"[0m,                                                                                      
             [32m"function"[0m: [1m{[0m                                                                                            
               [32m"name"[0m: [32m"run_shell_command"[0m,                                                                           
               [32m"arguments"[0m: [32m"[0m[32m{[0m[32m\"command\": \"ls -la [0m                                                                  
         [32m/home/adibam/KubeLLM/debug_assistant_latest/troubleshooting/wrong_interface/\"[0m[32m}[0m[32m"[0m                             
             [1m}[0m                                                                                                        
           [1m}[0m,                                                                                                         
           [1m{[0m                                                                                                          
             [32m"type"[0m: [32m"function"[0m,                                                                                      
             [32m"function"[0m: [1m{[0m                                                                                            
               [32m"name"[0m: [32m"run_shell_command"[0m,                                                                           
               [32m"arguments"[0m: [32m"[0m[32m{[0m[32m\"command\": \"minikube image build -t kube-wrong-interface-app:latest -f [0m              
         [32m/home/adibam/KubeLLM/debug_assistant_latest/troubleshooting/wrong_interface/Dockerfile [0m                      
         [32m/home/adibam/KubeLLM/debug_assistant_latest/troubleshooting/wrong_interface\"[0m[32m}[0m[32m"[0m                              
             [1m}[0m                                                                                                        
           [1m}[0m                                                                                                          
         [1m][0m                                                                                                            
[32mDEBUG   [0m ============== tool ==============                                                                           
[32mDEBUG   [0m total [1;36m36[0m                                                                                                     
         drwxrwxr-x  [1;36m2[0m adibam adibam [1;36m4096[0m Aug [1;36m26[0m [1;92m23:15[0m .                                                              
         drwxrwxr-x [1;36m31[0m adibam adibam [1;36m4096[0m Aug [1;36m26[0m [1;92m23:13[0m ..                                                             
         -rw-rw-r--  [1;36m1[0m adibam adibam  [1;36m193[0m Jul [1;36m21[0m [1;92m21:29[0m app_service.yaml                                               
         -rw-rw-r--  [1;36m1[0m adibam adibam [1;36m6196[0m Jul [1;36m21[0m [1;92m21:29[0m config_step.json                                               
         -rw-rw-r--  [1;36m1[0m adibam adibam  [1;36m207[0m Jul [1;36m21[0m [1;92m21:29[0m Dockerfile                                                     
         -rw-rw-r--  [1;36m1[0m adibam adibam [1;36m1712[0m Jul [1;36m21[0m [1;92m21:29[0m readme.txt                                                     
         -rw-rw-r--  [1;36m1[0m adibam adibam  [1;36m214[0m Aug [1;36m26[0m [1;92m23:15[0m server.py                                                      
         -rw-rw-r--  [1;36m1[0m adibam adibam  [1;36m262[0m Jul [1;36m21[0m [1;92m21:29[0m wrong_interface.yaml                                           
                                                                                                                      
[32mDEBUG   [0m ============== tool ==============                                                                           
[32mDEBUG   [0m ============== assistant ==============                                                                      
[32mDEBUG   [0m Tool Calls: [1m[[0m                                                                                                
           [1m{[0m                                                                                                          
             [32m"type"[0m: [32m"function"[0m,                                                                                      
             [32m"function"[0m: [1m{[0m                                                                                            
               [32m"name"[0m: [32m"run_shell_command"[0m,                                                                           
               [32m"arguments"[0m: [32m"[0m[32m{[0m[32m\"command\": \"cd [0m                                                                      
         [32m/home/adibam/KubeLLM/debug_assistant_latest/troubleshooting/wrong_interface && minikube image build -t [0m      
         [32mkube-wrong-interface-app:latest -f ./Dockerfile . 2>&1 | tail -40\"[0m[32m}[0m[32m"[0m                                        
             [1m}[0m                                                                                                        
           [1m}[0m                                                                                                          
         [1m][0m                                                                                                            
[32mDEBUG   [0m ============== tool ==============                                                                           
[32mDEBUG   [0m #[1;36m0[0m building with [32m"default"[0m instance using docker driver                                                      
                                                                                                                      
         #[1;36m1[0m [1m[[0minternal[1m][0m load build definition from Dockerfile                                                          
         #[1;36m1[0m transferring dockerfile: 246B done                                                                        
         #[1;36m1[0m DONE [1;36m0.[0m0s                                                                                                 
                                                                                                                      
         #[1;36m2[0m [1m[[0minternal[1m][0m load metadata for docker.io/library/ubuntu:[1;36m20.04[0m                                               
         #[1;36m2[0m DONE [1;36m0.[0m2s                                                                                                 
                                                                                                                      
         #[1;36m3[0m [1m[[0minternal[1m][0m load .dockerignore                                                                             
         #[1;36m3[0m transferring context: 2B done                                                                             
         #[1;36m3[0m DONE [1;36m0.[0m0s                                                                                                 
                                                                                                                      
         #[1;36m4[0m [1m[[0m[1;36m1[0m/[1;36m4[0m[1m][0m FROM                                                                                                
         docker.io/library/ubuntu:[1;36m20.04[0m@sh[1;92ma256:8feb[0m4d8ca5354def3d8fce243717141ce31e2c428701f6682bd2fafe15388214       
         #[1;36m4[0m DONE [1;36m0.[0m0s                                                                                                 
                                                                                                                      
         #[1;36m5[0m [1m[[0minternal[1m][0m load build context                                                                             
         #[1;36m5[0m transferring context: 252B done                                                                           
         #[1;36m5[0m DONE [1;36m0.[0m0s                                                                                                 
                                                                                                                      
         #[1;36m6[0m [1m[[0m[1;36m2[0m/[1;36m4[0m[1m][0m RUN apt-get update &&     apt-get install -y         python3         python3-pip                    
         python3-venv                                                                                                 
         #[1;36m6[0m CACHED                                                                                                    
                                                                                                                      
         #[1;36m7[0m [1m[[0m[1;36m3[0m/[1;36m4[0m[1m][0m WORKDIR [35m/[0m[95mapp[0m                                                                                        
         #[1;36m7[0m CACHED                                                                                                    
                                                                                                                      
         #[1;36m8[0m [1m[[0m[1;36m4[0m/[1;36m4[0m[1m][0m COPY server.py [35m/[0m[95mapp[0m                                                                                 
         #[1;36m8[0m CACHED                                                                                                    
                                                                                                                      
         #[1;36m9[0m exporting to image                                                                                        
         #[1;36m9[0m exporting layers done                                                                                     
         #[1;36m9[0m writing image sh[1;92ma256:42cd[0m0883ef0a4dd71bd506b2d454d65a2206f490233351f7fb485974c9613aab done                
         #[1;36m9[0m naming to docker.io/library/kube-wrong-interface-app:latest done                                          
         #[1;36m9[0m DONE [1;36m0.[0m0s                                                                                                 
                                                                                                                      
[32mDEBUG   [0m ============== assistant ==============                                                                      
[32mDEBUG   [0m The COPY step shows CACHED, which is suspicious since I modified server.py. Let me verify the image content  
         actually contains the [1;92m0.0.0.0[0m change.                                                                        
[32mDEBUG   [0m Tool Calls: [1m[[0m                                                                                                
           [1m{[0m                                                                                                          
             [32m"type"[0m: [32m"function"[0m,                                                                                      
             [32m"function"[0m: [1m{[0m                                                                                            
               [32m"name"[0m: [32m"run_shell_command"[0m,                                                                           
               [32m"arguments"[0m: [32m"[0m[32m{[0m[32m\"command\": \"docker run --rm kube-wrong-interface-app:latest grep -n TCPServer [0m       
         [32m/app/server.py\"[0m[32m}[0m[32m"[0m                                                                                           
             [1m}[0m                                                                                                        
           [1m}[0m                                                                                                          
         [1m][0m                                                                                                            
[32mDEBUG   [0m ============== tool ==============                                                                           
[32mDEBUG   [0m Error: Unable to find image [32m'kube-wrong-interface-app:latest'[0m locally                                        
         docker: Error response from daemon: pull access denied for kube-wrong-interface-app, repository does not     
         exist or may require [32m'docker login'[0m: denied: requested access to the resource is denied.                     
         See [32m'docker run --help'[0m.                                                                                     
[32mDEBUG   [0m ============== assistant ==============                                                                      
[32mDEBUG   [0m The image was built in minikube's context, not host's docker daemon. Let me verify via minikube.             
[32mDEBUG   [0m Tool Calls: [1m[[0m                                                                                                
           [1m{[0m                                                                                                          
             [32m"type"[0m: [32m"function"[0m,                                                                                      
             [32m"function"[0m: [1m{[0m                                                                                            
               [32m"name"[0m: [32m"run_shell_command"[0m,                                                                           
               [32m"arguments"[0m: [32m"[0m[32m{[0m[32m\"command\": \"minikube ssh -- docker run --rm --entrypoint \\\"grep\\\" [0m               
         [32mkube-wrong-interface-app:latest \\\"0.0.0.0\\\" /app/server.py\"[0m[32m}[0m[32m"[0m                                           
             [1m}[0m                                                                                                        
           [1m}[0m                                                                                                          
         [1m][0m                                                                                                            
[32mDEBUG   [0m **************** METRICS START ****************                                                              
[32mDEBUG   [0m * Time to generate response:   [1;36m20.[0m1748s                                                                      
[32mDEBUG   [0m * Tokens per second:           [1;36m5.8489[0m tokens/s                                                               
[32mDEBUG   [0m * Input tokens:                [1;36m3032[0m                                                                          
[32mDEBUG   [0m * Output tokens:               [1;36m118[0m                                                                           
[32mDEBUG   [0m * Total tokens:                [1;36m3150[0m                                                                          
[32mDEBUG   [0m **************** METRICS END ******************                                                              
[32mDEBUG   [0m Getting function run_shell_command                                                                           
[32mDEBUG   [0m Running: [1;35mrun_shell_command[0m[1m([0m[33mcommand[0m=[33m...[0m[1m)[0m                                                                      
[34mINFO    [0m Running shell command: minikube ssh -- docker run --rm --entrypoint [32m"grep"[0m kube-wrong-interface-app:latest   
         [32m"0.0.0.0"[0m [35m/app/[0m[95mserver.py[0m                                                                                     
[32mDEBUG   [0m Return code: [1;36m0[0m                                                                                               
[32mDEBUG   [0m ---------- Ollama Response Start ----------                                                                  
[32mDEBUG   [0m ============== system ==============                                                                         
[32mDEBUG   [0m ## Instructions                                                                                              
         - If all and only all commands fail to execute, declare that there was an error in trying to solve the issue,
         and end that statement with this token: [1m<[0m[1;95m|ERROR|[0m[39m>.[0m                                                           
         [39m- You have solved this issue only when the original user-visible problem is fixed in the live cluster. Verify[0m
         [39mthe relevant Kubernetes resources and application behavior with commands before declaring success; pod [0m      
         [39mRunning/Ready status alone is not sufficient unless the original problem is only pod startup.[0m                
         [39m- After every step, check whether the original problem is fixed in the live cluster. If you changed [0m         
         [39mmanifests, images, or cluster configuration, apply the change and verify the live resource state reflects it [0m
         [39mbefore declaring success.[0m                                                                                    
         [39m- If you believe you have met the goal, declare that you have solved the user's issue, and end that statement[0m
         [39mwith this token: <|SOLVED|>.[0m                                                                                 
         [39m- If the steps do not solve the issue, or if you need more information, declare that you cannot solve the [0m   
         [39missue, and end that statement with this token: <|FAILED|>.[0m                                                   
         [39m- Do not use live feed flags when checking the logs such as [0m[32m'kubectl logs -f'[0m                                
         [39m- Do not use commands like vim or vi[0m                                                                         
         [39m- Do not use commands that open up editors like [0m[32m'kubectl edit'[0m                                               
         [39m- Use markdown to format your answers.[0m                                                                       
                                                                                                                      
         [39m## Guidelines[0m                                                                                                
         [39mIf a command invocation is successful but gives no stdout nor stderr, then that is because that invocation [0m  
         [39mresulted in no output to stdout or stderr.[0m                                                                   
         [39mIf a command contains a placeholder name surrounded in angle brackets such as <pod_name>, for example, then [0m 
         [39m**do not** run that command as-is. First run a `kubectl get` command to find a real name to replace the [0m     
         [39mplaceholder name, then run the suggested command with the replaced name of the resource. For example, if you [0m
         [39msee `kubectl logs <pod_name[0m[1m>[0m -n example_namespace`, first run `kubectl get pods -n example_namespace` and use
         the name of the first pod you see.                                                                           
         Do not use live feed flags when checking the logs such as [32m'kubectl logs -f'[0m                                  
         If you do not conclude on an answer or a code then try again please.                                         
         Do not use commands like vim or vi                                                                           
         Do not use commands that open up editors like [32m'kubectl edit'[0m                                                 
[32mDEBUG   [0m ============== user ==============                                                                           
[32mDEBUG   [0m Perform the actions suggested here:                                                                          
         [1;36m1[0m. Fix the app to listen on all interfaces [1m([0m[1;92m0.0.0.0[0m[1m)[0m instead of localhost.                                   
         ```bash                                                                                                      
         sed -i [32m's/[0m[32m([0m[32m"localhost",/[0m[32m([0m[32m"0.0.0.0",/'[0m                                                                        
         [35m/home/adibam/KubeLLM/debug_assistant_latest/troubleshooting/wrong_interface/[0m[95mserver.py[0m                        
         ```                                                                                                          
                                                                                                                      
         [1;36m2[0m. Build the Docker image and load it into your local cluster. This single command tries minikube first, then
         kind, otherwise falls back to a local docker build [1m([0madjust strategy if you use a remote registry[1m)[0m.           
         ```bash                                                                                                      
         sh -c [32m'[0m[32mWORKDIR[0m[32m=/home/adibam/KubeLLM/debug_assistant_latest/troubleshooting/wrong_interface; if minikube [0m     
         [32mstatus >/dev/null 2>&1; then [0m[32mPROFILE[0m[32m=$[0m[32m{[0m[32mMINIKUBE_PROFILE:-$[0m[32m([0m[32mkubectl config current-context[0m[32m)[0m[32m}[0m[32m; minikube -p [0m    
         [32m"$PROFILE" image build -t kube-wrong-interface-app:latest -f "$WORKDIR/Dockerfile" "$WORKDIR"; elif command [0m 
         [32m-v kind >/dev/null 2>&1 && [0m[32m[[0m[32m -n "$[0m[32m([0m[32mkind get clusters 2>/dev/null[0m[32m)[0m[32m" [0m[32m][0m[32m; then docker build -t [0m                  
         [32mkube-wrong-interface-app:latest -f "$WORKDIR/Dockerfile" "$WORKDIR" && kind load docker-image [0m               
         [32mkube-wrong-interface-app:latest --name "$[0m[32m{[0m[32mKIND_CLUSTER:-kind[0m[32m}[0m[32m"; else docker build -t [0m                        
         [32mkube-wrong-interface-app:latest -f "$WORKDIR/Dockerfile" "$WORKDIR"; fi'[0m                                     
         ```                                                                                                          
                                                                                                                      
         [1;36m3[0m. Replace the running Pod [1m([0mso the node uses the rebuilt image[1m)[0m and [1m([0mre[1m)[0mapply the Service manifest.          
         ```bash                                                                                                      
         kubectl delete pod kube-wrong-interface --ignore-not-found && kubectl apply -f                               
         [35m/home/adibam/KubeLLM/debug_assistant_latest/troubleshooting/wrong_interface/[0m[95mwrong_interface.yaml[0m && kubectl  
         apply -f [35m/home/adibam/KubeLLM/debug_assistant_latest/troubleshooting/wrong_interface/[0m[95mapp_service.yaml[0m        
         ```                                                                                                          
                                                                                                                      
         [1;36m4[0m. Wait for the Pod to become Ready and verify the application responds on the container port [1m([0mchecks HTTP   
         from inside the pod[1m)[0m.                                                                                        
         ```bash                                                                                                      
         kubectl wait --[33mfor[0m=[35mcondition[0m=Ready pod/kube-wrong-interface --[33mtimeout[0m=[35m60s[0m && kubectl exec                    
         kube-wrong-interface -- python3 -c [32m"import urllib.request; [0m                                                  
         [32mprint[0m[32m([0m[32murllib.request.urlopen[0m[32m([0m[32m'http://127.0.0.1:8765/'[0m[32m)[0m[32m.getcode[0m[32m([0m[32m)[0m[32m)[0m[32m"[0m                                           
         ```                                                                                                          
                                                                                                                      
         [1;36m5[0m. Verify the Service routes traffic to the Pod [1m([0mcluster-internal service DNS[1m)[0m.                              
         ```bash                                                                                                      
         kubectl exec kube-wrong-interface -- python3 -c [32m"import urllib.request; [0m                                     
         [32mprint[0m[32m([0m[32murllib.request.urlopen[0m[32m([0m[32m'http://app-service:8000/'[0m[32m)[0m[32m.getcode[0m[32m([0m[32m)[0m[32m)[0m[32m"[0m                                         
         ```                                                                                                          
                                                                                                                      
         If any step fails, paste the failing command's output and I will guide the next corrective action.           
                                                                                                                      
         The relevant configuration file is located in this path:                                                     
         [35m/home/adibam/KubeLLM/debug_assistant_latest/troubleshooting/wrong_interface/[0m[95mwrong_interface.yaml[0m             
         You can update these files if necessary. If any files are updated, make sure to delete and reapply the       
         configuration file.                                                                                          
         Do not use live feed flags when checking the logs such as [32m'kubectl logs -f'[0m                                  
         ### Tool Usage Rules                                                                                         
         - Do not attempt many commands in one tool call.                                                             
         - Never repeat a tool call that has already been executed successfully in this run.                          
         - If you need the result of a previous tool call, use the provided output rather than re-invoking it.        
         - Keep the tool call as simple as possible to avoid errors.                                                  
         - Do not run long-lived or background commands such as `kubectl port-forward`, `Start-Process`, or `kubectl  
         logs -f`; prefer single-shot commands that exit on their own.                                                
         - Do not use `kubectl port-forward`, background verification, `kubectl logs -f`, or `kubectl get -w`.        
         - For reachability checks, use the access path defined by the scenario: if a Service exists, verify via      
         Service/endpoints/service-routed access; if no Service exists, use bounded direct checks such as `kubectl    
         exec` with an in-container one-shot HTTP request.                                                            
         - Prefer one-shot application checks such as `kubectl exec [1m<[0m[1;95mpod[0m[39m> -- python3 -c [0m[32m"import urllib.request; [0m      
         [32mprint[0m[32m([0m[32murllib.request.urlopen[0m[32m([0m[32m'http://127.0.0.1:<port[0m[32m>[0m[32m/'[0m[32m)[0m[32m.getcode[0m[32m([0m[32m)[0m[32m)[0m[32m"[0m` when Python is available in the        
         container.                                                                                                   
                                                                                                                      
[32mDEBUG   [0m ============== assistant ==============                                                                      
[32mDEBUG   [0m I'll start by examining the current state of the files and cluster.                                          
[32mDEBUG   [0m Tool Calls: [1m[[0m                                                                                                
           [1m{[0m                                                                                                          
             [32m"type"[0m: [32m"function"[0m,                                                                                      
             [32m"function"[0m: [1m{[0m                                                                                            
               [32m"name"[0m: [32m"run_shell_command"[0m,                                                                           
               [32m"arguments"[0m: [32m"[0m[32m{[0m[32m\"command\": \"cat [0m                                                                     
         [32m/home/adibam/KubeLLM/debug_assistant_latest/troubleshooting/wrong_interface/server.py\"[0m[32m}[0m[32m"[0m                    
             [1m}[0m                                                                                                        
           [1m}[0m,                                                                                                         
           [1m{[0m                                                                                                          
             [32m"type"[0m: [32m"function"[0m,                                                                                      
             [32m"function"[0m: [1m{[0m                                                                                            
               [32m"name"[0m: [32m"run_shell_command"[0m,                                                                           
               [32m"arguments"[0m: [32m"[0m[32m{[0m[32m\"command\": \"cat [0m                                                                     
         [32m/home/adibam/KubeLLM/debug_assistant_latest/troubleshooting/wrong_interface/wrong_interface.yaml [0m            
         [32m/home/adibam/KubeLLM/debug_assistant_latest/troubleshooting/wrong_interface/app_service.yaml [0m                
         [32m/home/adibam/KubeLLM/debug_assistant_latest/troubleshooting/wrong_interface/Dockerfile\"[0m[32m}[0m[32m"[0m                   
             [1m}[0m                                                                                                        
           [1m}[0m                                                                                                          
         [1m][0m                                                                                                            
[32mDEBUG   [0m ============== tool ==============                                                                           
[32mDEBUG   [0m import http.server                                                                                           
         import socketserver                                                                                          
                                                                                                                      
         Handler = http.server.SimpleHTTPRequestHandler                                                               
                                                                                                                      
         with [1;35msocketserver.TCPServer[0m[1m([0m[1m([0m[32m"localhost"[0m, [1;36m8765[0m[1m)[0m, Handler[1m)[0m as httpd:                                          
             [1;35mprint[0m[1m([0m[32m'Serving on port 8765'[0m[1m)[0m                                                                            
             [1;35mhttpd.serve_forever[0m[1m([0m[1m)[0m                                                                                    
                                                                                                                      
[32mDEBUG   [0m ============== tool ==============                                                                           
[32mDEBUG   [0m apiVersion: v1                                                                                               
         kind: Pod                                                                                                    
         metadata:                                                                                                    
           name: kube-wrong-interface                                                                                 
           labels:                                                                                                    
             app: kube-wrong-interface                                                                                
         spec:                                                                                                        
           containers:                                                                                                
           - name: kube-wrong-interface                                                                               
             image: kube-wrong-interface-app:latest                                                                   
             imagePullPolicy: Never                                                                                   
             ports:                                                                                                   
             - containerPort: [1;36m8765[0m                                                                                    
         apiVersion: v1                                                                                               
         kind: Service                                                                                                
         metadata:                                                                                                    
           name: app-service                                                                                          
         spec:                                                                                                        
           selector:                                                                                                  
             app: kube-wrong-interface                                                                                
           ports:                                                                                                     
             - protocol: TCP                                                                                          
               port: [1;36m8000[0m                                                                                             
               targetPort: [1;36m8765[0m                                                                                       
           type: NodePort                                                                                             
         FROM ubuntu:[1;36m20.04[0m                                                                                            
                                                                                                                      
         RUN apt-get update && \                                                                                      
             apt-get install -y \                                                                                     
                 python3 \                                                                                            
                 python3-pip \                                                                                        
                 python3-venv                                                                                         
                                                                                                                      
         WORKDIR [35m/[0m[95mapp[0m                                                                                                 
                                                                                                                      
         COPY server.py [35m/[0m[95mapp[0m                                                                                          
                                                                                                                      
         EXPOSE [1;36m8765[0m                                                                                                  
                                                                                                                      
         CMD [1m[[0m[32m"python3"[0m, [32m"server.py"[0m[1m][0m                                                                                 
                                                                                                                      
[32mDEBUG   [0m ============== assistant ==============                                                                      
[32mDEBUG   [0m Tool Calls: [1m[[0m                                                                                                
           [1m{[0m                                                                                                          
             [32m"type"[0m: [32m"function"[0m,                                                                                      
             [32m"function"[0m: [1m{[0m                                                                                            
               [32m"name"[0m: [32m"run_shell_command"[0m,                                                                           
               [32m"arguments"[0m: [32m"[0m[32m{[0m[32m\"command\": \"sed -i 's/[0m[32m([0m[32m\\\"localhost\\\",/[0m[32m([0m[32m\\\"0.0.0.0\\\",/' [0m                       
         [32m/home/adibam/KubeLLM/debug_assistant_latest/troubleshooting/wrong_interface/server.py && grep -n 'TCPServer' [0m
         [32m/home/adibam/KubeLLM/debug_assistant_latest/troubleshooting/wrong_interface/server.py\"[0m[32m}[0m[32m"[0m                    
             [1m}[0m                                                                                                        
           [1m}[0m,                                                                                                         
           [1m{[0m                                                                                                          
             [32m"type"[0m: [32m"function"[0m,                                                                                      
             [32m"function"[0m: [1m{[0m                                                                                            
               [32m"name"[0m: [32m"run_shell_command"[0m,                                                                           
               [32m"arguments"[0m: [32m"[0m[32m{[0m[32m\"command\": \"ls [0m                                                                      
         [32m/home/adibam/KubeLLM/debug_assistant_latest/troubleshooting/wrong_interface/; which minikube kind docker [0m    
         [32m2>&1; kubectl config current-context\"[0m[32m}[0m[32m"[0m                                                                     
             [1m}[0m                                                                                                        
           [1m}[0m                                                                                                          
         [1m][0m                                                                                                            
[32mDEBUG   [0m ============== tool ==============                                                                           
[32mDEBUG   [0m [1;36m6[0m:with [1;35msocketserver.TCPServer[0m[1m([0m[1m([0m[32m"0.0.0.0"[0m, [1;36m8765[0m[1m)[0m, Handler[1m)[0m as httpd:                                          
                                                                                                                      
[32mDEBUG   [0m ============== tool ==============                                                                           
[32mDEBUG   [0m app_service.yaml                                                                                             
         config_step.json                                                                                             
         Dockerfile                                                                                                   
         readme.txt                                                                                                   
         server.py                                                                                                    
         wrong_interface.yaml                                                                                         
         [35m/usr/local/bin/[0m[95mminikube[0m                                                                                      
         [35m/usr/bin/[0m[95mdocker[0m                                                                                              
         minikube                                                                                                     
                                                                                                                      
[32mDEBUG   [0m ============== assistant ==============                                                                      
[32mDEBUG   [0m Tool Calls: [1m[[0m                                                                                                
           [1m{[0m                                                                                                          
             [32m"type"[0m: [32m"function"[0m,                                                                                      
             [32m"function"[0m: [1m{[0m                                                                                            
               [32m"name"[0m: [32m"run_shell_command"[0m,                                                                           
               [32m"arguments"[0m: [32m"[0m[32m{[0m[32m\"command\": \"minikube status; echo ---; kubectl config current-context\"[0m[32m}[0m[32m"[0m            
             [1m}[0m                                                                                                        
           [1m}[0m                                                                                                          
         [1m][0m                                                                                                            
[32mDEBUG   [0m ============== tool ==============                                                                           
[32mDEBUG   [0m minikube                                                                                                     
         type: Control Plane                                                                                          
         host: Running                                                                                                
         kubelet: Running                                                                                             
         apiserver: Running                                                                                           
         kubeconfig: Configured                                                                                       
                                                                                                                      
         ---                                                                                                          
         minikube                                                                                                     
                                                                                                                      
[32mDEBUG   [0m ============== assistant ==============                                                                      
[32mDEBUG   [0m Tool Calls: [1m[[0m                                                                                                
           [1m{[0m                                                                                                          
             [32m"type"[0m: [32m"function"[0m,                                                                                      
             [32m"function"[0m: [1m{[0m                                                                                            
               [32m"name"[0m: [32m"run_shell_command"[0m,                                                                           
               [32m"arguments"[0m: [32m"[0m[32m{[0m[32m\"command\": [0m                                                                           
         [32m\"[0m[32mWORKDIR[0m[32m=/home/adibam/KubeLLM/debug_assistant_latest/troubleshooting/wrong_interface; minikube -p minikube [0m 
         [32mimage build -t kube-wrong-interface-app:latest -f \\\"$WORKDIR/Dockerfile\\\" \\\"$WORKDIR\\\" 2>&1 | tail [0m  
         [32m-20\"[0m[32m}[0m[32m"[0m                                                                                                      
             [1m}[0m                                                                                                        
           [1m}[0m                                                                                                          
         [1m][0m                                                                                                            
[32mDEBUG   [0m ============== tool ==============                                                                           
[32mDEBUG   [0m ERROR: resolve : lstat [35m/home/[0m[95madibam[0m: no such file or directory                                               
                                                                                                                      
[32mDEBUG   [0m ============== assistant ==============                                                                      
[32mDEBUG   [0m Tool Calls: [1m[[0m                                                                                                
           [1m{[0m                                                                                                          
             [32m"type"[0m: [32m"function"[0m,                                                                                      
             [32m"function"[0m: [1m{[0m                                                                                            
               [32m"name"[0m: [32m"run_shell_command"[0m,                                                                           
               [32m"arguments"[0m: [32m"[0m[32m{[0m[32m\"command\": \"minikube image build -t kube-wrong-interface-app:latest -f [0m              
         [32m/home/adibam/KubeLLM/debug_assistant_latest/troubleshooting/wrong_interface/Dockerfile [0m                      
         [32m/home/adibam/KubeLLM/debug_assistant_latest/troubleshooting/wrong_interface 2>&1 | head -30\"[0m[32m}[0m[32m"[0m              
             [1m}[0m                                                                                                        
           [1m}[0m                                                                                                          
         [1m][0m                                                                                                            
[32mDEBUG   [0m ============== tool ==============                                                                           
[32mDEBUG   [0m ERROR: resolve : lstat [35m/home/[0m[95madibam[0m: no such file or directory                                               
                                                                                                                      
[32mDEBUG   [0m ============== assistant ==============                                                                      
[32mDEBUG   [0m Tool Calls: [1m[[0m                                                                                                
           [1m{[0m                                                                                                          
             [32m"type"[0m: [32m"function"[0m,                                                                                      
             [32m"function"[0m: [1m{[0m                                                                                            
               [32m"name"[0m: [32m"run_shell_command"[0m,                                                                           
               [32m"arguments"[0m: [32m"[0m[32m{[0m[32m\"command\": \"ls -la [0m                                                                  
         [32m/home/adibam/KubeLLM/debug_assistant_latest/troubleshooting/wrong_interface/\"[0m[32m}[0m[32m"[0m                             
             [1m}[0m                                                                                                        
           [1m}[0m,                                                                                                         
           [1m{[0m                                                                                                          
             [32m"type"[0m: [32m"function"[0m,                                                                                      
             [32m"function"[0m: [1m{[0m                                                                                            
               [32m"name"[0m: [32m"run_shell_command"[0m,                                                                           
               [32m"arguments"[0m: [32m"[0m[32m{[0m[32m\"command\": \"minikube image build -t kube-wrong-interface-app:latest -f [0m              
         [32m/home/adibam/KubeLLM/debug_assistant_latest/troubleshooting/wrong_interface/Dockerfile [0m                      
         [32m/home/adibam/KubeLLM/debug_assistant_latest/troubleshooting/wrong_interface\"[0m[32m}[0m[32m"[0m                              
             [1m}[0m                                                                                                        
           [1m}[0m                                                                                                          
         [1m][0m                                                                                                            
[32mDEBUG   [0m ============== tool ==============                                                                           
[32mDEBUG   [0m total [1;36m36[0m                                                                                                     
         drwxrwxr-x  [1;36m2[0m adibam adibam [1;36m4096[0m Aug [1;36m26[0m [1;92m23:15[0m .                                                              
         drwxrwxr-x [1;36m31[0m adibam adibam [1;36m4096[0m Aug [1;36m26[0m [1;92m23:13[0m ..                                                             
         -rw-rw-r--  [1;36m1[0m adibam adibam  [1;36m193[0m Jul [1;36m21[0m [1;92m21:29[0m app_service.yaml                                               
         -rw-rw-r--  [1;36m1[0m adibam adibam [1;36m6196[0m Jul [1;36m21[0m [1;92m21:29[0m config_step.json                                               
         -rw-rw-r--  [1;36m1[0m adibam adibam  [1;36m207[0m Jul [1;36m21[0m [1;92m21:29[0m Dockerfile                                                     
         -rw-rw-r--  [1;36m1[0m adibam adibam [1;36m1712[0m Jul [1;36m21[0m [1;92m21:29[0m readme.txt                                                     
         -rw-rw-r--  [1;36m1[0m adibam adibam  [1;36m214[0m Aug [1;36m26[0m [1;92m23:15[0m server.py                                                      
         -rw-rw-r--  [1;36m1[0m adibam adibam  [1;36m262[0m Jul [1;36m21[0m [1;92m21:29[0m wrong_interface.yaml                                           
                                                                                                                      
[32mDEBUG   [0m ============== tool ==============                                                                           
[32mDEBUG   [0m ============== assistant ==============                                                                      
[32mDEBUG   [0m Tool Calls: [1m[[0m                                                                                                
           [1m{[0m                                                                                                          
             [32m"type"[0m: [32m"function"[0m,                                                                                      
             [32m"function"[0m: [1m{[0m                                                                                            
               [32m"name"[0m: [32m"run_shell_command"[0m,                                                                           
               [32m"arguments"[0m: [32m"[0m[32m{[0m[32m\"command\": \"cd [0m                                                                      
         [32m/home/adibam/KubeLLM/debug_assistant_latest/troubleshooting/wrong_interface && minikube image build -t [0m      
         [32mkube-wrong-interface-app:latest -f ./Dockerfile . 2>&1 | tail -40\"[0m[32m}[0m[32m"[0m                                        
             [1m}[0m                                                                                                        
           [1m}[0m                                                                                                          
         [1m][0m                                                                                                            
[32mDEBUG   [0m ============== tool ==============                                                                           
[32mDEBUG   [0m #[1;36m0[0m building with [32m"default"[0m instance using docker driver                                                      
                                                                                                                      
         #[1;36m1[0m [1m[[0minternal[1m][0m load build definition from Dockerfile                                                          
         #[1;36m1[0m transferring dockerfile: 246B done                                                                        
         #[1;36m1[0m DONE [1;36m0.[0m0s                                                                                                 
                                                                                                                      
         #[1;36m2[0m [1m[[0minternal[1m][0m load metadata for docker.io/library/ubuntu:[1;36m20.04[0m                                               
         #[1;36m2[0m DONE [1;36m0.[0m2s                                                                                                 
                                                                                                                      
         #[1;36m3[0m [1m[[0minternal[1m][0m load .dockerignore                                                                             
         #[1;36m3[0m transferring context: 2B done                                                                             
         #[1;36m3[0m DONE [1;36m0.[0m0s                                                                                                 
                                                                                                                      
         #[1;36m4[0m [1m[[0m[1;36m1[0m/[1;36m4[0m[1m][0m FROM                                                                                                
         docker.io/library/ubuntu:[1;36m20.04[0m@sh[1;92ma256:8feb[0m4d8ca5354def3d8fce243717141ce31e2c428701f6682bd2fafe15388214       
         #[1;36m4[0m DONE [1;36m0.[0m0s                                                                                                 
                                                                                                                      
         #[1;36m5[0m [1m[[0minternal[1m][0m load build context                                                                             
         #[1;36m5[0m transferring context: 252B done                                                                           
         #[1;36m5[0m DONE [1;36m0.[0m0s                                                                                                 
                                                                                                                      
         #[1;36m6[0m [1m[[0m[1;36m2[0m/[1;36m4[0m[1m][0m RUN apt-get update &&     apt-get install -y         python3         python3-pip                    
         python3-venv                                                                                                 
         #[1;36m6[0m CACHED                                                                                                    
                                                                                                                      
         #[1;36m7[0m [1m[[0m[1;36m3[0m/[1;36m4[0m[1m][0m WORKDIR [35m/[0m[95mapp[0m                                                                                        
         #[1;36m7[0m CACHED                                                                                                    
                                                                                                                      
         #[1;36m8[0m [1m[[0m[1;36m4[0m/[1;36m4[0m[1m][0m COPY server.py [35m/[0m[95mapp[0m                                                                                 
         #[1;36m8[0m CACHED                                                                                                    
                                                                                                                      
         #[1;36m9[0m exporting to image                                                                                        
         #[1;36m9[0m exporting layers done                                                                                     
         #[1;36m9[0m writing image sh[1;92ma256:42cd[0m0883ef0a4dd71bd506b2d454d65a2206f490233351f7fb485974c9613aab done                
         #[1;36m9[0m naming to docker.io/library/kube-wrong-interface-app:latest done                                          
         #[1;36m9[0m DONE [1;36m0.[0m0s                                                                                                 
                                                                                                                      
[32mDEBUG   [0m ============== assistant ==============                                                                      
[32mDEBUG   [0m The COPY step shows CACHED, which is suspicious since I modified server.py. Let me verify the image content  
         actually contains the [1;92m0.0.0.0[0m change.                                                                        
[32mDEBUG   [0m Tool Calls: [1m[[0m                                                                                                
           [1m{[0m                                                                                                          
             [32m"type"[0m: [32m"function"[0m,                                                                                      
             [32m"function"[0m: [1m{[0m                                                                                            
               [32m"name"[0m: [32m"run_shell_command"[0m,                                                                           
               [32m"arguments"[0m: [32m"[0m[32m{[0m[32m\"command\": \"docker run --rm kube-wrong-interface-app:latest grep -n TCPServer [0m       
         [32m/app/server.py\"[0m[32m}[0m[32m"[0m                                                                                           
             [1m}[0m                                                                                                        
           [1m}[0m                                                                                                          
         [1m][0m                                                                                                            
[32mDEBUG   [0m ============== tool ==============                                                                           
[32mDEBUG   [0m Error: Unable to find image [32m'kube-wrong-interface-app:latest'[0m locally                                        
         docker: Error response from daemon: pull access denied for kube-wrong-interface-app, repository does not     
         exist or may require [32m'docker login'[0m: denied: requested access to the resource is denied.                     
         See [32m'docker run --help'[0m.                                                                                     
[32mDEBUG   [0m ============== assistant ==============                                                                      
[32mDEBUG   [0m The image was built in minikube's context, not host's docker daemon. Let me verify via minikube.             
[32mDEBUG   [0m Tool Calls: [1m[[0m                                                                                                
           [1m{[0m                                                                                                          
             [32m"type"[0m: [32m"function"[0m,                                                                                      
             [32m"function"[0m: [1m{[0m                                                                                            
               [32m"name"[0m: [32m"run_shell_command"[0m,                                                                           
               [32m"arguments"[0m: [32m"[0m[32m{[0m[32m\"command\": \"minikube ssh -- docker run --rm --entrypoint \\\"grep\\\" [0m               
         [32mkube-wrong-interface-app:latest \\\"0.0.0.0\\\" /app/server.py\"[0m[32m}[0m[32m"[0m                                           
             [1m}[0m                                                                                                        
           [1m}[0m                                                                                                          
         [1m][0m                                                                                                            
[32mDEBUG   [0m ============== tool ==============                                                                           
[32mDEBUG   [0m with [1;35msocketserver.TCPServer[0m[1m([0m[1m([0m[32m"0.0.0.0"[0m, [1;36m8765[0m[1m)[0m, Handler[1m)[0m as httpd:                                            
                                                                                                                      
[32mDEBUG   [0m ============== assistant ==============                                                                      
[32mDEBUG   [0m The image inside minikube has the [1;92m0.0.0.0[0m fix. Now let me delete the pod and re-apply the manifests.         
[32mDEBUG   [0m Tool Calls: [1m[[0m                                                                                                
           [1m{[0m                                                                                                          
             [32m"type"[0m: [32m"function"[0m,                                                                                      
             [32m"function"[0m: [1m{[0m                                                                                            
               [32m"name"[0m: [32m"run_shell_command"[0m,                                                                           
               [32m"arguments"[0m: [32m"[0m[32m{[0m[32m\"command\": \"kubectl delete pod kube-wrong-interface --ignore-not-found && kubectl [0m   
         [32mapply -f /home/adibam/KubeLLM/debug_assistant_latest/troubleshooting/wrong_interface/wrong_interface.yaml && [0m
         [32mkubectl apply -f [0m                                                                                            
         [32m/home/adibam/KubeLLM/debug_assistant_latest/troubleshooting/wrong_interface/app_service.yaml\"[0m[32m}[0m[32m"[0m             
             [1m}[0m                                                                                                        
           [1m}[0m                                                                                                          
         [1m][0m                                                                                                            
[32mDEBUG   [0m **************** METRICS START ****************                                                              
[32mDEBUG   [0m * Time to generate response:   [1;36m18.[0m9271s                                                                      
[32mDEBUG   [0m * Tokens per second:           [1;36m8.6648[0m tokens/s                                                               
[32mDEBUG   [0m * Input tokens:                [1;36m3103[0m                                                                          
[32mDEBUG   [0m * Output tokens:               [1;36m164[0m                                                                           
[32mDEBUG   [0m * Total tokens:                [1;36m3267[0m                                                                          
[32mDEBUG   [0m **************** METRICS END ******************                                                              
[32mDEBUG   [0m Getting function run_shell_command                                                                           
[32mDEBUG   [0m Running: [1;35mrun_shell_command[0m[1m([0m[33mcommand[0m=[33m...[0m[1m)[0m                                                                      
[34mINFO    [0m Running shell command: kubectl delete pod kube-wrong-interface --ignore-not-found && kubectl apply -f        
         [35m/home/adibam/KubeLLM/debug_assistant_latest/troubleshooting/wrong_interface/[0m[95mwrong_interface.yaml[0m && kubectl  
         apply -f [35m/home/adibam/KubeLLM/debug_assistant_latest/troubleshooting/wrong_interface/[0m[95mapp_service.yaml[0m        
[32mDEBUG   [0m Return code: [1;36m0[0m                                                                                               
[32mDEBUG   [0m ---------- Ollama Response Start ----------                                                                  
[32mDEBUG   [0m ============== system ==============                                                                         
[32mDEBUG   [0m ## Instructions                                                                                              
         - If all and only all commands fail to execute, declare that there was an error in trying to solve the issue,
         and end that statement with this token: [1m<[0m[1;95m|ERROR|[0m[39m>.[0m                                                           
         [39m- You have solved this issue only when the original user-visible problem is fixed in the live cluster. Verify[0m
         [39mthe relevant Kubernetes resources and application behavior with commands before declaring success; pod [0m      
         [39mRunning/Ready status alone is not sufficient unless the original problem is only pod startup.[0m                
         [39m- After every step, check whether the original problem is fixed in the live cluster. If you changed [0m         
         [39mmanifests, images, or cluster configuration, apply the change and verify the live resource state reflects it [0m
         [39mbefore declaring success.[0m                                                                                    
         [39m- If you believe you have met the goal, declare that you have solved the user's issue, and end that statement[0m
         [39mwith this token: <|SOLVED|>.[0m                                                                                 
         [39m- If the steps do not solve the issue, or if you need more information, declare that you cannot solve the [0m   
         [39missue, and end that statement with this token: <|FAILED|>.[0m                                                   
         [39m- Do not use live feed flags when checking the logs such as [0m[32m'kubectl logs -f'[0m                                
         [39m- Do not use commands like vim or vi[0m                                                                         
         [39m- Do not use commands that open up editors like [0m[32m'kubectl edit'[0m                                               
         [39m- Use markdown to format your answers.[0m                                                                       
                                                                                                                      
         [39m## Guidelines[0m                                                                                                
         [39mIf a command invocation is successful but gives no stdout nor stderr, then that is because that invocation [0m  
         [39mresulted in no output to stdout or stderr.[0m                                                                   
         [39mIf a command contains a placeholder name surrounded in angle brackets such as <pod_name>, for example, then [0m 
         [39m**do not** run that command as-is. First run a `kubectl get` command to find a real name to replace the [0m     
         [39mplaceholder name, then run the suggested command with the replaced name of the resource. For example, if you [0m
         [39msee `kubectl logs <pod_name[0m[1m>[0m -n example_namespace`, first run `kubectl get pods -n example_namespace` and use
         the name of the first pod you see.                                                                           
         Do not use live feed flags when checking the logs such as [32m'kubectl logs -f'[0m                                  
         If you do not conclude on an answer or a code then try again please.                                         
         Do not use commands like vim or vi                                                                           
         Do not use commands that open up editors like [32m'kubectl edit'[0m                                                 
[32mDEBUG   [0m ============== user ==============                                                                           
[32mDEBUG   [0m Perform the actions suggested here:                                                                          
         [1;36m1[0m. Fix the app to listen on all interfaces [1m([0m[1;92m0.0.0.0[0m[1m)[0m instead of localhost.                                   
         ```bash                                                                                                      
         sed -i [32m's/[0m[32m([0m[32m"localhost",/[0m[32m([0m[32m"0.0.0.0",/'[0m                                                                        
         [35m/home/adibam/KubeLLM/debug_assistant_latest/troubleshooting/wrong_interface/[0m[95mserver.py[0m                        
         ```                                                                                                          
                                                                                                                      
         [1;36m2[0m. Build the Docker image and load it into your local cluster. This single command tries minikube first, then
         kind, otherwise falls back to a local docker build [1m([0madjust strategy if you use a remote registry[1m)[0m.           
         ```bash                                                                                                      
         sh -c [32m'[0m[32mWORKDIR[0m[32m=/home/adibam/KubeLLM/debug_assistant_latest/troubleshooting/wrong_interface; if minikube [0m     
         [32mstatus >/dev/null 2>&1; then [0m[32mPROFILE[0m[32m=$[0m[32m{[0m[32mMINIKUBE_PROFILE:-$[0m[32m([0m[32mkubectl config current-context[0m[32m)[0m[32m}[0m[32m; minikube -p [0m    
         [32m"$PROFILE" image build -t kube-wrong-interface-app:latest -f "$WORKDIR/Dockerfile" "$WORKDIR"; elif command [0m 
         [32m-v kind >/dev/null 2>&1 && [0m[32m[[0m[32m -n "$[0m[32m([0m[32mkind get clusters 2>/dev/null[0m[32m)[0m[32m" [0m[32m][0m[32m; then docker build -t [0m                  
         [32mkube-wrong-interface-app:latest -f "$WORKDIR/Dockerfile" "$WORKDIR" && kind load docker-image [0m               
         [32mkube-wrong-interface-app:latest --name "$[0m[32m{[0m[32mKIND_CLUSTER:-kind[0m[32m}[0m[32m"; else docker build -t [0m                        
         [32mkube-wrong-interface-app:latest -f "$WORKDIR/Dockerfile" "$WORKDIR"; fi'[0m                                     
         ```                                                                                                          
                                                                                                                      
         [1;36m3[0m. Replace the running Pod [1m([0mso the node uses the rebuilt image[1m)[0m and [1m([0mre[1m)[0mapply the Service manifest.          
         ```bash                                                                                                      
         kubectl delete pod kube-wrong-interface --ignore-not-found && kubectl apply -f                               
         [35m/home/adibam/KubeLLM/debug_assistant_latest/troubleshooting/wrong_interface/[0m[95mwrong_interface.yaml[0m && kubectl  
         apply -f [35m/home/adibam/KubeLLM/debug_assistant_latest/troubleshooting/wrong_interface/[0m[95mapp_service.yaml[0m        
         ```                                                                                                          
                                                                                                                      
         [1;36m4[0m. Wait for the Pod to become Ready and verify the application responds on the container port [1m([0mchecks HTTP   
         from inside the pod[1m)[0m.                                                                                        
         ```bash                                                                                                      
         kubectl wait --[33mfor[0m=[35mcondition[0m=Ready pod/kube-wrong-interface --[33mtimeout[0m=[35m60s[0m && kubectl exec                    
         kube-wrong-interface -- python3 -c [32m"import urllib.request; [0m                                                  
         [32mprint[0m[32m([0m[32murllib.request.urlopen[0m[32m([0m[32m'http://127.0.0.1:8765/'[0m[32m)[0m[32m.getcode[0m[32m([0m[32m)[0m[32m)[0m[32m"[0m                                           
         ```                                                                                                          
                                                                                                                      
         [1;36m5[0m. Verify the Service routes traffic to the Pod [1m([0mcluster-internal service DNS[1m)[0m.                              
         ```bash                                                                                                      
         kubectl exec kube-wrong-interface -- python3 -c [32m"import urllib.request; [0m                                     
         [32mprint[0m[32m([0m[32murllib.request.urlopen[0m[32m([0m[32m'http://app-service:8000/'[0m[32m)[0m[32m.getcode[0m[32m([0m[32m)[0m[32m)[0m[32m"[0m                                         
         ```                                                                                                          
                                                                                                                      
         If any step fails, paste the failing command's output and I will guide the next corrective action.           
                                                                                                                      
         The relevant configuration file is located in this path:                                                     
         [35m/home/adibam/KubeLLM/debug_assistant_latest/troubleshooting/wrong_interface/[0m[95mwrong_interface.yaml[0m             
         You can update these files if necessary. If any files are updated, make sure to delete and reapply the       
         configuration file.                                                                                          
         Do not use live feed flags when checking the logs such as [32m'kubectl logs -f'[0m                                  
         ### Tool Usage Rules                                                                                         
         - Do not attempt many commands in one tool call.                                                             
         - Never repeat a tool call that has already been executed successfully in this run.                          
         - If you need the result of a previous tool call, use the provided output rather than re-invoking it.        
         - Keep the tool call as simple as possible to avoid errors.                                                  
         - Do not run long-lived or background commands such as `kubectl port-forward`, `Start-Process`, or `kubectl  
         logs -f`; prefer single-shot commands that exit on their own.                                                
         - Do not use `kubectl port-forward`, background verification, `kubectl logs -f`, or `kubectl get -w`.        
         - For reachability checks, use the access path defined by the scenario: if a Service exists, verify via      
         Service/endpoints/service-routed access; if no Service exists, use bounded direct checks such as `kubectl    
         exec` with an in-container one-shot HTTP request.                                                            
         - Prefer one-shot application checks such as `kubectl exec [1m<[0m[1;95mpod[0m[39m> -- python3 -c [0m[32m"import urllib.request; [0m      
         [32mprint[0m[32m([0m[32murllib.request.urlopen[0m[32m([0m[32m'http://127.0.0.1:<port[0m[32m>[0m[32m/'[0m[32m)[0m[32m.getcode[0m[32m([0m[32m)[0m[32m)[0m[32m"[0m` when Python is available in the        
         container.                                                                                                   
                                                                                                                      
[32mDEBUG   [0m ============== assistant ==============                                                                      
[32mDEBUG   [0m I'll start by examining the current state of the files and cluster.                                          
[32mDEBUG   [0m Tool Calls: [1m[[0m                                                                                                
           [1m{[0m                                                                                                          
             [32m"type"[0m: [32m"function"[0m,                                                                                      
             [32m"function"[0m: [1m{[0m                                                                                            
               [32m"name"[0m: [32m"run_shell_command"[0m,                                                                           
               [32m"arguments"[0m: [32m"[0m[32m{[0m[32m\"command\": \"cat [0m                                                                     
         [32m/home/adibam/KubeLLM/debug_assistant_latest/troubleshooting/wrong_interface/server.py\"[0m[32m}[0m[32m"[0m                    
             [1m}[0m                                                                                                        
           [1m}[0m,                                                                                                         
           [1m{[0m                                                                                                          
             [32m"type"[0m: [32m"function"[0m,                                                                                      
             [32m"function"[0m: [1m{[0m                                                                                            
               [32m"name"[0m: [32m"run_shell_command"[0m,                                                                           
               [32m"arguments"[0m: [32m"[0m[32m{[0m[32m\"command\": \"cat [0m                                                                     
         [32m/home/adibam/KubeLLM/debug_assistant_latest/troubleshooting/wrong_interface/wrong_interface.yaml [0m            
         [32m/home/adibam/KubeLLM/debug_assistant_latest/troubleshooting/wrong_interface/app_service.yaml [0m                
         [32m/home/adibam/KubeLLM/debug_assistant_latest/troubleshooting/wrong_interface/Dockerfile\"[0m[32m}[0m[32m"[0m                   
             [1m}[0m                                                                                                        
           [1m}[0m                                                                                                          
         [1m][0m                                                                                                            
[32mDEBUG   [0m ============== tool ==============                                                                           
[32mDEBUG   [0m import http.server                                                                                           
         import socketserver                                                                                          
                                                                                                                      
         Handler = http.server.SimpleHTTPRequestHandler                                                               
                                                                                                                      
         with [1;35msocketserver.TCPServer[0m[1m([0m[1m([0m[32m"localhost"[0m, [1;36m8765[0m[1m)[0m, Handler[1m)[0m as httpd:                                          
             [1;35mprint[0m[1m([0m[32m'Serving on port 8765'[0m[1m)[0m                                                                            
             [1;35mhttpd.serve_forever[0m[1m([0m[1m)[0m                                                                                    
                                                                                                                      
[32mDEBUG   [0m ============== tool ==============                                                                           
[32mDEBUG   [0m apiVersion: v1                                                                                               
         kind: Pod                                                                                                    
         metadata:                                                                                                    
           name: kube-wrong-interface                                                                                 
           labels:                                                                                                    
             app: kube-wrong-interface                                                                                
         spec:                                                                                                        
           containers:                                                                                                
           - name: kube-wrong-interface                                                                               
             image: kube-wrong-interface-app:latest                                                                   
             imagePullPolicy: Never                                                                                   
             ports:                                                                                                   
             - containerPort: [1;36m8765[0m                                                                                    
         apiVersion: v1                                                                                               
         kind: Service                                                                                                
         metadata:                                                                                                    
           name: app-service                                                                                          
         spec:                                                                                                        
           selector:                                                                                                  
             app: kube-wrong-interface                                                                                
           ports:                                                                                                     
             - protocol: TCP                                                                                          
               port: [1;36m8000[0m                                                                                             
               targetPort: [1;36m8765[0m                                                                                       
           type: NodePort                                                                                             
         FROM ubuntu:[1;36m20.04[0m                                                                                            
                                                                                                                      
         RUN apt-get update && \                                                                                      
             apt-get install -y \                                                                                     
                 python3 \                                                                                            
                 python3-pip \                                                                                        
                 python3-venv                                                                                         
                                                                                                                      
         WORKDIR [35m/[0m[95mapp[0m                                                                                                 
                                                                                                                      
         COPY server.py [35m/[0m[95mapp[0m                                                                                          
                                                                                                                      
         EXPOSE [1;36m8765[0m                                                                                                  
                                                                                                                      
         CMD [1m[[0m[32m"python3"[0m, [32m"server.py"[0m[1m][0m                                                                                 
                                                                                                                      
[32mDEBUG   [0m ============== assistant ==============                                                                      
[32mDEBUG   [0m Tool Calls: [1m[[0m                                                                                                
           [1m{[0m                                                                                                          
             [32m"type"[0m: [32m"function"[0m,                                                                                      
             [32m"function"[0m: [1m{[0m                                                                                            
               [32m"name"[0m: [32m"run_shell_command"[0m,                                                                           
               [32m"arguments"[0m: [32m"[0m[32m{[0m[32m\"command\": \"sed -i 's/[0m[32m([0m[32m\\\"localhost\\\",/[0m[32m([0m[32m\\\"0.0.0.0\\\",/' [0m                       
         [32m/home/adibam/KubeLLM/debug_assistant_latest/troubleshooting/wrong_interface/server.py && grep -n 'TCPServer' [0m
         [32m/home/adibam/KubeLLM/debug_assistant_latest/troubleshooting/wrong_interface/server.py\"[0m[32m}[0m[32m"[0m                    
             [1m}[0m                                                                                                        
           [1m}[0m,                                                                                                         
           [1m{[0m                                                                                                          
             [32m"type"[0m: [32m"function"[0m,                                                                                      
             [32m"function"[0m: [1m{[0m                                                                                            
               [32m"name"[0m: [32m"run_shell_command"[0m,                                                                           
               [32m"arguments"[0m: [32m"[0m[32m{[0m[32m\"command\": \"ls [0m                                                                      
         [32m/home/adibam/KubeLLM/debug_assistant_latest/troubleshooting/wrong_interface/; which minikube kind docker [0m    
         [32m2>&1; kubectl config current-context\"[0m[32m}[0m[32m"[0m                                                                     
             [1m}[0m                                                                                                        
           [1m}[0m                                                                                                          
         [1m][0m                                                                                                            
[32mDEBUG   [0m ============== tool ==============                                                                           
[32mDEBUG   [0m [1;36m6[0m:with [1;35msocketserver.TCPServer[0m[1m([0m[1m([0m[32m"0.0.0.0"[0m, [1;36m8765[0m[1m)[0m, Handler[1m)[0m as httpd:                                          
                                                                                                                      
[32mDEBUG   [0m ============== tool ==============                                                                           
[32mDEBUG   [0m app_service.yaml                                                                                             
         config_step.json                                                                                             
         Dockerfile                                                                                                   
         readme.txt                                                                                                   
         server.py                                                                                                    
         wrong_interface.yaml                                                                                         
         [35m/usr/local/bin/[0m[95mminikube[0m                                                                                      
         [35m/usr/bin/[0m[95mdocker[0m                                                                                              
         minikube                                                                                                     
                                                                                                                      
[32mDEBUG   [0m ============== assistant ==============                                                                      
[32mDEBUG   [0m Tool Calls: [1m[[0m                                                                                                
           [1m{[0m                                                                                                          
             [32m"type"[0m: [32m"function"[0m,                                                                                      
             [32m"function"[0m: [1m{[0m                                                                                            
               [32m"name"[0m: [32m"run_shell_command"[0m,                                                                           
               [32m"arguments"[0m: [32m"[0m[32m{[0m[32m\"command\": \"minikube status; echo ---; kubectl config current-context\"[0m[32m}[0m[32m"[0m            
             [1m}[0m                                                                                                        
           [1m}[0m                                                                                                          
         [1m][0m                                                                                                            
[32mDEBUG   [0m ============== tool ==============                                                                           
[32mDEBUG   [0m minikube                                                                                                     
         type: Control Plane                                                                                          
         host: Running                                                                                                
         kubelet: Running                                                                                             
         apiserver: Running                                                                                           
         kubeconfig: Configured                                                                                       
                                                                                                                      
         ---                                                                                                          
         minikube                                                                                                     
                                                                                                                      
[32mDEBUG   [0m ============== assistant ==============                                                                      
[32mDEBUG   [0m Tool Calls: [1m[[0m                                                                                                
           [1m{[0m                                                                                                          
             [32m"type"[0m: [32m"function"[0m,                                                                                      
             [32m"function"[0m: [1m{[0m                                                                                            
               [32m"name"[0m: [32m"run_shell_command"[0m,                                                                           
               [32m"arguments"[0m: [32m"[0m[32m{[0m[32m\"command\": [0m                                                                           
         [32m\"[0m[32mWORKDIR[0m[32m=/home/adibam/KubeLLM/debug_assistant_latest/troubleshooting/wrong_interface; minikube -p minikube [0m 
         [32mimage build -t kube-wrong-interface-app:latest -f \\\"$WORKDIR/Dockerfile\\\" \\\"$WORKDIR\\\" 2>&1 | tail [0m  
         [32m-20\"[0m[32m}[0m[32m"[0m                                                                                                      
             [1m}[0m                                                                                                        
           [1m}[0m                                                                                                          
         [1m][0m                                                                                                            
[32mDEBUG   [0m ============== tool ==============                                                                           
[32mDEBUG   [0m ERROR: resolve : lstat [35m/home/[0m[95madibam[0m: no such file or directory                                               
                                                                                                                      
[32mDEBUG   [0m ============== assistant ==============                                                                      
[32mDEBUG   [0m Tool Calls: [1m[[0m                                                                                                
           [1m{[0m                                                                                                          
             [32m"type"[0m: [32m"function"[0m,                                                                                      
             [32m"function"[0m: [1m{[0m                                                                                            
               [32m"name"[0m: [32m"run_shell_command"[0m,                                                                           
               [32m"arguments"[0m: [32m"[0m[32m{[0m[32m\"command\": \"minikube image build -t kube-wrong-interface-app:latest -f [0m              
         [32m/home/adibam/KubeLLM/debug_assistant_latest/troubleshooting/wrong_interface/Dockerfile [0m                      
         [32m/home/adibam/KubeLLM/debug_assistant_latest/troubleshooting/wrong_interface 2>&1 | head -30\"[0m[32m}[0m[32m"[0m              
             [1m}[0m                                                                                                        
           [1m}[0m                                                                                                          
         [1m][0m                                                                                                            
[32mDEBUG   [0m ============== tool ==============                                                                           
[32mDEBUG   [0m ERROR: resolve : lstat [35m/home/[0m[95madibam[0m: no such file or directory                                               
                                                                                                                      
[32mDEBUG   [0m ============== assistant ==============                                                                      
[32mDEBUG   [0m Tool Calls: [1m[[0m                                                                                                
           [1m{[0m                                                                                                          
             [32m"type"[0m: [32m"function"[0m,                                                                                      
             [32m"function"[0m: [1m{[0m                                                                                            
               [32m"name"[0m: [32m"run_shell_command"[0m,                                                                           
               [32m"arguments"[0m: [32m"[0m[32m{[0m[32m\"command\": \"ls -la [0m                                                                  
         [32m/home/adibam/KubeLLM/debug_assistant_latest/troubleshooting/wrong_interface/\"[0m[32m}[0m[32m"[0m                             
             [1m}[0m                                                                                                        
           [1m}[0m,                                                                                                         
           [1m{[0m                                                                                                          
             [32m"type"[0m: [32m"function"[0m,                                                                                      
             [32m"function"[0m: [1m{[0m                                                                                            
               [32m"name"[0m: [32m"run_shell_command"[0m,                                                                           
               [32m"arguments"[0m: [32m"[0m[32m{[0m[32m\"command\": \"minikube image build -t kube-wrong-interface-app:latest -f [0m              
         [32m/home/adibam/KubeLLM/debug_assistant_latest/troubleshooting/wrong_interface/Dockerfile [0m                      
         [32m/home/adibam/KubeLLM/debug_assistant_latest/troubleshooting/wrong_interface\"[0m[32m}[0m[32m"[0m                              
             [1m}[0m                                                                                                        
           [1m}[0m                                                                                                          
         [1m][0m                                                                                                            
[32mDEBUG   [0m ============== tool ==============                                                                           
[32mDEBUG   [0m total [1;36m36[0m                                                                                                     
         drwxrwxr-x  [1;36m2[0m adibam adibam [1;36m4096[0m Aug [1;36m26[0m [1;92m23:15[0m .                                                              
         drwxrwxr-x [1;36m31[0m adibam adibam [1;36m4096[0m Aug [1;36m26[0m [1;92m23:13[0m ..                                                             
         -rw-rw-r--  [1;36m1[0m adibam adibam  [1;36m193[0m Jul [1;36m21[0m [1;92m21:29[0m app_service.yaml                                               
         -rw-rw-r--  [1;36m1[0m adibam adibam [1;36m6196[0m Jul [1;36m21[0m [1;92m21:29[0m config_step.json                                               
         -rw-rw-r--  [1;36m1[0m adibam adibam  [1;36m207[0m Jul [1;36m21[0m [1;92m21:29[0m Dockerfile                                                     
         -rw-rw-r--  [1;36m1[0m adibam adibam [1;36m1712[0m Jul [1;36m21[0m [1;92m21:29[0m readme.txt                                                     
         -rw-rw-r--  [1;36m1[0m adibam adibam  [1;36m214[0m Aug [1;36m26[0m [1;92m23:15[0m server.py                                                      
         -rw-rw-r--  [1;36m1[0m adibam adibam  [1;36m262[0m Jul [1;36m21[0m [1;92m21:29[0m wrong_interface.yaml                                           
                                                                                                                      
[32mDEBUG   [0m ============== tool ==============                                                                           
[32mDEBUG   [0m ============== assistant ==============                                                                      
[32mDEBUG   [0m Tool Calls: [1m[[0m                                                                                                
           [1m{[0m                                                                                                          
             [32m"type"[0m: [32m"function"[0m,                                                                                      
             [32m"function"[0m: [1m{[0m                                                                                            
               [32m"name"[0m: [32m"run_shell_command"[0m,                                                                           
               [32m"arguments"[0m: [32m"[0m[32m{[0m[32m\"command\": \"cd [0m                                                                      
         [32m/home/adibam/KubeLLM/debug_assistant_latest/troubleshooting/wrong_interface && minikube image build -t [0m      
         [32mkube-wrong-interface-app:latest -f ./Dockerfile . 2>&1 | tail -40\"[0m[32m}[0m[32m"[0m                                        
             [1m}[0m                                                                                                        
           [1m}[0m                                                                                                          
         [1m][0m                                                                                                            
[32mDEBUG   [0m ============== tool ==============                                                                           
[32mDEBUG   [0m #[1;36m0[0m building with [32m"default"[0m instance using docker driver                                                      
                                                                                                                      
         #[1;36m1[0m [1m[[0minternal[1m][0m load build definition from Dockerfile                                                          
         #[1;36m1[0m transferring dockerfile: 246B done                                                                        
         #[1;36m1[0m DONE [1;36m0.[0m0s                                                                                                 
                                                                                                                      
         #[1;36m2[0m [1m[[0minternal[1m][0m load metadata for docker.io/library/ubuntu:[1;36m20.04[0m                                               
         #[1;36m2[0m DONE [1;36m0.[0m2s                                                                                                 
                                                                                                                      
         #[1;36m3[0m [1m[[0minternal[1m][0m load .dockerignore                                                                             
         #[1;36m3[0m transferring context: 2B done                                                                             
         #[1;36m3[0m DONE [1;36m0.[0m0s                                                                                                 
                                                                                                                      
         #[1;36m4[0m [1m[[0m[1;36m1[0m/[1;36m4[0m[1m][0m FROM                                                                                                
         docker.io/library/ubuntu:[1;36m20.04[0m@sh[1;92ma256:8feb[0m4d8ca5354def3d8fce243717141ce31e2c428701f6682bd2fafe15388214       
         #[1;36m4[0m DONE [1;36m0.[0m0s                                                                                                 
                                                                                                                      
         #[1;36m5[0m [1m[[0minternal[1m][0m load build context                                                                             
         #[1;36m5[0m transferring context: 252B done                                                                           
         #[1;36m5[0m DONE [1;36m0.[0m0s                                                                                                 
                                                                                                                      
         #[1;36m6[0m [1m[[0m[1;36m2[0m/[1;36m4[0m[1m][0m RUN apt-get update &&     apt-get install -y         python3         python3-pip                    
         python3-venv                                                                                                 
         #[1;36m6[0m CACHED                                                                                                    
                                                                                                                      
         #[1;36m7[0m [1m[[0m[1;36m3[0m/[1;36m4[0m[1m][0m WORKDIR [35m/[0m[95mapp[0m                                                                                        
         #[1;36m7[0m CACHED                                                                                                    
                                                                                                                      
         #[1;36m8[0m [1m[[0m[1;36m4[0m/[1;36m4[0m[1m][0m COPY server.py [35m/[0m[95mapp[0m                                                                                 
         #[1;36m8[0m CACHED                                                                                                    
                                                                                                                      
         #[1;36m9[0m exporting to image                                                                                        
         #[1;36m9[0m exporting layers done                                                                                     
         #[1;36m9[0m writing image sh[1;92ma256:42cd[0m0883ef0a4dd71bd506b2d454d65a2206f490233351f7fb485974c9613aab done                
         #[1;36m9[0m naming to docker.io/library/kube-wrong-interface-app:latest done                                          
         #[1;36m9[0m DONE [1;36m0.[0m0s                                                                                                 
                                                                                                                      
[32mDEBUG   [0m ============== assistant ==============                                                                      
[32mDEBUG   [0m The COPY step shows CACHED, which is suspicious since I modified server.py. Let me verify the image content  
         actually contains the [1;92m0.0.0.0[0m change.                                                                        
[32mDEBUG   [0m Tool Calls: [1m[[0m                                                                                                
           [1m{[0m                                                                                                          
             [32m"type"[0m: [32m"function"[0m,                                                                                      
             [32m"function"[0m: [1m{[0m                                                                                            
               [32m"name"[0m: [32m"run_shell_command"[0m,                                                                           
               [32m"arguments"[0m: [32m"[0m[32m{[0m[32m\"command\": \"docker run --rm kube-wrong-interface-app:latest grep -n TCPServer [0m       
         [32m/app/server.py\"[0m[32m}[0m[32m"[0m                                                                                           
             [1m}[0m                                                                                                        
           [1m}[0m                                                                                                          
         [1m][0m                                                                                                            
[32mDEBUG   [0m ============== tool ==============                                                                           
[32mDEBUG   [0m Error: Unable to find image [32m'kube-wrong-interface-app:latest'[0m locally                                        
         docker: Error response from daemon: pull access denied for kube-wrong-interface-app, repository does not     
         exist or may require [32m'docker login'[0m: denied: requested access to the resource is denied.                     
         See [32m'docker run --help'[0m.                                                                                     
[32mDEBUG   [0m ============== assistant ==============                                                                      
[32mDEBUG   [0m The image was built in minikube's context, not host's docker daemon. Let me verify via minikube.             
[32mDEBUG   [0m Tool Calls: [1m[[0m                                                                                                
           [1m{[0m                                                                                                          
             [32m"type"[0m: [32m"function"[0m,                                                                                      
             [32m"function"[0m: [1m{[0m                                                                                            
               [32m"name"[0m: [32m"run_shell_command"[0m,                                                                           
               [32m"arguments"[0m: [32m"[0m[32m{[0m[32m\"command\": \"minikube ssh -- docker run --rm --entrypoint \\\"grep\\\" [0m               
         [32mkube-wrong-interface-app:latest \\\"0.0.0.0\\\" /app/server.py\"[0m[32m}[0m[32m"[0m                                           
             [1m}[0m                                                                                                        
           [1m}[0m                                                                                                          
         [1m][0m                                                                                                            
[32mDEBUG   [0m ============== tool ==============                                                                           
[32mDEBUG   [0m with [1;35msocketserver.TCPServer[0m[1m([0m[1m([0m[32m"0.0.0.0"[0m, [1;36m8765[0m[1m)[0m, Handler[1m)[0m as httpd:                                            
                                                                                                                      
[32mDEBUG   [0m ============== assistant ==============                                                                      
[32mDEBUG   [0m The image inside minikube has the [1;92m0.0.0.0[0m fix. Now let me delete the pod and re-apply the manifests.         
[32mDEBUG   [0m Tool Calls: [1m[[0m                                                                                                
           [1m{[0m                                                                                                          
             [32m"type"[0m: [32m"function"[0m,                                                                                      
             [32m"function"[0m: [1m{[0m                                                                                            
               [32m"name"[0m: [32m"run_shell_command"[0m,                                                                           
               [32m"arguments"[0m: [32m"[0m[32m{[0m[32m\"command\": \"kubectl delete pod kube-wrong-interface --ignore-not-found && kubectl [0m   
         [32mapply -f /home/adibam/KubeLLM/debug_assistant_latest/troubleshooting/wrong_interface/wrong_interface.yaml && [0m
         [32mkubectl apply -f [0m                                                                                            
         [32m/home/adibam/KubeLLM/debug_assistant_latest/troubleshooting/wrong_interface/app_service.yaml\"[0m[32m}[0m[32m"[0m             
             [1m}[0m                                                                                                        
           [1m}[0m                                                                                                          
         [1m][0m                                                                                                            
[32mDEBUG   [0m ============== tool ==============                                                                           
[32mDEBUG   [0m pod [32m"kube-wrong-interface"[0m deleted from default namespace                                                    
         pod/kube-wrong-interface created                                                                             
         service/app-service unchanged                                                                                
                                                                                                                      
[32mDEBUG   [0m ============== assistant ==============                                                                      
[32mDEBUG   [0m Tool Calls: [1m[[0m                                                                                                
           [1m{[0m                                                                                                          
             [32m"type"[0m: [32m"function"[0m,                                                                                      
             [32m"function"[0m: [1m{[0m                                                                                            
               [32m"name"[0m: [32m"run_shell_command"[0m,                                                                           
               [32m"arguments"[0m: [32m"[0m[32m{[0m[32m\"command\": \"kubectl wait --[0m[32mfor[0m[32m=[0m[32mcondition[0m[32m=Ready pod/kube-wrong-interface --[0m[32mtimeout[0m[32m=[0m[32m60s[0m
         [32m&& kubectl exec kube-wrong-interface -- python3 -c \\\"import urllib.request; [0m                               
         [32mprint[0m[32m([0m[32murllib.request.urlopen[0m[32m([0m[32m'http://127.0.0.1:8765/'[0m[32m)[0m[32m.getcode[0m[32m([0m[32m)[0m[32m)[0m[32m\\\"\"[0m[32m}[0m[32m"[0m                                    
             [1m}[0m                                                                                                        
           [1m}[0m                                                                                                          
         [1m][0m                                                                                                            
[32mDEBUG   [0m **************** METRICS START ****************                                                              
[32mDEBUG   [0m * Time to generate response:   [1;36m16.[0m4775s                                                                      
[32mDEBUG   [0m * Tokens per second:           [1;36m6.6758[0m tokens/s                                                               
[32mDEBUG   [0m * Input tokens:                [1;36m3176[0m                                                                          
[32mDEBUG   [0m * Output tokens:               [1;36m110[0m                                                                           
[32mDEBUG   [0m * Total tokens:                [1;36m3286[0m                                                                          
[32mDEBUG   [0m **************** METRICS END ******************                                                              
[32mDEBUG   [0m Getting function run_shell_command                                                                           
[32mDEBUG   [0m Running: [1;35mrun_shell_command[0m[1m([0m[33mcommand[0m=[33m...[0m[1m)[0m                                                                      
[34mINFO    [0m Running shell command: kubectl wait --[33mfor[0m=[35mcondition[0m=Ready pod/kube-wrong-interface --[33mtimeout[0m=[35m60s[0m && kubectl  
         exec kube-wrong-interface -- python3 -c [32m"import urllib.request; [0m                                             
         [32mprint[0m[32m([0m[32murllib.request.urlopen[0m[32m([0m[32m'http://127.0.0.1:8765/'[0m[32m)[0m[32m.getcode[0m[32m([0m[32m)[0m[32m)[0m[32m"[0m                                           
[32mDEBUG   [0m Return code: [1;36m0[0m                                                                                               
[32mDEBUG   [0m ---------- Ollama Response Start ----------                                                                  
[32mDEBUG   [0m ============== system ==============                                                                         
[32mDEBUG   [0m ## Instructions                                                                                              
         - If all and only all commands fail to execute, declare that there was an error in trying to solve the issue,
         and end that statement with this token: [1m<[0m[1;95m|ERROR|[0m[39m>.[0m                                                           
         [39m- You have solved this issue only when the original user-visible problem is fixed in the live cluster. Verify[0m
         [39mthe relevant Kubernetes resources and application behavior with commands before declaring success; pod [0m      
         [39mRunning/Ready status alone is not sufficient unless the original problem is only pod startup.[0m                
         [39m- After every step, check whether the original problem is fixed in the live cluster. If you changed [0m         
         [39mmanifests, images, or cluster configuration, apply the change and verify the live resource state reflects it [0m
         [39mbefore declaring success.[0m                                                                                    
         [39m- If you believe you have met the goal, declare that you have solved the user's issue, and end that statement[0m
         [39mwith this token: <|SOLVED|>.[0m                                                                                 
         [39m- If the steps do not solve the issue, or if you need more information, declare that you cannot solve the [0m   
         [39missue, and end that statement with this token: <|FAILED|>.[0m                                                   
         [39m- Do not use live feed flags when checking the logs such as [0m[32m'kubectl logs -f'[0m                                
         [39m- Do not use commands like vim or vi[0m                                                                         
         [39m- Do not use commands that open up editors like [0m[32m'kubectl edit'[0m                                               
         [39m- Use markdown to format your answers.[0m                                                                       
                                                                                                                      
         [39m## Guidelines[0m                                                                                                
         [39mIf a command invocation is successful but gives no stdout nor stderr, then that is because that invocation [0m  
         [39mresulted in no output to stdout or stderr.[0m                                                                   
         [39mIf a command contains a placeholder name surrounded in angle brackets such as <pod_name>, for example, then [0m 
         [39m**do not** run that command as-is. First run a `kubectl get` command to find a real name to replace the [0m     
         [39mplaceholder name, then run the suggested command with the replaced name of the resource. For example, if you [0m
         [39msee `kubectl logs <pod_name[0m[1m>[0m -n example_namespace`, first run `kubectl get pods -n example_namespace` and use
         the name of the first pod you see.                                                                           
         Do not use live feed flags when checking the logs such as [32m'kubectl logs -f'[0m                                  
         If you do not conclude on an answer or a code then try again please.                                         
         Do not use commands like vim or vi                                                                           
         Do not use commands that open up editors like [32m'kubectl edit'[0m                                                 
[32mDEBUG   [0m ============== user ==============                                                                           
[32mDEBUG   [0m Perform the actions suggested here:                                                                          
         [1;36m1[0m. Fix the app to listen on all interfaces [1m([0m[1;92m0.0.0.0[0m[1m)[0m instead of localhost.                                   
         ```bash                                                                                                      
         sed -i [32m's/[0m[32m([0m[32m"localhost",/[0m[32m([0m[32m"0.0.0.0",/'[0m                                                                        
         [35m/home/adibam/KubeLLM/debug_assistant_latest/troubleshooting/wrong_interface/[0m[95mserver.py[0m                        
         ```                                                                                                          
                                                                                                                      
         [1;36m2[0m. Build the Docker image and load it into your local cluster. This single command tries minikube first, then
         kind, otherwise falls back to a local docker build [1m([0madjust strategy if you use a remote registry[1m)[0m.           
         ```bash                                                                                                      
         sh -c [32m'[0m[32mWORKDIR[0m[32m=/home/adibam/KubeLLM/debug_assistant_latest/troubleshooting/wrong_interface; if minikube [0m     
         [32mstatus >/dev/null 2>&1; then [0m[32mPROFILE[0m[32m=$[0m[32m{[0m[32mMINIKUBE_PROFILE:-$[0m[32m([0m[32mkubectl config current-context[0m[32m)[0m[32m}[0m[32m; minikube -p [0m    
         [32m"$PROFILE" image build -t kube-wrong-interface-app:latest -f "$WORKDIR/Dockerfile" "$WORKDIR"; elif command [0m 
         [32m-v kind >/dev/null 2>&1 && [0m[32m[[0m[32m -n "$[0m[32m([0m[32mkind get clusters 2>/dev/null[0m[32m)[0m[32m" [0m[32m][0m[32m; then docker build -t [0m                  
         [32mkube-wrong-interface-app:latest -f "$WORKDIR/Dockerfile" "$WORKDIR" && kind load docker-image [0m               
         [32mkube-wrong-interface-app:latest --name "$[0m[32m{[0m[32mKIND_CLUSTER:-kind[0m[32m}[0m[32m"; else docker build -t [0m                        
         [32mkube-wrong-interface-app:latest -f "$WORKDIR/Dockerfile" "$WORKDIR"; fi'[0m                                     
         ```                                                                                                          
                                                                                                                      
         [1;36m3[0m. Replace the running Pod [1m([0mso the node uses the rebuilt image[1m)[0m and [1m([0mre[1m)[0mapply the Service manifest.          
         ```bash                                                                                                      
         kubectl delete pod kube-wrong-interface --ignore-not-found && kubectl apply -f                               
         [35m/home/adibam/KubeLLM/debug_assistant_latest/troubleshooting/wrong_interface/[0m[95mwrong_interface.yaml[0m && kubectl  
         apply -f [35m/home/adibam/KubeLLM/debug_assistant_latest/troubleshooting/wrong_interface/[0m[95mapp_service.yaml[0m        
         ```                                                                                                          
                                                                                                                      
         [1;36m4[0m. Wait for the Pod to become Ready and verify the application responds on the container port [1m([0mchecks HTTP   
         from inside the pod[1m)[0m.                                                                                        
         ```bash                                                                                                      
         kubectl wait --[33mfor[0m=[35mcondition[0m=Ready pod/kube-wrong-interface --[33mtimeout[0m=[35m60s[0m && kubectl exec                    
         kube-wrong-interface -- python3 -c [32m"import urllib.request; [0m                                                  
         [32mprint[0m[32m([0m[32murllib.request.urlopen[0m[32m([0m[32m'http://127.0.0.1:8765/'[0m[32m)[0m[32m.getcode[0m[32m([0m[32m)[0m[32m)[0m[32m"[0m                                           
         ```                                                                                                          
                                                                                                                      
         [1;36m5[0m. Verify the Service routes traffic to the Pod [1m([0mcluster-internal service DNS[1m)[0m.                              
         ```bash                                                                                                      
         kubectl exec kube-wrong-interface -- python3 -c [32m"import urllib.request; [0m                                     
         [32mprint[0m[32m([0m[32murllib.request.urlopen[0m[32m([0m[32m'http://app-service:8000/'[0m[32m)[0m[32m.getcode[0m[32m([0m[32m)[0m[32m)[0m[32m"[0m                                         
         ```                                                                                                          
                                                                                                                      
         If any step fails, paste the failing command's output and I will guide the next corrective action.           
                                                                                                                      
         The relevant configuration file is located in this path:                                                     
         [35m/home/adibam/KubeLLM/debug_assistant_latest/troubleshooting/wrong_interface/[0m[95mwrong_interface.yaml[0m             
         You can update these files if necessary. If any files are updated, make sure to delete and reapply the       
         configuration file.                                                                                          
         Do not use live feed flags when checking the logs such as [32m'kubectl logs -f'[0m                                  
         ### Tool Usage Rules                                                                                         
         - Do not attempt many commands in one tool call.                                                             
         - Never repeat a tool call that has already been executed successfully in this run.                          
         - If you need the result of a previous tool call, use the provided output rather than re-invoking it.        
         - Keep the tool call as simple as possible to avoid errors.                                                  
         - Do not run long-lived or background commands such as `kubectl port-forward`, `Start-Process`, or `kubectl  
         logs -f`; prefer single-shot commands that exit on their own.                                                
         - Do not use `kubectl port-forward`, background verification, `kubectl logs -f`, or `kubectl get -w`.        
         - For reachability checks, use the access path defined by the scenario: if a Service exists, verify via      
         Service/endpoints/service-routed access; if no Service exists, use bounded direct checks such as `kubectl    
         exec` with an in-container one-shot HTTP request.                                                            
         - Prefer one-shot application checks such as `kubectl exec [1m<[0m[1;95mpod[0m[39m> -- python3 -c [0m[32m"import urllib.request; [0m      
         [32mprint[0m[32m([0m[32murllib.request.urlopen[0m[32m([0m[32m'http://127.0.0.1:<port[0m[32m>[0m[32m/'[0m[32m)[0m[32m.getcode[0m[32m([0m[32m)[0m[32m)[0m[32m"[0m` when Python is available in the        
         container.                                                                                                   
                                                                                                                      
[32mDEBUG   [0m ============== assistant ==============                                                                      
[32mDEBUG   [0m I'll start by examining the current state of the files and cluster.                                          
[32mDEBUG   [0m Tool Calls: [1m[[0m                                                                                                
           [1m{[0m                                                                                                          
             [32m"type"[0m: [32m"function"[0m,                                                                                      
             [32m"function"[0m: [1m{[0m                                                                                            
               [32m"name"[0m: [32m"run_shell_command"[0m,                                                                           
               [32m"arguments"[0m: [32m"[0m[32m{[0m[32m\"command\": \"cat [0m                                                                     
         [32m/home/adibam/KubeLLM/debug_assistant_latest/troubleshooting/wrong_interface/server.py\"[0m[32m}[0m[32m"[0m                    
             [1m}[0m                                                                                                        
           [1m}[0m,                                                                                                         
           [1m{[0m                                                                                                          
             [32m"type"[0m: [32m"function"[0m,                                                                                      
             [32m"function"[0m: [1m{[0m                                                                                            
               [32m"name"[0m: [32m"run_shell_command"[0m,                                                                           
               [32m"arguments"[0m: [32m"[0m[32m{[0m[32m\"command\": \"cat [0m                                                                     
         [32m/home/adibam/KubeLLM/debug_assistant_latest/troubleshooting/wrong_interface/wrong_interface.yaml [0m            
         [32m/home/adibam/KubeLLM/debug_assistant_latest/troubleshooting/wrong_interface/app_service.yaml [0m                
         [32m/home/adibam/KubeLLM/debug_assistant_latest/troubleshooting/wrong_interface/Dockerfile\"[0m[32m}[0m[32m"[0m                   
             [1m}[0m                                                                                                        
           [1m}[0m                                                                                                          
         [1m][0m                                                                                                            
[32mDEBUG   [0m ============== tool ==============                                                                           
[32mDEBUG   [0m import http.server                                                                                           
         import socketserver                                                                                          
                                                                                                                      
         Handler = http.server.SimpleHTTPRequestHandler                                                               
                                                                                                                      
         with [1;35msocketserver.TCPServer[0m[1m([0m[1m([0m[32m"localhost"[0m, [1;36m8765[0m[1m)[0m, Handler[1m)[0m as httpd:                                          
             [1;35mprint[0m[1m([0m[32m'Serving on port 8765'[0m[1m)[0m                                                                            
             [1;35mhttpd.serve_forever[0m[1m([0m[1m)[0m                                                                                    
                                                                                                                      
[32mDEBUG   [0m ============== tool ==============                                                                           
[32mDEBUG   [0m apiVersion: v1                                                                                               
         kind: Pod                                                                                                    
         metadata:                                                                                                    
           name: kube-wrong-interface                                                                                 
           labels:                                                                                                    
             app: kube-wrong-interface                                                                                
         spec:                                                                                                        
           containers:                                                                                                
           - name: kube-wrong-interface                                                                               
             image: kube-wrong-interface-app:latest                                                                   
             imagePullPolicy: Never                                                                                   
             ports:                                                                                                   
             - containerPort: [1;36m8765[0m                                                                                    
         apiVersion: v1                                                                                               
         kind: Service                                                                                                
         metadata:                                                                                                    
           name: app-service                                                                                          
         spec:                                                                                                        
           selector:                                                                                                  
             app: kube-wrong-interface                                                                                
           ports:                                                                                                     
             - protocol: TCP                                                                                          
               port: [1;36m8000[0m                                                                                             
               targetPort: [1;36m8765[0m                                                                                       
           type: NodePort                                                                                             
         FROM ubuntu:[1;36m20.04[0m                                                                                            
                                                                                                                      
         RUN apt-get update && \                                                                                      
             apt-get install -y \                                                                                     
                 python3 \                                                                                            
                 python3-pip \                                                                                        
                 python3-venv                                                                                         
                                                                                                                      
         WORKDIR [35m/[0m[95mapp[0m                                                                                                 
                                                                                                                      
         COPY server.py [35m/[0m[95mapp[0m                                                                                          
                                                                                                                      
         EXPOSE [1;36m8765[0m                                                                                                  
                                                                                                                      
         CMD [1m[[0m[32m"python3"[0m, [32m"server.py"[0m[1m][0m                                                                                 
                                                                                                                      
[32mDEBUG   [0m ============== assistant ==============                                                                      
[32mDEBUG   [0m Tool Calls: [1m[[0m                                                                                                
           [1m{[0m                                                                                                          
             [32m"type"[0m: [32m"function"[0m,                                                                                      
             [32m"function"[0m: [1m{[0m                                                                                            
               [32m"name"[0m: [32m"run_shell_command"[0m,                                                                           
               [32m"arguments"[0m: [32m"[0m[32m{[0m[32m\"command\": \"sed -i 's/[0m[32m([0m[32m\\\"localhost\\\",/[0m[32m([0m[32m\\\"0.0.0.0\\\",/' [0m                       
         [32m/home/adibam/KubeLLM/debug_assistant_latest/troubleshooting/wrong_interface/server.py && grep -n 'TCPServer' [0m
         [32m/home/adibam/KubeLLM/debug_assistant_latest/troubleshooting/wrong_interface/server.py\"[0m[32m}[0m[32m"[0m                    
             [1m}[0m                                                                                                        
           [1m}[0m,                                                                                                         
           [1m{[0m                                                                                                          
             [32m"type"[0m: [32m"function"[0m,                                                                                      
             [32m"function"[0m: [1m{[0m                                                                                            
               [32m"name"[0m: [32m"run_shell_command"[0m,                                                                           
               [32m"arguments"[0m: [32m"[0m[32m{[0m[32m\"command\": \"ls [0m                                                                      
         [32m/home/adibam/KubeLLM/debug_assistant_latest/troubleshooting/wrong_interface/; which minikube kind docker [0m    
         [32m2>&1; kubectl config current-context\"[0m[32m}[0m[32m"[0m                                                                     
             [1m}[0m                                                                                                        
           [1m}[0m                                                                                                          
         [1m][0m                                                                                                            
[32mDEBUG   [0m ============== tool ==============                                                                           
[32mDEBUG   [0m [1;36m6[0m:with [1;35msocketserver.TCPServer[0m[1m([0m[1m([0m[32m"0.0.0.0"[0m, [1;36m8765[0m[1m)[0m, Handler[1m)[0m as httpd:                                          
                                                                                                                      
[32mDEBUG   [0m ============== tool ==============                                                                           
[32mDEBUG   [0m app_service.yaml                                                                                             
         config_step.json                                                                                             
         Dockerfile                                                                                                   
         readme.txt                                                                                                   
         server.py                                                                                                    
         wrong_interface.yaml                                                                                         
         [35m/usr/local/bin/[0m[95mminikube[0m                                                                                      
         [35m/usr/bin/[0m[95mdocker[0m                                                                                              
         minikube                                                                                                     
                                                                                                                      
[32mDEBUG   [0m ============== assistant ==============                                                                      
[32mDEBUG   [0m Tool Calls: [1m[[0m                                                                                                
           [1m{[0m                                                                                                          
             [32m"type"[0m: [32m"function"[0m,                                                                                      
             [32m"function"[0m: [1m{[0m                                                                                            
               [32m"name"[0m: [32m"run_shell_command"[0m,                                                                           
               [32m"arguments"[0m: [32m"[0m[32m{[0m[32m\"command\": \"minikube status; echo ---; kubectl config current-context\"[0m[32m}[0m[32m"[0m            
             [1m}[0m                                                                                                        
           [1m}[0m                                                                                                          
         [1m][0m                                                                                                            
[32mDEBUG   [0m ============== tool ==============                                                                           
[32mDEBUG   [0m minikube                                                                                                     
         type: Control Plane                                                                                          
         host: Running                                                                                                
         kubelet: Running                                                                                             
         apiserver: Running                                                                                           
         kubeconfig: Configured                                                                                       
                                                                                                                      
         ---                                                                                                          
         minikube                                                                                                     
                                                                                                                      
[32mDEBUG   [0m ============== assistant ==============                                                                      
[32mDEBUG   [0m Tool Calls: [1m[[0m                                                                                                
           [1m{[0m                                                                                                          
             [32m"type"[0m: [32m"function"[0m,                                                                                      
             [32m"function"[0m: [1m{[0m                                                                                            
               [32m"name"[0m: [32m"run_shell_command"[0m,                                                                           
               [32m"arguments"[0m: [32m"[0m[32m{[0m[32m\"command\": [0m                                                                           
         [32m\"[0m[32mWORKDIR[0m[32m=/home/adibam/KubeLLM/debug_assistant_latest/troubleshooting/wrong_interface; minikube -p minikube [0m 
         [32mimage build -t kube-wrong-interface-app:latest -f \\\"$WORKDIR/Dockerfile\\\" \\\"$WORKDIR\\\" 2>&1 | tail [0m  
         [32m-20\"[0m[32m}[0m[32m"[0m                                                                                                      
             [1m}[0m                                                                                                        
           [1m}[0m                                                                                                          
         [1m][0m                                                                                                            
[32mDEBUG   [0m ============== tool ==============                                                                           
[32mDEBUG   [0m ERROR: resolve : lstat [35m/home/[0m[95madibam[0m: no such file or directory                                               
                                                                                                                      
[32mDEBUG   [0m ============== assistant ==============                                                                      
[32mDEBUG   [0m Tool Calls: [1m[[0m                                                                                                
           [1m{[0m                                                                                                          
             [32m"type"[0m: [32m"function"[0m,                                                                                      
             [32m"function"[0m: [1m{[0m                                                                                            
               [32m"name"[0m: [32m"run_shell_command"[0m,                                                                           
               [32m"arguments"[0m: [32m"[0m[32m{[0m[32m\"command\": \"minikube image build -t kube-wrong-interface-app:latest -f [0m              
         [32m/home/adibam/KubeLLM/debug_assistant_latest/troubleshooting/wrong_interface/Dockerfile [0m                      
         [32m/home/adibam/KubeLLM/debug_assistant_latest/troubleshooting/wrong_interface 2>&1 | head -30\"[0m[32m}[0m[32m"[0m              
             [1m}[0m                                                                                                        
           [1m}[0m                                                                                                          
         [1m][0m                                                                                                            
[32mDEBUG   [0m ============== tool ==============                                                                           
[32mDEBUG   [0m ERROR: resolve : lstat [35m/home/[0m[95madibam[0m: no such file or directory                                               
                                                                                                                      
[32mDEBUG   [0m ============== assistant ==============                                                                      
[32mDEBUG   [0m Tool Calls: [1m[[0m                                                                                                
           [1m{[0m                                                                                                          
             [32m"type"[0m: [32m"function"[0m,                                                                                      
             [32m"function"[0m: [1m{[0m                                                                                            
               [32m"name"[0m: [32m"run_shell_command"[0m,                                                                           
               [32m"arguments"[0m: [32m"[0m[32m{[0m[32m\"command\": \"ls -la [0m                                                                  
         [32m/home/adibam/KubeLLM/debug_assistant_latest/troubleshooting/wrong_interface/\"[0m[32m}[0m[32m"[0m                             
             [1m}[0m                                                                                                        
           [1m}[0m,                                                                                                         
           [1m{[0m                                                                                                          
             [32m"type"[0m: [32m"function"[0m,                                                                                      
             [32m"function"[0m: [1m{[0m                                                                                            
               [32m"name"[0m: [32m"run_shell_command"[0m,                                                                           
               [32m"arguments"[0m: [32m"[0m[32m{[0m[32m\"command\": \"minikube image build -t kube-wrong-interface-app:latest -f [0m              
         [32m/home/adibam/KubeLLM/debug_assistant_latest/troubleshooting/wrong_interface/Dockerfile [0m                      
         [32m/home/adibam/KubeLLM/debug_assistant_latest/troubleshooting/wrong_interface\"[0m[32m}[0m[32m"[0m                              
             [1m}[0m                                                                                                        
           [1m}[0m                                                                                                          
         [1m][0m                                                                                                            
[32mDEBUG   [0m ============== tool ==============                                                                           
[32mDEBUG   [0m total [1;36m36[0m                                                                                                     
         drwxrwxr-x  [1;36m2[0m adibam adibam [1;36m4096[0m Aug [1;36m26[0m [1;92m23:15[0m .                                                              
         drwxrwxr-x [1;36m31[0m adibam adibam [1;36m4096[0m Aug [1;36m26[0m [1;92m23:13[0m ..                                                             
         -rw-rw-r--  [1;36m1[0m adibam adibam  [1;36m193[0m Jul [1;36m21[0m [1;92m21:29[0m app_service.yaml                                               
         -rw-rw-r--  [1;36m1[0m adibam adibam [1;36m6196[0m Jul [1;36m21[0m [1;92m21:29[0m config_step.json                                               
         -rw-rw-r--  [1;36m1[0m adibam adibam  [1;36m207[0m Jul [1;36m21[0m [1;92m21:29[0m Dockerfile                                                     
         -rw-rw-r--  [1;36m1[0m adibam adibam [1;36m1712[0m Jul [1;36m21[0m [1;92m21:29[0m readme.txt                                                     
         -rw-rw-r--  [1;36m1[0m adibam adibam  [1;36m214[0m Aug [1;36m26[0m [1;92m23:15[0m server.py                                                      
         -rw-rw-r--  [1;36m1[0m adibam adibam  [1;36m262[0m Jul [1;36m21[0m [1;92m21:29[0m wrong_interface.yaml                                           
                                                                                                                      
[32mDEBUG   [0m ============== tool ==============                                                                           
[32mDEBUG   [0m ============== assistant ==============                                                                      
[32mDEBUG   [0m Tool Calls: [1m[[0m                                                                                                
           [1m{[0m                                                                                                          
             [32m"type"[0m: [32m"function"[0m,                                                                                      
             [32m"function"[0m: [1m{[0m                                                                                            
               [32m"name"[0m: [32m"run_shell_command"[0m,                                                                           
               [32m"arguments"[0m: [32m"[0m[32m{[0m[32m\"command\": \"cd [0m                                                                      
         [32m/home/adibam/KubeLLM/debug_assistant_latest/troubleshooting/wrong_interface && minikube image build -t [0m      
         [32mkube-wrong-interface-app:latest -f ./Dockerfile . 2>&1 | tail -40\"[0m[32m}[0m[32m"[0m                                        
             [1m}[0m                                                                                                        
           [1m}[0m                                                                                                          
         [1m][0m                                                                                                            
[32mDEBUG   [0m ============== tool ==============                                                                           
[32mDEBUG   [0m #[1;36m0[0m building with [32m"default"[0m instance using docker driver                                                      
                                                                                                                      
         #[1;36m1[0m [1m[[0minternal[1m][0m load build definition from Dockerfile                                                          
         #[1;36m1[0m transferring dockerfile: 246B done                                                                        
         #[1;36m1[0m DONE [1;36m0.[0m0s                                                                                                 
                                                                                                                      
         #[1;36m2[0m [1m[[0minternal[1m][0m load metadata for docker.io/library/ubuntu:[1;36m20.04[0m                                               
         #[1;36m2[0m DONE [1;36m0.[0m2s                                                                                                 
                                                                                                                      
         #[1;36m3[0m [1m[[0minternal[1m][0m load .dockerignore                                                                             
         #[1;36m3[0m transferring context: 2B done                                                                             
         #[1;36m3[0m DONE [1;36m0.[0m0s                                                                                                 
                                                                                                                      
         #[1;36m4[0m [1m[[0m[1;36m1[0m/[1;36m4[0m[1m][0m FROM                                                                                                
         docker.io/library/ubuntu:[1;36m20.04[0m@sh[1;92ma256:8feb[0m4d8ca5354def3d8fce243717141ce31e2c428701f6682bd2fafe15388214       
         #[1;36m4[0m DONE [1;36m0.[0m0s                                                                                                 
                                                                                                                      
         #[1;36m5[0m [1m[[0minternal[1m][0m load build context                                                                             
         #[1;36m5[0m transferring context: 252B done                                                                           
         #[1;36m5[0m DONE [1;36m0.[0m0s                                                                                                 
                                                                                                                      
         #[1;36m6[0m [1m[[0m[1;36m2[0m/[1;36m4[0m[1m][0m RUN apt-get update &&     apt-get install -y         python3         python3-pip                    
         python3-venv                                                                                                 
         #[1;36m6[0m CACHED                                                                                                    
                                                                                                                      
         #[1;36m7[0m [1m[[0m[1;36m3[0m/[1;36m4[0m[1m][0m WORKDIR [35m/[0m[95mapp[0m                                                                                        
         #[1;36m7[0m CACHED                                                                                                    
                                                                                                                      
         #[1;36m8[0m [1m[[0m[1;36m4[0m/[1;36m4[0m[1m][0m COPY server.py [35m/[0m[95mapp[0m                                                                                 
         #[1;36m8[0m CACHED                                                                                                    
                                                                                                                      
         #[1;36m9[0m exporting to image                                                                                        
         #[1;36m9[0m exporting layers done                                                                                     
         #[1;36m9[0m writing image sh[1;92ma256:42cd[0m0883ef0a4dd71bd506b2d454d65a2206f490233351f7fb485974c9613aab done                
         #[1;36m9[0m naming to docker.io/library/kube-wrong-interface-app:latest done                                          
         #[1;36m9[0m DONE [1;36m0.[0m0s                                                                                                 
                                                                                                                      
[32mDEBUG   [0m ============== assistant ==============                                                                      
[32mDEBUG   [0m The COPY step shows CACHED, which is suspicious since I modified server.py. Let me verify the image content  
         actually contains the [1;92m0.0.0.0[0m change.                                                                        
[32mDEBUG   [0m Tool Calls: [1m[[0m                                                                                                
           [1m{[0m                                                                                                          
             [32m"type"[0m: [32m"function"[0m,                                                                                      
             [32m"function"[0m: [1m{[0m                                                                                            
               [32m"name"[0m: [32m"run_shell_command"[0m,                                                                           
               [32m"arguments"[0m: [32m"[0m[32m{[0m[32m\"command\": \"docker run --rm kube-wrong-interface-app:latest grep -n TCPServer [0m       
         [32m/app/server.py\"[0m[32m}[0m[32m"[0m                                                                                           
             [1m}[0m                                                                                                        
           [1m}[0m                                                                                                          
         [1m][0m                                                                                                            
[32mDEBUG   [0m ============== tool ==============                                                                           
[32mDEBUG   [0m Error: Unable to find image [32m'kube-wrong-interface-app:latest'[0m locally                                        
         docker: Error response from daemon: pull access denied for kube-wrong-interface-app, repository does not     
         exist or may require [32m'docker login'[0m: denied: requested access to the resource is denied.                     
         See [32m'docker run --help'[0m.                                                                                     
[32mDEBUG   [0m ============== assistant ==============                                                                      
[32mDEBUG   [0m The image was built in minikube's context, not host's docker daemon. Let me verify via minikube.             
[32mDEBUG   [0m Tool Calls: [1m[[0m                                                                                                
           [1m{[0m                                                                                                          
             [32m"type"[0m: [32m"function"[0m,                                                                                      
             [32m"function"[0m: [1m{[0m                                                                                            
               [32m"name"[0m: [32m"run_shell_command"[0m,                                                                           
               [32m"arguments"[0m: [32m"[0m[32m{[0m[32m\"command\": \"minikube ssh -- docker run --rm --entrypoint \\\"grep\\\" [0m               
         [32mkube-wrong-interface-app:latest \\\"0.0.0.0\\\" /app/server.py\"[0m[32m}[0m[32m"[0m                                           
             [1m}[0m                                                                                                        
           [1m}[0m                                                                                                          
         [1m][0m                                                                                                            
[32mDEBUG   [0m ============== tool ==============                                                                           
[32mDEBUG   [0m with [1;35msocketserver.TCPServer[0m[1m([0m[1m([0m[32m"0.0.0.0"[0m, [1;36m8765[0m[1m)[0m, Handler[1m)[0m as httpd:                                            
                                                                                                                      
[32mDEBUG   [0m ============== assistant ==============                                                                      
[32mDEBUG   [0m The image inside minikube has the [1;92m0.0.0.0[0m fix. Now let me delete the pod and re-apply the manifests.         
[32mDEBUG   [0m Tool Calls: [1m[[0m                                                                                                
           [1m{[0m                                                                                                          
             [32m"type"[0m: [32m"function"[0m,                                                                                      
             [32m"function"[0m: [1m{[0m                                                                                            
               [32m"name"[0m: [32m"run_shell_command"[0m,                                                                           
               [32m"arguments"[0m: [32m"[0m[32m{[0m[32m\"command\": \"kubectl delete pod kube-wrong-interface --ignore-not-found && kubectl [0m   
         [32mapply -f /home/adibam/KubeLLM/debug_assistant_latest/troubleshooting/wrong_interface/wrong_interface.yaml && [0m
         [32mkubectl apply -f [0m                                                                                            
         [32m/home/adibam/KubeLLM/debug_assistant_latest/troubleshooting/wrong_interface/app_service.yaml\"[0m[32m}[0m[32m"[0m             
             [1m}[0m                                                                                                        
           [1m}[0m                                                                                                          
         [1m][0m                                                                                                            
[32mDEBUG   [0m ============== tool ==============                                                                           
[32mDEBUG   [0m pod [32m"kube-wrong-interface"[0m deleted from default namespace                                                    
         pod/kube-wrong-interface created                                                                             
         service/app-service unchanged                                                                                
                                                                                                                      
[32mDEBUG   [0m ============== assistant ==============                                                                      
[32mDEBUG   [0m Tool Calls: [1m[[0m                                                                                                
           [1m{[0m                                                                                                          
             [32m"type"[0m: [32m"function"[0m,                                                                                      
             [32m"function"[0m: [1m{[0m                                                                                            
               [32m"name"[0m: [32m"run_shell_command"[0m,                                                                           
               [32m"arguments"[0m: [32m"[0m[32m{[0m[32m\"command\": \"kubectl wait --[0m[32mfor[0m[32m=[0m[32mcondition[0m[32m=Ready pod/kube-wrong-interface --[0m[32mtimeout[0m[32m=[0m[32m60s[0m
         [32m&& kubectl exec kube-wrong-interface -- python3 -c \\\"import urllib.request; [0m                               
         [32mprint[0m[32m([0m[32murllib.request.urlopen[0m[32m([0m[32m'http://127.0.0.1:8765/'[0m[32m)[0m[32m.getcode[0m[32m([0m[32m)[0m[32m)[0m[32m\\\"\"[0m[32m}[0m[32m"[0m                                    
             [1m}[0m                                                                                                        
           [1m}[0m                                                                                                          
         [1m][0m                                                                                                            
[32mDEBUG   [0m ============== tool ==============                                                                           
[32mDEBUG   [0m pod/kube-wrong-interface condition met                                                                       
         [1;36m200[0m                                                                                                          
                                                                                                                      
[32mDEBUG   [0m ============== assistant ==============                                                                      
[32mDEBUG   [0m Pod is Ready and the app responds with HTTP [1;36m200[0m on port [1;36m8765[0m. Now verify via the Service.                    
[32mDEBUG   [0m Tool Calls: [1m[[0m                                                                                                
           [1m{[0m                                                                                                          
             [32m"type"[0m: [32m"function"[0m,                                                                                      
             [32m"function"[0m: [1m{[0m                                                                                            
               [32m"name"[0m: [32m"run_shell_command"[0m,                                                                           
               [32m"arguments"[0m: [32m"[0m[32m{[0m[32m\"command\": \"kubectl exec kube-wrong-interface -- python3 -c \\\"import [0m              
         [32murllib.request; print[0m[32m([0m[32murllib.request.urlopen[0m[32m([0m[32m'http://app-service:8000/'[0m[32m)[0m[32m.getcode[0m[32m([0m[32m)[0m[32m)[0m[32m\\\"\"[0m[32m}[0m[32m"[0m                  
             [1m}[0m                                                                                                        
           [1m}[0m                                                                                                          
         [1m][0m                                                                                                            
[32mDEBUG   [0m **************** METRICS START ****************                                                              
[32mDEBUG   [0m * Time to generate response:   [1;36m16.[0m4468s                                                                      
[32mDEBUG   [0m * Tokens per second:           [1;36m8.2691[0m tokens/s                                                               
[32mDEBUG   [0m * Input tokens:                [1;36m3206[0m                                                                          
[32mDEBUG   [0m * Output tokens:               [1;36m136[0m                                                                           
[32mDEBUG   [0m * Total tokens:                [1;36m3342[0m                                                                          
[32mDEBUG   [0m **************** METRICS END ******************                                                              
[32mDEBUG   [0m Getting function run_shell_command                                                                           
[32mDEBUG   [0m Running: [1;35mrun_shell_command[0m[1m([0m[33mcommand[0m=[33m...[0m[1m)[0m                                                                      
[34mINFO    [0m Running shell command: kubectl exec kube-wrong-interface -- python3 -c [32m"import urllib.request; [0m              
         [32mprint[0m[32m([0m[32murllib.request.urlopen[0m[32m([0m[32m'http://app-service:8000/'[0m[32m)[0m[32m.getcode[0m[32m([0m[32m)[0m[32m)[0m[32m"[0m                                         
[32mDEBUG   [0m Return code: [1;36m0[0m                                                                                               
[32mDEBUG   [0m ---------- Ollama Response Start ----------                                                                  
[32mDEBUG   [0m ============== system ==============                                                                         
[32mDEBUG   [0m ## Instructions                                                                                              
         - If all and only all commands fail to execute, declare that there was an error in trying to solve the issue,
         and end that statement with this token: [1m<[0m[1;95m|ERROR|[0m[39m>.[0m                                                           
         [39m- You have solved this issue only when the original user-visible problem is fixed in the live cluster. Verify[0m
         [39mthe relevant Kubernetes resources and application behavior with commands before declaring success; pod [0m      
         [39mRunning/Ready status alone is not sufficient unless the original problem is only pod startup.[0m                
         [39m- After every step, check whether the original problem is fixed in the live cluster. If you changed [0m         
         [39mmanifests, images, or cluster configuration, apply the change and verify the live resource state reflects it [0m
         [39mbefore declaring success.[0m                                                                                    
         [39m- If you believe you have met the goal, declare that you have solved the user's issue, and end that statement[0m
         [39mwith this token: <|SOLVED|>.[0m                                                                                 
         [39m- If the steps do not solve the issue, or if you need more information, declare that you cannot solve the [0m   
         [39missue, and end that statement with this token: <|FAILED|>.[0m                                                   
         [39m- Do not use live feed flags when checking the logs such as [0m[32m'kubectl logs -f'[0m                                
         [39m- Do not use commands like vim or vi[0m                                                                         
         [39m- Do not use commands that open up editors like [0m[32m'kubectl edit'[0m                                               
         [39m- Use markdown to format your answers.[0m                                                                       
                                                                                                                      
         [39m## Guidelines[0m                                                                                                
         [39mIf a command invocation is successful but gives no stdout nor stderr, then that is because that invocation [0m  
         [39mresulted in no output to stdout or stderr.[0m                                                                   
         [39mIf a command contains a placeholder name surrounded in angle brackets such as <pod_name>, for example, then [0m 
         [39m**do not** run that command as-is. First run a `kubectl get` command to find a real name to replace the [0m     
         [39mplaceholder name, then run the suggested command with the replaced name of the resource. For example, if you [0m
         [39msee `kubectl logs <pod_name[0m[1m>[0m -n example_namespace`, first run `kubectl get pods -n example_namespace` and use
         the name of the first pod you see.                                                                           
         Do not use live feed flags when checking the logs such as [32m'kubectl logs -f'[0m                                  
         If you do not conclude on an answer or a code then try again please.                                         
         Do not use commands like vim or vi                                                                           
         Do not use commands that open up editors like [32m'kubectl edit'[0m                                                 
[32mDEBUG   [0m ============== user ==============                                                                           
[32mDEBUG   [0m Perform the actions suggested here:                                                                          
         [1;36m1[0m. Fix the app to listen on all interfaces [1m([0m[1;92m0.0.0.0[0m[1m)[0m instead of localhost.                                   
         ```bash                                                                                                      
         sed -i [32m's/[0m[32m([0m[32m"localhost",/[0m[32m([0m[32m"0.0.0.0",/'[0m                                                                        
         [35m/home/adibam/KubeLLM/debug_assistant_latest/troubleshooting/wrong_interface/[0m[95mserver.py[0m                        
         ```                                                                                                          
                                                                                                                      
         [1;36m2[0m. Build the Docker image and load it into your local cluster. This single command tries minikube first, then
         kind, otherwise falls back to a local docker build [1m([0madjust strategy if you use a remote registry[1m)[0m.           
         ```bash                                                                                                      
         sh -c [32m'[0m[32mWORKDIR[0m[32m=/home/adibam/KubeLLM/debug_assistant_latest/troubleshooting/wrong_interface; if minikube [0m     
         [32mstatus >/dev/null 2>&1; then [0m[32mPROFILE[0m[32m=$[0m[32m{[0m[32mMINIKUBE_PROFILE:-$[0m[32m([0m[32mkubectl config current-context[0m[32m)[0m[32m}[0m[32m; minikube -p [0m    
         [32m"$PROFILE" image build -t kube-wrong-interface-app:latest -f "$WORKDIR/Dockerfile" "$WORKDIR"; elif command [0m 
         [32m-v kind >/dev/null 2>&1 && [0m[32m[[0m[32m -n "$[0m[32m([0m[32mkind get clusters 2>/dev/null[0m[32m)[0m[32m" [0m[32m][0m[32m; then docker build -t [0m                  
         [32mkube-wrong-interface-app:latest -f "$WORKDIR/Dockerfile" "$WORKDIR" && kind load docker-image [0m               
         [32mkube-wrong-interface-app:latest --name "$[0m[32m{[0m[32mKIND_CLUSTER:-kind[0m[32m}[0m[32m"; else docker build -t [0m                        
         [32mkube-wrong-interface-app:latest -f "$WORKDIR/Dockerfile" "$WORKDIR"; fi'[0m                                     
         ```                                                                                                          
                                                                                                                      
         [1;36m3[0m. Replace the running Pod [1m([0mso the node uses the rebuilt image[1m)[0m and [1m([0mre[1m)[0mapply the Service manifest.          
         ```bash                                                                                                      
         kubectl delete pod kube-wrong-interface --ignore-not-found && kubectl apply -f                               
         [35m/home/adibam/KubeLLM/debug_assistant_latest/troubleshooting/wrong_interface/[0m[95mwrong_interface.yaml[0m && kubectl  
         apply -f [35m/home/adibam/KubeLLM/debug_assistant_latest/troubleshooting/wrong_interface/[0m[95mapp_service.yaml[0m        
         ```                                                                                                          
                                                                                                                      
         [1;36m4[0m. Wait for the Pod to become Ready and verify the application responds on the container port [1m([0mchecks HTTP   
         from inside the pod[1m)[0m.                                                                                        
         ```bash                                                                                                      
         kubectl wait --[33mfor[0m=[35mcondition[0m=Ready pod/kube-wrong-interface --[33mtimeout[0m=[35m60s[0m && kubectl exec                    
         kube-wrong-interface -- python3 -c [32m"import urllib.request; [0m                                                  
         [32mprint[0m[32m([0m[32murllib.request.urlopen[0m[32m([0m[32m'http://127.0.0.1:8765/'[0m[32m)[0m[32m.getcode[0m[32m([0m[32m)[0m[32m)[0m[32m"[0m                                           
         ```                                                                                                          
                                                                                                                      
         [1;36m5[0m. Verify the Service routes traffic to the Pod [1m([0mcluster-internal service DNS[1m)[0m.                              
         ```bash                                                                                                      
         kubectl exec kube-wrong-interface -- python3 -c [32m"import urllib.request; [0m                                     
         [32mprint[0m[32m([0m[32murllib.request.urlopen[0m[32m([0m[32m'http://app-service:8000/'[0m[32m)[0m[32m.getcode[0m[32m([0m[32m)[0m[32m)[0m[32m"[0m                                         
         ```                                                                                                          
                                                                                                                      
         If any step fails, paste the failing command's output and I will guide the next corrective action.           
                                                                                                                      
         The relevant configuration file is located in this path:                                                     
         [35m/home/adibam/KubeLLM/debug_assistant_latest/troubleshooting/wrong_interface/[0m[95mwrong_interface.yaml[0m             
         You can update these files if necessary. If any files are updated, make sure to delete and reapply the       
         configuration file.                                                                                          
         Do not use live feed flags when checking the logs such as [32m'kubectl logs -f'[0m                                  
         ### Tool Usage Rules                                                                                         
         - Do not attempt many commands in one tool call.                                                             
         - Never repeat a tool call that has already been executed successfully in this run.                          
         - If you need the result of a previous tool call, use the provided output rather than re-invoking it.        
         - Keep the tool call as simple as possible to avoid errors.                                                  
         - Do not run long-lived or background commands such as `kubectl port-forward`, `Start-Process`, or `kubectl  
         logs -f`; prefer single-shot commands that exit on their own.                                                
         - Do not use `kubectl port-forward`, background verification, `kubectl logs -f`, or `kubectl get -w`.        
         - For reachability checks, use the access path defined by the scenario: if a Service exists, verify via      
         Service/endpoints/service-routed access; if no Service exists, use bounded direct checks such as `kubectl    
         exec` with an in-container one-shot HTTP request.                                                            
         - Prefer one-shot application checks such as `kubectl exec [1m<[0m[1;95mpod[0m[39m> -- python3 -c [0m[32m"import urllib.request; [0m      
         [32mprint[0m[32m([0m[32murllib.request.urlopen[0m[32m([0m[32m'http://127.0.0.1:<port[0m[32m>[0m[32m/'[0m[32m)[0m[32m.getcode[0m[32m([0m[32m)[0m[32m)[0m[32m"[0m` when Python is available in the        
         container.                                                                                                   
                                                                                                                      
[32mDEBUG   [0m ============== assistant ==============                                                                      
[32mDEBUG   [0m I'll start by examining the current state of the files and cluster.                                          
[32mDEBUG   [0m Tool Calls: [1m[[0m                                                                                                
           [1m{[0m                                                                                                          
             [32m"type"[0m: [32m"function"[0m,                                                                                      
             [32m"function"[0m: [1m{[0m                                                                                            
               [32m"name"[0m: [32m"run_shell_command"[0m,                                                                           
               [32m"arguments"[0m: [32m"[0m[32m{[0m[32m\"command\": \"cat [0m                                                                     
         [32m/home/adibam/KubeLLM/debug_assistant_latest/troubleshooting/wrong_interface/server.py\"[0m[32m}[0m[32m"[0m                    
             [1m}[0m                                                                                                        
           [1m}[0m,                                                                                                         
           [1m{[0m                                                                                                          
             [32m"type"[0m: [32m"function"[0m,                                                                                      
             [32m"function"[0m: [1m{[0m                                                                                            
               [32m"name"[0m: [32m"run_shell_command"[0m,                                                                           
               [32m"arguments"[0m: [32m"[0m[32m{[0m[32m\"command\": \"cat [0m                                                                     
         [32m/home/adibam/KubeLLM/debug_assistant_latest/troubleshooting/wrong_interface/wrong_interface.yaml [0m            
         [32m/home/adibam/KubeLLM/debug_assistant_latest/troubleshooting/wrong_interface/app_service.yaml [0m                
         [32m/home/adibam/KubeLLM/debug_assistant_latest/troubleshooting/wrong_interface/Dockerfile\"[0m[32m}[0m[32m"[0m                   
             [1m}[0m                                                                                                        
           [1m}[0m                                                                                                          
         [1m][0m                                                                                                            
[32mDEBUG   [0m ============== tool ==============                                                                           
[32mDEBUG   [0m import http.server                                                                                           
         import socketserver                                                                                          
                                                                                                                      
         Handler = http.server.SimpleHTTPRequestHandler                                                               
                                                                                                                      
         with [1;35msocketserver.TCPServer[0m[1m([0m[1m([0m[32m"localhost"[0m, [1;36m8765[0m[1m)[0m, Handler[1m)[0m as httpd:                                          
             [1;35mprint[0m[1m([0m[32m'Serving on port 8765'[0m[1m)[0m                                                                            
             [1;35mhttpd.serve_forever[0m[1m([0m[1m)[0m                                                                                    
                                                                                                                      
[32mDEBUG   [0m ============== tool ==============                                                                           
[32mDEBUG   [0m apiVersion: v1                                                                                               
         kind: Pod                                                                                                    
         metadata:                                                                                                    
           name: kube-wrong-interface                                                                                 
           labels:                                                                                                    
             app: kube-wrong-interface                                                                                
         spec:                                                                                                        
           containers:                                                                                                
           - name: kube-wrong-interface                                                                               
             image: kube-wrong-interface-app:latest                                                                   
             imagePullPolicy: Never                                                                                   
             ports:                                                                                                   
             - containerPort: [1;36m8765[0m                                                                                    
         apiVersion: v1                                                                                               
         kind: Service                                                                                                
         metadata:                                                                                                    
           name: app-service                                                                                          
         spec:                                                                                                        
           selector:                                                                                                  
             app: kube-wrong-interface                                                                                
           ports:                                                                                                     
             - protocol: TCP                                                                                          
               port: [1;36m8000[0m                                                                                             
               targetPort: [1;36m8765[0m                                                                                       
           type: NodePort                                                                                             
         FROM ubuntu:[1;36m20.04[0m                                                                                            
                                                                                                                      
         RUN apt-get update && \                                                                                      
             apt-get install -y \                                                                                     
                 python3 \                                                                                            
                 python3-pip \                                                                                        
                 python3-venv                                                                                         
                                                                                                                      
         WORKDIR [35m/[0m[95mapp[0m                                                                                                 
                                                                                                                      
         COPY server.py [35m/[0m[95mapp[0m                                                                                          
                                                                                                                      
         EXPOSE [1;36m8765[0m                                                                                                  
                                                                                                                      
         CMD [1m[[0m[32m"python3"[0m, [32m"server.py"[0m[1m][0m                                                                                 
                                                                                                                      
[32mDEBUG   [0m ============== assistant ==============                                                                      
[32mDEBUG   [0m Tool Calls: [1m[[0m                                                                                                
           [1m{[0m                                                                                                          
             [32m"type"[0m: [32m"function"[0m,                                                                                      
             [32m"function"[0m: [1m{[0m                                                                                            
               [32m"name"[0m: [32m"run_shell_command"[0m,                                                                           
               [32m"arguments"[0m: [32m"[0m[32m{[0m[32m\"command\": \"sed -i 's/[0m[32m([0m[32m\\\"localhost\\\",/[0m[32m([0m[32m\\\"0.0.0.0\\\",/' [0m                       
         [32m/home/adibam/KubeLLM/debug_assistant_latest/troubleshooting/wrong_interface/server.py && grep -n 'TCPServer' [0m
         [32m/home/adibam/KubeLLM/debug_assistant_latest/troubleshooting/wrong_interface/server.py\"[0m[32m}[0m[32m"[0m                    
             [1m}[0m                                                                                                        
           [1m}[0m,                                                                                                         
           [1m{[0m                                                                                                          
             [32m"type"[0m: [32m"function"[0m,                                                                                      
             [32m"function"[0m: [1m{[0m                                                                                            
               [32m"name"[0m: [32m"run_shell_command"[0m,                                                                           
               [32m"arguments"[0m: [32m"[0m[32m{[0m[32m\"command\": \"ls [0m                                                                      
         [32m/home/adibam/KubeLLM/debug_assistant_latest/troubleshooting/wrong_interface/; which minikube kind docker [0m    
         [32m2>&1; kubectl config current-context\"[0m[32m}[0m[32m"[0m                                                                     
             [1m}[0m                                                                                                        
           [1m}[0m                                                                                                          
         [1m][0m                                                                                                            
[32mDEBUG   [0m ============== tool ==============                                                                           
[32mDEBUG   [0m [1;36m6[0m:with [1;35msocketserver.TCPServer[0m[1m([0m[1m([0m[32m"0.0.0.0"[0m, [1;36m8765[0m[1m)[0m, Handler[1m)[0m as httpd:                                          
                                                                                                                      
[32mDEBUG   [0m ============== tool ==============                                                                           
[32mDEBUG   [0m app_service.yaml                                                                                             
         config_step.json                                                                                             
         Dockerfile                                                                                                   
         readme.txt                                                                                                   
         server.py                                                                                                    
         wrong_interface.yaml                                                                                         
         [35m/usr/local/bin/[0m[95mminikube[0m                                                                                      
         [35m/usr/bin/[0m[95mdocker[0m                                                                                              
         minikube                                                                                                     
                                                                                                                      
[32mDEBUG   [0m ============== assistant ==============                                                                      
[32mDEBUG   [0m Tool Calls: [1m[[0m                                                                                                
           [1m{[0m                                                                                                          
             [32m"type"[0m: [32m"function"[0m,                                                                                      
             [32m"function"[0m: [1m{[0m                                                                                            
               [32m"name"[0m: [32m"run_shell_command"[0m,                                                                           
               [32m"arguments"[0m: [32m"[0m[32m{[0m[32m\"command\": \"minikube status; echo ---; kubectl config current-context\"[0m[32m}[0m[32m"[0m            
             [1m}[0m                                                                                                        
           [1m}[0m                                                                                                          
         [1m][0m                                                                                                            
[32mDEBUG   [0m ============== tool ==============                                                                           
[32mDEBUG   [0m minikube                                                                                                     
         type: Control Plane                                                                                          
         host: Running                                                                                                
         kubelet: Running                                                                                             
         apiserver: Running                                                                                           
         kubeconfig: Configured                                                                                       
                                                                                                                      
         ---                                                                                                          
         minikube                                                                                                     
                                                                                                                      
[32mDEBUG   [0m ============== assistant ==============                                                                      
[32mDEBUG   [0m Tool Calls: [1m[[0m                                                                                                
           [1m{[0m                                                                                                          
             [32m"type"[0m: [32m"function"[0m,                                                                                      
             [32m"function"[0m: [1m{[0m                                                                                            
               [32m"name"[0m: [32m"run_shell_command"[0m,                                                                           
               [32m"arguments"[0m: [32m"[0m[32m{[0m[32m\"command\": [0m                                                                           
         [32m\"[0m[32mWORKDIR[0m[32m=/home/adibam/KubeLLM/debug_assistant_latest/troubleshooting/wrong_interface; minikube -p minikube [0m 
         [32mimage build -t kube-wrong-interface-app:latest -f \\\"$WORKDIR/Dockerfile\\\" \\\"$WORKDIR\\\" 2>&1 | tail [0m  
         [32m-20\"[0m[32m}[0m[32m"[0m                                                                                                      
             [1m}[0m                                                                                                        
           [1m}[0m                                                                                                          
         [1m][0m                                                                                                            
[32mDEBUG   [0m ============== tool ==============                                                                           
[32mDEBUG   [0m ERROR: resolve : lstat [35m/home/[0m[95madibam[0m: no such file or directory                                               
                                                                                                                      
[32mDEBUG   [0m ============== assistant ==============                                                                      
[32mDEBUG   [0m Tool Calls: [1m[[0m                                                                                                
           [1m{[0m                                                                                                          
             [32m"type"[0m: [32m"function"[0m,                                                                                      
             [32m"function"[0m: [1m{[0m                                                                                            
               [32m"name"[0m: [32m"run_shell_command"[0m,                                                                           
               [32m"arguments"[0m: [32m"[0m[32m{[0m[32m\"command\": \"minikube image build -t kube-wrong-interface-app:latest -f [0m              
         [32m/home/adibam/KubeLLM/debug_assistant_latest/troubleshooting/wrong_interface/Dockerfile [0m                      
         [32m/home/adibam/KubeLLM/debug_assistant_latest/troubleshooting/wrong_interface 2>&1 | head -30\"[0m[32m}[0m[32m"[0m              
             [1m}[0m                                                                                                        
           [1m}[0m                                                                                                          
         [1m][0m                                                                                                            
[32mDEBUG   [0m ============== tool ==============                                                                           
[32mDEBUG   [0m ERROR: resolve : lstat [35m/home/[0m[95madibam[0m: no such file or directory                                               
                                                                                                                      
[32mDEBUG   [0m ============== assistant ==============                                                                      
[32mDEBUG   [0m Tool Calls: [1m[[0m                                                                                                
           [1m{[0m                                                                                                          
             [32m"type"[0m: [32m"function"[0m,                                                                                      
             [32m"function"[0m: [1m{[0m                                                                                            
               [32m"name"[0m: [32m"run_shell_command"[0m,                                                                           
               [32m"arguments"[0m: [32m"[0m[32m{[0m[32m\"command\": \"ls -la [0m                                                                  
         [32m/home/adibam/KubeLLM/debug_assistant_latest/troubleshooting/wrong_interface/\"[0m[32m}[0m[32m"[0m                             
             [1m}[0m                                                                                                        
           [1m}[0m,                                                                                                         
           [1m{[0m                                                                                                          
             [32m"type"[0m: [32m"function"[0m,                                                                                      
             [32m"function"[0m: [1m{[0m                                                                                            
               [32m"name"[0m: [32m"run_shell_command"[0m,                                                                           
               [32m"arguments"[0m: [32m"[0m[32m{[0m[32m\"command\": \"minikube image build -t kube-wrong-interface-app:latest -f [0m              
         [32m/home/adibam/KubeLLM/debug_assistant_latest/troubleshooting/wrong_interface/Dockerfile [0m                      
         [32m/home/adibam/KubeLLM/debug_assistant_latest/troubleshooting/wrong_interface\"[0m[32m}[0m[32m"[0m                              
             [1m}[0m                                                                                                        
           [1m}[0m                                                                                                          
         [1m][0m                                                                                                            
[32mDEBUG   [0m ============== tool ==============                                                                           
[32mDEBUG   [0m total [1;36m36[0m                                                                                                     
         drwxrwxr-x  [1;36m2[0m adibam adibam [1;36m4096[0m Aug [1;36m26[0m [1;92m23:15[0m .                                                              
         drwxrwxr-x [1;36m31[0m adibam adibam [1;36m4096[0m Aug [1;36m26[0m [1;92m23:13[0m ..                                                             
         -rw-rw-r--  [1;36m1[0m adibam adibam  [1;36m193[0m Jul [1;36m21[0m [1;92m21:29[0m app_service.yaml                                               
         -rw-rw-r--  [1;36m1[0m adibam adibam [1;36m6196[0m Jul [1;36m21[0m [1;92m21:29[0m config_step.json                                               
         -rw-rw-r--  [1;36m1[0m adibam adibam  [1;36m207[0m Jul [1;36m21[0m [1;92m21:29[0m Dockerfile                                                     
         -rw-rw-r--  [1;36m1[0m adibam adibam [1;36m1712[0m Jul [1;36m21[0m [1;92m21:29[0m readme.txt                                                     
         -rw-rw-r--  [1;36m1[0m adibam adibam  [1;36m214[0m Aug [1;36m26[0m [1;92m23:15[0m server.py                                                      
         -rw-rw-r--  [1;36m1[0m adibam adibam  [1;36m262[0m Jul [1;36m21[0m [1;92m21:29[0m wrong_interface.yaml                                           
                                                                                                                      
[32mDEBUG   [0m ============== tool ==============                                                                           
[32mDEBUG   [0m ============== assistant ==============                                                                      
[32mDEBUG   [0m Tool Calls: [1m[[0m                                                                                                
           [1m{[0m                                                                                                          
             [32m"type"[0m: [32m"function"[0m,                                                                                      
             [32m"function"[0m: [1m{[0m                                                                                            
               [32m"name"[0m: [32m"run_shell_command"[0m,                                                                           
               [32m"arguments"[0m: [32m"[0m[32m{[0m[32m\"command\": \"cd [0m                                                                      
         [32m/home/adibam/KubeLLM/debug_assistant_latest/troubleshooting/wrong_interface && minikube image build -t [0m      
         [32mkube-wrong-interface-app:latest -f ./Dockerfile . 2>&1 | tail -40\"[0m[32m}[0m[32m"[0m                                        
             [1m}[0m                                                                                                        
           [1m}[0m                                                                                                          
         [1m][0m                                                                                                            
[32mDEBUG   [0m ============== tool ==============                                                                           
[32mDEBUG   [0m #[1;36m0[0m building with [32m"default"[0m instance using docker driver                                                      
                                                                                                                      
         #[1;36m1[0m [1m[[0minternal[1m][0m load build definition from Dockerfile                                                          
         #[1;36m1[0m transferring dockerfile: 246B done                                                                        
         #[1;36m1[0m DONE [1;36m0.[0m0s                                                                                                 
                                                                                                                      
         #[1;36m2[0m [1m[[0minternal[1m][0m load metadata for docker.io/library/ubuntu:[1;36m20.04[0m                                               
         #[1;36m2[0m DONE [1;36m0.[0m2s                                                                                                 
                                                                                                                      
         #[1;36m3[0m [1m[[0minternal[1m][0m load .dockerignore                                                                             
         #[1;36m3[0m transferring context: 2B done                                                                             
         #[1;36m3[0m DONE [1;36m0.[0m0s                                                                                                 
                                                                                                                      
         #[1;36m4[0m [1m[[0m[1;36m1[0m/[1;36m4[0m[1m][0m FROM                                                                                                
         docker.io/library/ubuntu:[1;36m20.04[0m@sh[1;92ma256:8feb[0m4d8ca5354def3d8fce243717141ce31e2c428701f6682bd2fafe15388214       
         #[1;36m4[0m DONE [1;36m0.[0m0s                                                                                                 
                                                                                                                      
         #[1;36m5[0m [1m[[0minternal[1m][0m load build context                                                                             
         #[1;36m5[0m transferring context: 252B done                                                                           
         #[1;36m5[0m DONE [1;36m0.[0m0s                                                                                                 
                                                                                                                      
         #[1;36m6[0m [1m[[0m[1;36m2[0m/[1;36m4[0m[1m][0m RUN apt-get update &&     apt-get install -y         python3         python3-pip                    
         python3-venv                                                                                                 
         #[1;36m6[0m CACHED                                                                                                    
                                                                                                                      
         #[1;36m7[0m [1m[[0m[1;36m3[0m/[1;36m4[0m[1m][0m WORKDIR [35m/[0m[95mapp[0m                                                                                        
         #[1;36m7[0m CACHED                                                                                                    
                                                                                                                      
         #[1;36m8[0m [1m[[0m[1;36m4[0m/[1;36m4[0m[1m][0m COPY server.py [35m/[0m[95mapp[0m                                                                                 
         #[1;36m8[0m CACHED                                                                                                    
                                                                                                                      
         #[1;36m9[0m exporting to image                                                                                        
         #[1;36m9[0m exporting layers done                                                                                     
         #[1;36m9[0m writing image sh[1;92ma256:42cd[0m0883ef0a4dd71bd506b2d454d65a2206f490233351f7fb485974c9613aab done                
         #[1;36m9[0m naming to docker.io/library/kube-wrong-interface-app:latest done                                          
         #[1;36m9[0m DONE [1;36m0.[0m0s                                                                                                 
                                                                                                                      
[32mDEBUG   [0m ============== assistant ==============                                                                      
[32mDEBUG   [0m The COPY step shows CACHED, which is suspicious since I modified server.py. Let me verify the image content  
         actually contains the [1;92m0.0.0.0[0m change.                                                                        
[32mDEBUG   [0m Tool Calls: [1m[[0m                                                                                                
           [1m{[0m                                                                                                          
             [32m"type"[0m: [32m"function"[0m,                                                                                      
             [32m"function"[0m: [1m{[0m                                                                                            
               [32m"name"[0m: [32m"run_shell_command"[0m,                                                                           
               [32m"arguments"[0m: [32m"[0m[32m{[0m[32m\"command\": \"docker run --rm kube-wrong-interface-app:latest grep -n TCPServer [0m       
         [32m/app/server.py\"[0m[32m}[0m[32m"[0m                                                                                           
             [1m}[0m                                                                                                        
           [1m}[0m                                                                                                          
         [1m][0m                                                                                                            
[32mDEBUG   [0m ============== tool ==============                                                                           
[32mDEBUG   [0m Error: Unable to find image [32m'kube-wrong-interface-app:latest'[0m locally                                        
         docker: Error response from daemon: pull access denied for kube-wrong-interface-app, repository does not     
         exist or may require [32m'docker login'[0m: denied: requested access to the resource is denied.                     
         See [32m'docker run --help'[0m.                                                                                     
[32mDEBUG   [0m ============== assistant ==============                                                                      
[32mDEBUG   [0m The image was built in minikube's context, not host's docker daemon. Let me verify via minikube.             
[32mDEBUG   [0m Tool Calls: [1m[[0m                                                                                                
           [1m{[0m                                                                                                          
             [32m"type"[0m: [32m"function"[0m,                                                                                      
             [32m"function"[0m: [1m{[0m                                                                                            
               [32m"name"[0m: [32m"run_shell_command"[0m,                                                                           
               [32m"arguments"[0m: [32m"[0m[32m{[0m[32m\"command\": \"minikube ssh -- docker run --rm --entrypoint \\\"grep\\\" [0m               
         [32mkube-wrong-interface-app:latest \\\"0.0.0.0\\\" /app/server.py\"[0m[32m}[0m[32m"[0m                                           
             [1m}[0m                                                                                                        
           [1m}[0m                                                                                                          
         [1m][0m                                                                                                            
[32mDEBUG   [0m ============== tool ==============                                                                           
[32mDEBUG   [0m with [1;35msocketserver.TCPServer[0m[1m([0m[1m([0m[32m"0.0.0.0"[0m, [1;36m8765[0m[1m)[0m, Handler[1m)[0m as httpd:                                            
                                                                                                                      
[32mDEBUG   [0m ============== assistant ==============                                                                      
[32mDEBUG   [0m The image inside minikube has the [1;92m0.0.0.0[0m fix. Now let me delete the pod and re-apply the manifests.         
[32mDEBUG   [0m Tool Calls: [1m[[0m                                                                                                
           [1m{[0m                                                                                                          
             [32m"type"[0m: [32m"function"[0m,                                                                                      
             [32m"function"[0m: [1m{[0m                                                                                            
               [32m"name"[0m: [32m"run_shell_command"[0m,                                                                           
               [32m"arguments"[0m: [32m"[0m[32m{[0m[32m\"command\": \"kubectl delete pod kube-wrong-interface --ignore-not-found && kubectl [0m   
         [32mapply -f /home/adibam/KubeLLM/debug_assistant_latest/troubleshooting/wrong_interface/wrong_interface.yaml && [0m
         [32mkubectl apply -f [0m                                                                                            
         [32m/home/adibam/KubeLLM/debug_assistant_latest/troubleshooting/wrong_interface/app_service.yaml\"[0m[32m}[0m[32m"[0m             
             [1m}[0m                                                                                                        
           [1m}[0m                                                                                                          
         [1m][0m                                                                                                            
[32mDEBUG   [0m ============== tool ==============                                                                           
[32mDEBUG   [0m pod [32m"kube-wrong-interface"[0m deleted from default namespace                                                    
         pod/kube-wrong-interface created                                                                             
         service/app-service unchanged                                                                                
                                                                                                                      
[32mDEBUG   [0m ============== assistant ==============                                                                      
[32mDEBUG   [0m Tool Calls: [1m[[0m                                                                                                
           [1m{[0m                                                                                                          
             [32m"type"[0m: [32m"function"[0m,                                                                                      
             [32m"function"[0m: [1m{[0m                                                                                            
               [32m"name"[0m: [32m"run_shell_command"[0m,                                                                           
               [32m"arguments"[0m: [32m"[0m[32m{[0m[32m\"command\": \"kubectl wait --[0m[32mfor[0m[32m=[0m[32mcondition[0m[32m=Ready pod/kube-wrong-interface --[0m[32mtimeout[0m[32m=[0m[32m60s[0m
         [32m&& kubectl exec kube-wrong-interface -- python3 -c \\\"import urllib.request; [0m                               
         [32mprint[0m[32m([0m[32murllib.request.urlopen[0m[32m([0m[32m'http://127.0.0.1:8765/'[0m[32m)[0m[32m.getcode[0m[32m([0m[32m)[0m[32m)[0m[32m\\\"\"[0m[32m}[0m[32m"[0m                                    
             [1m}[0m                                                                                                        
           [1m}[0m                                                                                                          
         [1m][0m                                                                                                            
[32mDEBUG   [0m ============== tool ==============                                                                           
[32mDEBUG   [0m pod/kube-wrong-interface condition met                                                                       
         [1;36m200[0m                                                                                                          
                                                                                                                      
[32mDEBUG   [0m ============== assistant ==============                                                                      
[32mDEBUG   [0m Pod is Ready and the app responds with HTTP [1;36m200[0m on port [1;36m8765[0m. Now verify via the Service.                    
[32mDEBUG   [0m Tool Calls: [1m[[0m                                                                                                
           [1m{[0m                                                                                                          
             [32m"type"[0m: [32m"function"[0m,                                                                                      
             [32m"function"[0m: [1m{[0m                                                                                            
               [32m"name"[0m: [32m"run_shell_command"[0m,                                                                           
               [32m"arguments"[0m: [32m"[0m[32m{[0m[32m\"command\": \"kubectl exec kube-wrong-interface -- python3 -c \\\"import [0m              
         [32murllib.request; print[0m[32m([0m[32murllib.request.urlopen[0m[32m([0m[32m'http://app-service:8000/'[0m[32m)[0m[32m.getcode[0m[32m([0m[32m)[0m[32m)[0m[32m\\\"\"[0m[32m}[0m[32m"[0m                  
             [1m}[0m                                                                                                        
           [1m}[0m                                                                                                          
         [1m][0m                                                                                                            
[32mDEBUG   [0m ============== tool ==============                                                                           
[32mDEBUG   [0m [1;36m200[0m                                                                                                          
                                                                                                                      
[32mDEBUG   [0m ============== assistant ==============                                                                      
[32mDEBUG   [0m Tool Calls: [1m[[0m                                                                                                
           [1m{[0m                                                                                                          
             [32m"type"[0m: [32m"function"[0m,                                                                                      
             [32m"function"[0m: [1m{[0m                                                                                            
               [32m"name"[0m: [32m"run_shell_command"[0m,                                                                           
               [32m"arguments"[0m: [32m"[0m[32m{[0m[32m\"command\": \"kubectl get pods -l [0m[32mapp[0m[32m=[0m[32mkube[0m[32m-wrong-interface -o wide && kubectl get svc [0m 
         [32mapp-service && kubectl get endpoints app-service\"[0m[32m}[0m[32m"[0m                                                         
             [1m}[0m                                                                                                        
           [1m}[0m                                                                                                          
         [1m][0m                                                                                                            
[32mDEBUG   [0m **************** METRICS START ****************                                                              
[32mDEBUG   [0m * Time to generate response:   [1;36m10.[0m1826s                                                                      
[32mDEBUG   [0m * Tokens per second:           [1;36m6.9727[0m tokens/s                                                               
[32mDEBUG   [0m * Input tokens:                [1;36m3254[0m                                                                          
[32mDEBUG   [0m * Output tokens:               [1;36m71[0m                                                                            
[32mDEBUG   [0m * Total tokens:                [1;36m3325[0m                                                                          
[32mDEBUG   [0m **************** METRICS END ******************                                                              
[32mDEBUG   [0m Getting function run_shell_command                                                                           
[32mDEBUG   [0m Running: [1;35mrun_shell_command[0m[1m([0m[33mcommand[0m=[33m...[0m[1m)[0m                                                                      
[34mINFO    [0m Running shell command: kubectl get pods -l [33mapp[0m=[35mkube[0m-wrong-interface -o wide && kubectl get svc app-service &&
         kubectl get endpoints app-service                                                                            
[32mDEBUG   [0m Return code: [1;36m0[0m                                                                                               
[32mDEBUG   [0m ---------- Ollama Response Start ----------                                                                  
[32mDEBUG   [0m ============== system ==============                                                                         
[32mDEBUG   [0m ## Instructions                                                                                              
         - If all and only all commands fail to execute, declare that there was an error in trying to solve the issue,
         and end that statement with this token: [1m<[0m[1;95m|ERROR|[0m[39m>.[0m                                                           
         [39m- You have solved this issue only when the original user-visible problem is fixed in the live cluster. Verify[0m
         [39mthe relevant Kubernetes resources and application behavior with commands before declaring success; pod [0m      
         [39mRunning/Ready status alone is not sufficient unless the original problem is only pod startup.[0m                
         [39m- After every step, check whether the original problem is fixed in the live cluster. If you changed [0m         
         [39mmanifests, images, or cluster configuration, apply the change and verify the live resource state reflects it [0m
         [39mbefore declaring success.[0m                                                                                    
         [39m- If you believe you have met the goal, declare that you have solved the user's issue, and end that statement[0m
         [39mwith this token: <|SOLVED|>.[0m                                                                                 
         [39m- If the steps do not solve the issue, or if you need more information, declare that you cannot solve the [0m   
         [39missue, and end that statement with this token: <|FAILED|>.[0m                                                   
         [39m- Do not use live feed flags when checking the logs such as [0m[32m'kubectl logs -f'[0m                                
         [39m- Do not use commands like vim or vi[0m                                                                         
         [39m- Do not use commands that open up editors like [0m[32m'kubectl edit'[0m                                               
         [39m- Use markdown to format your answers.[0m                                                                       
                                                                                                                      
         [39m## Guidelines[0m                                                                                                
         [39mIf a command invocation is successful but gives no stdout nor stderr, then that is because that invocation [0m  
         [39mresulted in no output to stdout or stderr.[0m                                                                   
         [39mIf a command contains a placeholder name surrounded in angle brackets such as <pod_name>, for example, then [0m 
         [39m**do not** run that command as-is. First run a `kubectl get` command to find a real name to replace the [0m     
         [39mplaceholder name, then run the suggested command with the replaced name of the resource. For example, if you [0m
         [39msee `kubectl logs <pod_name[0m[1m>[0m -n example_namespace`, first run `kubectl get pods -n example_namespace` and use
         the name of the first pod you see.                                                                           
         Do not use live feed flags when checking the logs such as [32m'kubectl logs -f'[0m                                  
         If you do not conclude on an answer or a code then try again please.                                         
         Do not use commands like vim or vi                                                                           
         Do not use commands that open up editors like [32m'kubectl edit'[0m                                                 
[32mDEBUG   [0m ============== user ==============                                                                           
[32mDEBUG   [0m Perform the actions suggested here:                                                                          
         [1;36m1[0m. Fix the app to listen on all interfaces [1m([0m[1;92m0.0.0.0[0m[1m)[0m instead of localhost.                                   
         ```bash                                                                                                      
         sed -i [32m's/[0m[32m([0m[32m"localhost",/[0m[32m([0m[32m"0.0.0.0",/'[0m                                                                        
         [35m/home/adibam/KubeLLM/debug_assistant_latest/troubleshooting/wrong_interface/[0m[95mserver.py[0m                        
         ```                                                                                                          
                                                                                                                      
         [1;36m2[0m. Build the Docker image and load it into your local cluster. This single command tries minikube first, then
         kind, otherwise falls back to a local docker build [1m([0madjust strategy if you use a remote registry[1m)[0m.           
         ```bash                                                                                                      
         sh -c [32m'[0m[32mWORKDIR[0m[32m=/home/adibam/KubeLLM/debug_assistant_latest/troubleshooting/wrong_interface; if minikube [0m     
         [32mstatus >/dev/null 2>&1; then [0m[32mPROFILE[0m[32m=$[0m[32m{[0m[32mMINIKUBE_PROFILE:-$[0m[32m([0m[32mkubectl config current-context[0m[32m)[0m[32m}[0m[32m; minikube -p [0m    
         [32m"$PROFILE" image build -t kube-wrong-interface-app:latest -f "$WORKDIR/Dockerfile" "$WORKDIR"; elif command [0m 
         [32m-v kind >/dev/null 2>&1 && [0m[32m[[0m[32m -n "$[0m[32m([0m[32mkind get clusters 2>/dev/null[0m[32m)[0m[32m" [0m[32m][0m[32m; then docker build -t [0m                  
         [32mkube-wrong-interface-app:latest -f "$WORKDIR/Dockerfile" "$WORKDIR" && kind load docker-image [0m               
         [32mkube-wrong-interface-app:latest --name "$[0m[32m{[0m[32mKIND_CLUSTER:-kind[0m[32m}[0m[32m"; else docker build -t [0m                        
         [32mkube-wrong-interface-app:latest -f "$WORKDIR/Dockerfile" "$WORKDIR"; fi'[0m                                     
         ```                                                                                                          
                                                                                                                      
         [1;36m3[0m. Replace the running Pod [1m([0mso the node uses the rebuilt image[1m)[0m and [1m([0mre[1m)[0mapply the Service manifest.          
         ```bash                                                                                                      
         kubectl delete pod kube-wrong-interface --ignore-not-found && kubectl apply -f                               
         [35m/home/adibam/KubeLLM/debug_assistant_latest/troubleshooting/wrong_interface/[0m[95mwrong_interface.yaml[0m && kubectl  
         apply -f [35m/home/adibam/KubeLLM/debug_assistant_latest/troubleshooting/wrong_interface/[0m[95mapp_service.yaml[0m        
         ```                                                                                                          
                                                                                                                      
         [1;36m4[0m. Wait for the Pod to become Ready and verify the application responds on the container port [1m([0mchecks HTTP   
         from inside the pod[1m)[0m.                                                                                        
         ```bash                                                                                                      
         kubectl wait --[33mfor[0m=[35mcondition[0m=Ready pod/kube-wrong-interface --[33mtimeout[0m=[35m60s[0m && kubectl exec                    
         kube-wrong-interface -- python3 -c [32m"import urllib.request; [0m                                                  
         [32mprint[0m[32m([0m[32murllib.request.urlopen[0m[32m([0m[32m'http://127.0.0.1:8765/'[0m[32m)[0m[32m.getcode[0m[32m([0m[32m)[0m[32m)[0m[32m"[0m                                           
         ```                                                                                                          
                                                                                                                      
         [1;36m5[0m. Verify the Service routes traffic to the Pod [1m([0mcluster-internal service DNS[1m)[0m.                              
         ```bash                                                                                                      
         kubectl exec kube-wrong-interface -- python3 -c [32m"import urllib.request; [0m                                     
         [32mprint[0m[32m([0m[32murllib.request.urlopen[0m[32m([0m[32m'http://app-service:8000/'[0m[32m)[0m[32m.getcode[0m[32m([0m[32m)[0m[32m)[0m[32m"[0m                                         
         ```                                                                                                          
                                                                                                                      
         If any step fails, paste the failing command's output and I will guide the next corrective action.           
                                                                                                                      
         The relevant configuration file is located in this path:                                                     
         [35m/home/adibam/KubeLLM/debug_assistant_latest/troubleshooting/wrong_interface/[0m[95mwrong_interface.yaml[0m             
         You can update these files if necessary. If any files are updated, make sure to delete and reapply the       
         configuration file.                                                                                          
         Do not use live feed flags when checking the logs such as [32m'kubectl logs -f'[0m                                  
         ### Tool Usage Rules                                                                                         
         - Do not attempt many commands in one tool call.                                                             
         - Never repeat a tool call that has already been executed successfully in this run.                          
         - If you need the result of a previous tool call, use the provided output rather than re-invoking it.        
         - Keep the tool call as simple as possible to avoid errors.                                                  
         - Do not run long-lived or background commands such as `kubectl port-forward`, `Start-Process`, or `kubectl  
         logs -f`; prefer single-shot commands that exit on their own.                                                
         - Do not use `kubectl port-forward`, background verification, `kubectl logs -f`, or `kubectl get -w`.        
         - For reachability checks, use the access path defined by the scenario: if a Service exists, verify via      
         Service/endpoints/service-routed access; if no Service exists, use bounded direct checks such as `kubectl    
         exec` with an in-container one-shot HTTP request.                                                            
         - Prefer one-shot application checks such as `kubectl exec [1m<[0m[1;95mpod[0m[39m> -- python3 -c [0m[32m"import urllib.request; [0m      
         [32mprint[0m[32m([0m[32murllib.request.urlopen[0m[32m([0m[32m'http://127.0.0.1:<port[0m[32m>[0m[32m/'[0m[32m)[0m[32m.getcode[0m[32m([0m[32m)[0m[32m)[0m[32m"[0m` when Python is available in the        
         container.                                                                                                   
                                                                                                                      
[32mDEBUG   [0m ============== assistant ==============                                                                      
[32mDEBUG   [0m I'll start by examining the current state of the files and cluster.                                          
[32mDEBUG   [0m Tool Calls: [1m[[0m                                                                                                
           [1m{[0m                                                                                                          
             [32m"type"[0m: [32m"function"[0m,                                                                                      
             [32m"function"[0m: [1m{[0m                                                                                            
               [32m"name"[0m: [32m"run_shell_command"[0m,                                                                           
               [32m"arguments"[0m: [32m"[0m[32m{[0m[32m\"command\": \"cat [0m                                                                     
         [32m/home/adibam/KubeLLM/debug_assistant_latest/troubleshooting/wrong_interface/server.py\"[0m[32m}[0m[32m"[0m                    
             [1m}[0m                                                                                                        
           [1m}[0m,                                                                                                         
           [1m{[0m                                                                                                          
             [32m"type"[0m: [32m"function"[0m,                                                                                      
             [32m"function"[0m: [1m{[0m                                                                                            
               [32m"name"[0m: [32m"run_shell_command"[0m,                                                                           
               [32m"arguments"[0m: [32m"[0m[32m{[0m[32m\"command\": \"cat [0m                                                                     
         [32m/home/adibam/KubeLLM/debug_assistant_latest/troubleshooting/wrong_interface/wrong_interface.yaml [0m            
         [32m/home/adibam/KubeLLM/debug_assistant_latest/troubleshooting/wrong_interface/app_service.yaml [0m                
         [32m/home/adibam/KubeLLM/debug_assistant_latest/troubleshooting/wrong_interface/Dockerfile\"[0m[32m}[0m[32m"[0m                   
             [1m}[0m                                                                                                        
           [1m}[0m                                                                                                          
         [1m][0m                                                                                                            
[32mDEBUG   [0m ============== tool ==============                                                                           
[32mDEBUG   [0m import http.server                                                                                           
         import socketserver                                                                                          
                                                                                                                      
         Handler = http.server.SimpleHTTPRequestHandler                                                               
                                                                                                                      
         with [1;35msocketserver.TCPServer[0m[1m([0m[1m([0m[32m"localhost"[0m, [1;36m8765[0m[1m)[0m, Handler[1m)[0m as httpd:                                          
             [1;35mprint[0m[1m([0m[32m'Serving on port 8765'[0m[1m)[0m                                                                            
             [1;35mhttpd.serve_forever[0m[1m([0m[1m)[0m                                                                                    
                                                                                                                      
[32mDEBUG   [0m ============== tool ==============                                                                           
[32mDEBUG   [0m apiVersion: v1                                                                                               
         kind: Pod                                                                                                    
         metadata:                                                                                                    
           name: kube-wrong-interface                                                                                 
           labels:                                                                                                    
             app: kube-wrong-interface                                                                                
         spec:                                                                                                        
           containers:                                                                                                
           - name: kube-wrong-interface                                                                               
             image: kube-wrong-interface-app:latest                                                                   
             imagePullPolicy: Never                                                                                   
             ports:                                                                                                   
             - containerPort: [1;36m8765[0m                                                                                    
         apiVersion: v1                                                                                               
         kind: Service                                                                                                
         metadata:                                                                                                    
           name: app-service                                                                                          
         spec:                                                                                                        
           selector:                                                                                                  
             app: kube-wrong-interface                                                                                
           ports:                                                                                                     
             - protocol: TCP                                                                                          
               port: [1;36m8000[0m                                                                                             
               targetPort: [1;36m8765[0m                                                                                       
           type: NodePort                                                                                             
         FROM ubuntu:[1;36m20.04[0m                                                                                            
                                                                                                                      
         RUN apt-get update && \                                                                                      
             apt-get install -y \                                                                                     
                 python3 \                                                                                            
                 python3-pip \                                                                                        
                 python3-venv                                                                                         
                                                                                                                      
         WORKDIR [35m/[0m[95mapp[0m                                                                                                 
                                                                                                                      
         COPY server.py [35m/[0m[95mapp[0m                                                                                          
                                                                                                                      
         EXPOSE [1;36m8765[0m                                                                                                  
                                                                                                                      
         CMD [1m[[0m[32m"python3"[0m, [32m"server.py"[0m[1m][0m                                                                                 
                                                                                                                      
[32mDEBUG   [0m ============== assistant ==============                                                                      
[32mDEBUG   [0m Tool Calls: [1m[[0m                                                                                                
           [1m{[0m                                                                                                          
             [32m"type"[0m: [32m"function"[0m,                                                                                      
             [32m"function"[0m: [1m{[0m                                                                                            
               [32m"name"[0m: [32m"run_shell_command"[0m,                                                                           
               [32m"arguments"[0m: [32m"[0m[32m{[0m[32m\"command\": \"sed -i 's/[0m[32m([0m[32m\\\"localhost\\\",/[0m[32m([0m[32m\\\"0.0.0.0\\\",/' [0m                       
         [32m/home/adibam/KubeLLM/debug_assistant_latest/troubleshooting/wrong_interface/server.py && grep -n 'TCPServer' [0m
         [32m/home/adibam/KubeLLM/debug_assistant_latest/troubleshooting/wrong_interface/server.py\"[0m[32m}[0m[32m"[0m                    
             [1m}[0m                                                                                                        
           [1m}[0m,                                                                                                         
           [1m{[0m                                                                                                          
             [32m"type"[0m: [32m"function"[0m,                                                                                      
             [32m"function"[0m: [1m{[0m                                                                                            
               [32m"name"[0m: [32m"run_shell_command"[0m,                                                                           
               [32m"arguments"[0m: [32m"[0m[32m{[0m[32m\"command\": \"ls [0m                                                                      
         [32m/home/adibam/KubeLLM/debug_assistant_latest/troubleshooting/wrong_interface/; which minikube kind docker [0m    
         [32m2>&1; kubectl config current-context\"[0m[32m}[0m[32m"[0m                                                                     
             [1m}[0m                                                                                                        
           [1m}[0m                                                                                                          
         [1m][0m                                                                                                            
[32mDEBUG   [0m ============== tool ==============                                                                           
[32mDEBUG   [0m [1;36m6[0m:with [1;35msocketserver.TCPServer[0m[1m([0m[1m([0m[32m"0.0.0.0"[0m, [1;36m8765[0m[1m)[0m, Handler[1m)[0m as httpd:                                          
                                                                                                                      
[32mDEBUG   [0m ============== tool ==============                                                                           
[32mDEBUG   [0m app_service.yaml                                                                                             
         config_step.json                                                                                             
         Dockerfile                                                                                                   
         readme.txt                                                                                                   
         server.py                                                                                                    
         wrong_interface.yaml                                                                                         
         [35m/usr/local/bin/[0m[95mminikube[0m                                                                                      
         [35m/usr/bin/[0m[95mdocker[0m                                                                                              
         minikube                                                                                                     
                                                                                                                      
[32mDEBUG   [0m ============== assistant ==============                                                                      
[32mDEBUG   [0m Tool Calls: [1m[[0m                                                                                                
           [1m{[0m                                                                                                          
             [32m"type"[0m: [32m"function"[0m,                                                                                      
             [32m"function"[0m: [1m{[0m                                                                                            
               [32m"name"[0m: [32m"run_shell_command"[0m,                                                                           
               [32m"arguments"[0m: [32m"[0m[32m{[0m[32m\"command\": \"minikube status; echo ---; kubectl config current-context\"[0m[32m}[0m[32m"[0m            
             [1m}[0m                                                                                                        
           [1m}[0m                                                                                                          
         [1m][0m                                                                                                            
[32mDEBUG   [0m ============== tool ==============                                                                           
[32mDEBUG   [0m minikube                                                                                                     
         type: Control Plane                                                                                          
         host: Running                                                                                                
         kubelet: Running                                                                                             
         apiserver: Running                                                                                           
         kubeconfig: Configured                                                                                       
                                                                                                                      
         ---                                                                                                          
         minikube                                                                                                     
                                                                                                                      
[32mDEBUG   [0m ============== assistant ==============                                                                      
[32mDEBUG   [0m Tool Calls: [1m[[0m                                                                                                
           [1m{[0m                                                                                                          
             [32m"type"[0m: [32m"function"[0m,                                                                                      
             [32m"function"[0m: [1m{[0m                                                                                            
               [32m"name"[0m: [32m"run_shell_command"[0m,                                                                           
               [32m"arguments"[0m: [32m"[0m[32m{[0m[32m\"command\": [0m                                                                           
         [32m\"[0m[32mWORKDIR[0m[32m=/home/adibam/KubeLLM/debug_assistant_latest/troubleshooting/wrong_interface; minikube -p minikube [0m 
         [32mimage build -t kube-wrong-interface-app:latest -f \\\"$WORKDIR/Dockerfile\\\" \\\"$WORKDIR\\\" 2>&1 | tail [0m  
         [32m-20\"[0m[32m}[0m[32m"[0m                                                                                                      
             [1m}[0m                                                                                                        
           [1m}[0m                                                                                                          
         [1m][0m                                                                                                            
[32mDEBUG   [0m ============== tool ==============                                                                           
[32mDEBUG   [0m ERROR: resolve : lstat [35m/home/[0m[95madibam[0m: no such file or directory                                               
                                                                                                                      
[32mDEBUG   [0m ============== assistant ==============                                                                      
[32mDEBUG   [0m Tool Calls: [1m[[0m                                                                                                
           [1m{[0m                                                                                                          
             [32m"type"[0m: [32m"function"[0m,                                                                                      
             [32m"function"[0m: [1m{[0m                                                                                            
               [32m"name"[0m: [32m"run_shell_command"[0m,                                                                           
               [32m"arguments"[0m: [32m"[0m[32m{[0m[32m\"command\": \"minikube image build -t kube-wrong-interface-app:latest -f [0m              
         [32m/home/adibam/KubeLLM/debug_assistant_latest/troubleshooting/wrong_interface/Dockerfile [0m                      
         [32m/home/adibam/KubeLLM/debug_assistant_latest/troubleshooting/wrong_interface 2>&1 | head -30\"[0m[32m}[0m[32m"[0m              
             [1m}[0m                                                                                                        
           [1m}[0m                                                                                                          
         [1m][0m                                                                                                            
[32mDEBUG   [0m ============== tool ==============                                                                           
[32mDEBUG   [0m ERROR: resolve : lstat [35m/home/[0m[95madibam[0m: no such file or directory                                               
                                                                                                                      
[32mDEBUG   [0m ============== assistant ==============                                                                      
[32mDEBUG   [0m Tool Calls: [1m[[0m                                                                                                
           [1m{[0m                                                                                                          
             [32m"type"[0m: [32m"function"[0m,                                                                                      
             [32m"function"[0m: [1m{[0m                                                                                            
               [32m"name"[0m: [32m"run_shell_command"[0m,                                                                           
               [32m"arguments"[0m: [32m"[0m[32m{[0m[32m\"command\": \"ls -la [0m                                                                  
         [32m/home/adibam/KubeLLM/debug_assistant_latest/troubleshooting/wrong_interface/\"[0m[32m}[0m[32m"[0m                             
             [1m}[0m                                                                                                        
           [1m}[0m,                                                                                                         
           [1m{[0m                                                                                                          
             [32m"type"[0m: [32m"function"[0m,                                                                                      
             [32m"function"[0m: [1m{[0m                                                                                            
               [32m"name"[0m: [32m"run_shell_command"[0m,                                                                           
               [32m"arguments"[0m: [32m"[0m[32m{[0m[32m\"command\": \"minikube image build -t kube-wrong-interface-app:latest -f [0m              
         [32m/home/adibam/KubeLLM/debug_assistant_latest/troubleshooting/wrong_interface/Dockerfile [0m                      
         [32m/home/adibam/KubeLLM/debug_assistant_latest/troubleshooting/wrong_interface\"[0m[32m}[0m[32m"[0m                              
             [1m}[0m                                                                                                        
           [1m}[0m                                                                                                          
         [1m][0m                                                                                                            
[32mDEBUG   [0m ============== tool ==============                                                                           
[32mDEBUG   [0m total [1;36m36[0m                                                                                                     
         drwxrwxr-x  [1;36m2[0m adibam adibam [1;36m4096[0m Aug [1;36m26[0m [1;92m23:15[0m .                                                              
         drwxrwxr-x [1;36m31[0m adibam adibam [1;36m4096[0m Aug [1;36m26[0m [1;92m23:13[0m ..                                                             
         -rw-rw-r--  [1;36m1[0m adibam adibam  [1;36m193[0m Jul [1;36m21[0m [1;92m21:29[0m app_service.yaml                                               
         -rw-rw-r--  [1;36m1[0m adibam adibam [1;36m6196[0m Jul [1;36m21[0m [1;92m21:29[0m config_step.json                                               
         -rw-rw-r--  [1;36m1[0m adibam adibam  [1;36m207[0m Jul [1;36m21[0m [1;92m21:29[0m Dockerfile                                                     
         -rw-rw-r--  [1;36m1[0m adibam adibam [1;36m1712[0m Jul [1;36m21[0m [1;92m21:29[0m readme.txt                                                     
         -rw-rw-r--  [1;36m1[0m adibam adibam  [1;36m214[0m Aug [1;36m26[0m [1;92m23:15[0m server.py                                                      
         -rw-rw-r--  [1;36m1[0m adibam adibam  [1;36m262[0m Jul [1;36m21[0m [1;92m21:29[0m wrong_interface.yaml                                           
                                                                                                                      
[32mDEBUG   [0m ============== tool ==============                                                                           
[32mDEBUG   [0m ============== assistant ==============                                                                      
[32mDEBUG   [0m Tool Calls: [1m[[0m                                                                                                
           [1m{[0m                                                                                                          
             [32m"type"[0m: [32m"function"[0m,                                                                                      
             [32m"function"[0m: [1m{[0m                                                                                            
               [32m"name"[0m: [32m"run_shell_command"[0m,                                                                           
               [32m"arguments"[0m: [32m"[0m[32m{[0m[32m\"command\": \"cd [0m                                                                      
         [32m/home/adibam/KubeLLM/debug_assistant_latest/troubleshooting/wrong_interface && minikube image build -t [0m      
         [32mkube-wrong-interface-app:latest -f ./Dockerfile . 2>&1 | tail -40\"[0m[32m}[0m[32m"[0m                                        
             [1m}[0m                                                                                                        
           [1m}[0m                                                                                                          
         [1m][0m                                                                                                            
[32mDEBUG   [0m ============== tool ==============                                                                           
[32mDEBUG   [0m #[1;36m0[0m building with [32m"default"[0m instance using docker driver                                                      
                                                                                                                      
         #[1;36m1[0m [1m[[0minternal[1m][0m load build definition from Dockerfile                                                          
         #[1;36m1[0m transferring dockerfile: 246B done                                                                        
         #[1;36m1[0m DONE [1;36m0.[0m0s                                                                                                 
                                                                                                                      
         #[1;36m2[0m [1m[[0minternal[1m][0m load metadata for docker.io/library/ubuntu:[1;36m20.04[0m                                               
         #[1;36m2[0m DONE [1;36m0.[0m2s                                                                                                 
                                                                                                                      
         #[1;36m3[0m [1m[[0minternal[1m][0m load .dockerignore                                                                             
         #[1;36m3[0m transferring context: 2B done                                                                             
         #[1;36m3[0m DONE [1;36m0.[0m0s                                                                                                 
                                                                                                                      
         #[1;36m4[0m [1m[[0m[1;36m1[0m/[1;36m4[0m[1m][0m FROM                                                                                                
         docker.io/library/ubuntu:[1;36m20.04[0m@sh[1;92ma256:8feb[0m4d8ca5354def3d8fce243717141ce31e2c428701f6682bd2fafe15388214       
         #[1;36m4[0m DONE [1;36m0.[0m0s                                                                                                 
                                                                                                                      
         #[1;36m5[0m [1m[[0minternal[1m][0m load build context                                                                             
         #[1;36m5[0m transferring context: 252B done                                                                           
         #[1;36m5[0m DONE [1;36m0.[0m0s                                                                                                 
                                                                                                                      
         #[1;36m6[0m [1m[[0m[1;36m2[0m/[1;36m4[0m[1m][0m RUN apt-get update &&     apt-get install -y         python3         python3-pip                    
         python3-venv                                                                                                 
         #[1;36m6[0m CACHED                                                                                                    
                                                                                                                      
         #[1;36m7[0m [1m[[0m[1;36m3[0m/[1;36m4[0m[1m][0m WORKDIR [35m/[0m[95mapp[0m                                                                                        
         #[1;36m7[0m CACHED                                                                                                    
                                                                                                                      
         #[1;36m8[0m [1m[[0m[1;36m4[0m/[1;36m4[0m[1m][0m COPY server.py [35m/[0m[95mapp[0m                                                                                 
         #[1;36m8[0m CACHED                                                                                                    
                                                                                                                      
         #[1;36m9[0m exporting to image                                                                                        
         #[1;36m9[0m exporting layers done                                                                                     
         #[1;36m9[0m writing image sh[1;92ma256:42cd[0m0883ef0a4dd71bd506b2d454d65a2206f490233351f7fb485974c9613aab done                
         #[1;36m9[0m naming to docker.io/library/kube-wrong-interface-app:latest done                                          
         #[1;36m9[0m DONE [1;36m0.[0m0s                                                                                                 
                                                                                                                      
[32mDEBUG   [0m ============== assistant ==============                                                                      
[32mDEBUG   [0m The COPY step shows CACHED, which is suspicious since I modified server.py. Let me verify the image content  
         actually contains the [1;92m0.0.0.0[0m change.                                                                        
[32mDEBUG   [0m Tool Calls: [1m[[0m                                                                                                
           [1m{[0m                                                                                                          
             [32m"type"[0m: [32m"function"[0m,                                                                                      
             [32m"function"[0m: [1m{[0m                                                                                            
               [32m"name"[0m: [32m"run_shell_command"[0m,                                                                           
               [32m"arguments"[0m: [32m"[0m[32m{[0m[32m\"command\": \"docker run --rm kube-wrong-interface-app:latest grep -n TCPServer [0m       
         [32m/app/server.py\"[0m[32m}[0m[32m"[0m                                                                                           
             [1m}[0m                                                                                                        
           [1m}[0m                                                                                                          
         [1m][0m                                                                                                            
[32mDEBUG   [0m ============== tool ==============                                                                           
[32mDEBUG   [0m Error: Unable to find image [32m'kube-wrong-interface-app:latest'[0m locally                                        
         docker: Error response from daemon: pull access denied for kube-wrong-interface-app, repository does not     
         exist or may require [32m'docker login'[0m: denied: requested access to the resource is denied.                     
         See [32m'docker run --help'[0m.                                                                                     
[32mDEBUG   [0m ============== assistant ==============                                                                      
[32mDEBUG   [0m The image was built in minikube's context, not host's docker daemon. Let me verify via minikube.             
[32mDEBUG   [0m Tool Calls: [1m[[0m                                                                                                
           [1m{[0m                                                                                                          
             [32m"type"[0m: [32m"function"[0m,                                                                                      
             [32m"function"[0m: [1m{[0m                                                                                            
               [32m"name"[0m: [32m"run_shell_command"[0m,                                                                           
               [32m"arguments"[0m: [32m"[0m[32m{[0m[32m\"command\": \"minikube ssh -- docker run --rm --entrypoint \\\"grep\\\" [0m               
         [32mkube-wrong-interface-app:latest \\\"0.0.0.0\\\" /app/server.py\"[0m[32m}[0m[32m"[0m                                           
             [1m}[0m                                                                                                        
           [1m}[0m                                                                                                          
         [1m][0m                                                                                                            
[32mDEBUG   [0m ============== tool ==============                                                                           
[32mDEBUG   [0m with [1;35msocketserver.TCPServer[0m[1m([0m[1m([0m[32m"0.0.0.0"[0m, [1;36m8765[0m[1m)[0m, Handler[1m)[0m as httpd:                                            
                                                                                                                      
[32mDEBUG   [0m ============== assistant ==============                                                                      
[32mDEBUG   [0m The image inside minikube has the [1;92m0.0.0.0[0m fix. Now let me delete the pod and re-apply the manifests.         
[32mDEBUG   [0m Tool Calls: [1m[[0m                                                                                                
           [1m{[0m                                                                                                          
             [32m"type"[0m: [32m"function"[0m,                                                                                      
             [32m"function"[0m: [1m{[0m                                                                                            
               [32m"name"[0m: [32m"run_shell_command"[0m,                                                                           
               [32m"arguments"[0m: [32m"[0m[32m{[0m[32m\"command\": \"kubectl delete pod kube-wrong-interface --ignore-not-found && kubectl [0m   
         [32mapply -f /home/adibam/KubeLLM/debug_assistant_latest/troubleshooting/wrong_interface/wrong_interface.yaml && [0m
         [32mkubectl apply -f [0m                                                                                            
         [32m/home/adibam/KubeLLM/debug_assistant_latest/troubleshooting/wrong_interface/app_service.yaml\"[0m[32m}[0m[32m"[0m             
             [1m}[0m                                                                                                        
           [1m}[0m                                                                                                          
         [1m][0m                                                                                                            
[32mDEBUG   [0m ============== tool ==============                                                                           
[32mDEBUG   [0m pod [32m"kube-wrong-interface"[0m deleted from default namespace                                                    
         pod/kube-wrong-interface created                                                                             
         service/app-service unchanged                                                                                
                                                                                                                      
[32mDEBUG   [0m ============== assistant ==============                                                                      
[32mDEBUG   [0m Tool Calls: [1m[[0m                                                                                                
           [1m{[0m                                                                                                          
             [32m"type"[0m: [32m"function"[0m,                                                                                      
             [32m"function"[0m: [1m{[0m                                                                                            
               [32m"name"[0m: [32m"run_shell_command"[0m,                                                                           
               [32m"arguments"[0m: [32m"[0m[32m{[0m[32m\"command\": \"kubectl wait --[0m[32mfor[0m[32m=[0m[32mcondition[0m[32m=Ready pod/kube-wrong-interface --[0m[32mtimeout[0m[32m=[0m[32m60s[0m
         [32m&& kubectl exec kube-wrong-interface -- python3 -c \\\"import urllib.request; [0m                               
         [32mprint[0m[32m([0m[32murllib.request.urlopen[0m[32m([0m[32m'http://127.0.0.1:8765/'[0m[32m)[0m[32m.getcode[0m[32m([0m[32m)[0m[32m)[0m[32m\\\"\"[0m[32m}[0m[32m"[0m                                    
             [1m}[0m                                                                                                        
           [1m}[0m                                                                                                          
         [1m][0m                                                                                                            
[32mDEBUG   [0m ============== tool ==============                                                                           
[32mDEBUG   [0m pod/kube-wrong-interface condition met                                                                       
         [1;36m200[0m                                                                                                          
                                                                                                                      
[32mDEBUG   [0m ============== assistant ==============                                                                      
[32mDEBUG   [0m Pod is Ready and the app responds with HTTP [1;36m200[0m on port [1;36m8765[0m. Now verify via the Service.                    
[32mDEBUG   [0m Tool Calls: [1m[[0m                                                                                                
           [1m{[0m                                                                                                          
             [32m"type"[0m: [32m"function"[0m,                                                                                      
             [32m"function"[0m: [1m{[0m                                                                                            
               [32m"name"[0m: [32m"run_shell_command"[0m,                                                                           
               [32m"arguments"[0m: [32m"[0m[32m{[0m[32m\"command\": \"kubectl exec kube-wrong-interface -- python3 -c \\\"import [0m              
         [32murllib.request; print[0m[32m([0m[32murllib.request.urlopen[0m[32m([0m[32m'http://app-service:8000/'[0m[32m)[0m[32m.getcode[0m[32m([0m[32m)[0m[32m)[0m[32m\\\"\"[0m[32m}[0m[32m"[0m                  
             [1m}[0m                                                                                                        
           [1m}[0m                                                                                                          
         [1m][0m                                                                                                            
[32mDEBUG   [0m ============== tool ==============                                                                           
[32mDEBUG   [0m [1;36m200[0m                                                                                                          
                                                                                                                      
[32mDEBUG   [0m ============== assistant ==============                                                                      
[32mDEBUG   [0m Tool Calls: [1m[[0m                                                                                                
           [1m{[0m                                                                                                          
             [32m"type"[0m: [32m"function"[0m,                                                                                      
             [32m"function"[0m: [1m{[0m                                                                                            
               [32m"name"[0m: [32m"run_shell_command"[0m,                                                                           
               [32m"arguments"[0m: [32m"[0m[32m{[0m[32m\"command\": \"kubectl get pods -l [0m[32mapp[0m[32m=[0m[32mkube[0m[32m-wrong-interface -o wide && kubectl get svc [0m 
         [32mapp-service && kubectl get endpoints app-service\"[0m[32m}[0m[32m"[0m                                                         
             [1m}[0m                                                                                                        
           [1m}[0m                                                                                                          
         [1m][0m                                                                                                            
[32mDEBUG   [0m ============== tool ==============                                                                           
[32mDEBUG   [0m NAME                   READY   STATUS    RESTARTS   AGE   IP             NODE       NOMINATED NODE           
         READINESS GATES                                                                                              
         kube-wrong-interface   [1;36m1[0m/[1;36m1[0m     Running   [1;36m0[0m          67s   [1;92m10.244.2.190[0m   minikube   [1m<[0m[1;95mnone[0m[39m>           <none>[0m  
         [39mNAME          TYPE       CLUSTER-IP       EXTERNAL-IP   [0m[1;35mPORT[0m[1;39m([0m[39mS[0m[1;39m)[0m[39m          AGE[0m                                 
         [39mapp-service   NodePort   [0m[1;92m10.110.183.178[0m[39m   <none[0m[1m>[0m        [1;92m8000:3075[0m7/TCP   6m47s                               
         NAME          ENDPOINTS           AGE                                                                        
         app-service   [1;92m10.244.2.190[0m:[1;36m8765[0m   6m48s                                                                      
                                                                                                                      
