New Run Response: {'status': 'New run started'}
Initialize Response: {'status': 'Agent initialized'}
Clear Knowledge Base Response: {'status': 'Knowledge base cleared', 'table': 'ai.local_rag_documents_text-embedding-3-small'}
Add URL Response: {'status': 'URL added', 'url': 'https://learnk8s.io/troubleshooting-deployments', 'table': 'local_rag_documents_text-embedding-3-small'}
DEBUG:  The pod stays at 0/1 Ready and restarts. Logs show a ModuleNotFoundError raised from a helper module imported by the server. Give specific commands to fix this issue. If modifying file contents is necessary, use the sed command to achieve this. If providing a file path, make sure to keep the full file path. Suggest only the essential steps needed to solve the issue. Be frugal. ### Durable Fix Guidance
- Prefer durable fixes to source files, manifests, Dockerfiles, or other declared configuration over editing files inside a running container. Treat running-container edits as temporary diagnostics unless the user explicitly asks for an ephemeral repair.
- When visible application source and Kubernetes manifests disagree, update the source-of-truth configuration so they are consistent, then reapply or recreate the affected workload so the live cluster reflects the corrected configuration.
- Do not skip a visible source/config mismatch solely because a quick localhost reachability check succeeds.
 ### Minikube Image Guidance
- For minikube-backed clusters, if rebuilding an application image is necessary, recommend building or loading the image into the active minikube profile rather than pushing to a remote registry.
- Prefer `PROFILE=${MINIKUBE_PROFILE:-$(kubectl config current-context)}` followed by `minikube -p "$PROFILE" image build -t <image>:<tag> -f <Dockerfile> <context>`.
- Do not recommend `docker push` or switching a Deployment to a new unpublished image tag unless registry credentials and pull access are explicitly available.
- Prefer manifest-only fixes when the application source and image contents do not need to change.
 ### Tool Usage Rules
- Do not attempt many commands in one tool call.
- Never repeat a tool call that has already been executed successfully in this run.
- If you need the result of a previous tool call, use the provided output rather than re-invoking it.
- Keep the tool call as simple as possible to avoid errors.
- Do not run long-lived or background commands such as `kubectl port-forward`, `Start-Process`, or `kubectl logs -f`; prefer single-shot commands that exit on their own.
- Do not use `kubectl port-forward`, background verification, `kubectl logs -f`, or `kubectl get -w`.
- For reachability checks, use the access path defined by the scenario: if a Service exists, verify via Service/endpoints/service-routed access; if no Service exists, use bounded direct checks such as `kubectl exec` with an in-container one-shot HTTP request.
- Prefer one-shot application checks such as `kubectl exec <pod> -- python3 -c "import urllib.request; print(urllib.request.urlopen('http://127.0.0.1:<port>/').getcode())"` when Python is available in the container.
 The file  /home/adibam/KubeLLM/debug_assistant_latest/troubleshooting/readiness_missing_dependency_transitive/readiness_missing_dependency_transitive.yaml  describes a deployment. This is the file contents: apiVersion: v1
kind: Pod
metadata:
  name: readiness-transitive-dependency-app
  labels:
    app: readiness-transitive-dependency-app
spec:
  containers:
  - name: app
    image: kube-readiness-transitive-dependency-app:latest
    imagePullPolicy: Never
    ports:
    - containerPort: 8080
    readinessProbe:
      httpGet:
        path: /ready
        port: 8080
      initialDelaySeconds: 2
      periodSeconds: 3
.
DEBUG:  The pod stays at 0/1 Ready and restarts. Logs show a ModuleNotFoundError raised from a helper module imported by the server. Give specific commands to fix this issue. If modifying file contents is necessary, use the sed command to achieve this. If providing a file path, make sure to keep the full file path. Suggest only the essential steps needed to solve the issue. Be frugal. ### Durable Fix Guidance
- Prefer durable fixes to source files, manifests, Dockerfiles, or other declared configuration over editing files inside a running container. Treat running-container edits as temporary diagnostics unless the user explicitly asks for an ephemeral repair.
- When visible application source and Kubernetes manifests disagree, update the source-of-truth configuration so they are consistent, then reapply or recreate the affected workload so the live cluster reflects the corrected configuration.
- Do not skip a visible source/config mismatch solely because a quick localhost reachability check succeeds.
 ### Minikube Image Guidance
- For minikube-backed clusters, if rebuilding an application image is necessary, recommend building or loading the image into the active minikube profile rather than pushing to a remote registry.
- Prefer `PROFILE=${MINIKUBE_PROFILE:-$(kubectl config current-context)}` followed by `minikube -p "$PROFILE" image build -t <image>:<tag> -f <Dockerfile> <context>`.
- Do not recommend `docker push` or switching a Deployment to a new unpublished image tag unless registry credentials and pull access are explicitly available.
- Prefer manifest-only fixes when the application source and image contents do not need to change.
 ### Tool Usage Rules
- Do not attempt many commands in one tool call.
- Never repeat a tool call that has already been executed successfully in this run.
- If you need the result of a previous tool call, use the provided output rather than re-invoking it.
- Keep the tool call as simple as possible to avoid errors.
- Do not run long-lived or background commands such as `kubectl port-forward`, `Start-Process`, or `kubectl logs -f`; prefer single-shot commands that exit on their own.
- Do not use `kubectl port-forward`, background verification, `kubectl logs -f`, or `kubectl get -w`.
- For reachability checks, use the access path defined by the scenario: if a Service exists, verify via Service/endpoints/service-routed access; if no Service exists, use bounded direct checks such as `kubectl exec` with an in-container one-shot HTTP request.
- Prefer one-shot application checks such as `kubectl exec <pod> -- python3 -c "import urllib.request; print(urllib.request.urlopen('http://127.0.0.1:<port>/').getcode())"` when Python is available in the container.
 The file  /home/adibam/KubeLLM/debug_assistant_latest/troubleshooting/readiness_missing_dependency_transitive/readiness_missing_dependency_transitive.yaml  describes a deployment. This is the file contents: apiVersion: v1
kind: Pod
metadata:
  name: readiness-transitive-dependency-app
  labels:
    app: readiness-transitive-dependency-app
spec:
  containers:
  - name: app
    image: kube-readiness-transitive-dependency-app:latest
    imagePullPolicy: Never
    ports:
    - containerPort: 8080
    readinessProbe:
      httpGet:
        path: /ready
        port: 8080
      initialDelaySeconds: 2
      periodSeconds: 3
. The file  /home/adibam/KubeLLM/debug_assistant_latest/troubleshooting/readiness_missing_dependency_transitive/server.py  describes a application. This is the file contents: from http.server import HTTPServer, BaseHTTPRequestHandler
from helper_config import STATUS_TEXT

class Handler(BaseHTTPRequestHandler):
    def do_GET(self):
        if self.path == "/ready":
            self.send_response(200)
            self.end_headers()
            self.wfile.write(str(STATUS_TEXT).encode())
        else:
            self.send_response(200)
            self.end_headers()
            self.wfile.write(b"ok")
HTTPServer(("0.0.0.0", 8080), Handler).serve_forever()
. The file  /home/adibam/KubeLLM/debug_assistant_latest/troubleshooting/readiness_missing_dependency_transitive/helper_config.py  describes a application. This is the file contents: import requests
STATUS_TEXT = requests.codes.ok
.
DEBUG:  The pod stays at 0/1 Ready and restarts. Logs show a ModuleNotFoundError raised from a helper module imported by the server. Give specific commands to fix this issue. If modifying file contents is necessary, use the sed command to achieve this. If providing a file path, make sure to keep the full file path. Suggest only the essential steps needed to solve the issue. Be frugal. ### Durable Fix Guidance
- Prefer durable fixes to source files, manifests, Dockerfiles, or other declared configuration over editing files inside a running container. Treat running-container edits as temporary diagnostics unless the user explicitly asks for an ephemeral repair.
- When visible application source and Kubernetes manifests disagree, update the source-of-truth configuration so they are consistent, then reapply or recreate the affected workload so the live cluster reflects the corrected configuration.
- Do not skip a visible source/config mismatch solely because a quick localhost reachability check succeeds.
 ### Minikube Image Guidance
- For minikube-backed clusters, if rebuilding an application image is necessary, recommend building or loading the image into the active minikube profile rather than pushing to a remote registry.
- Prefer `PROFILE=${MINIKUBE_PROFILE:-$(kubectl config current-context)}` followed by `minikube -p "$PROFILE" image build -t <image>:<tag> -f <Dockerfile> <context>`.
- Do not recommend `docker push` or switching a Deployment to a new unpublished image tag unless registry credentials and pull access are explicitly available.
- Prefer manifest-only fixes when the application source and image contents do not need to change.
 ### Tool Usage Rules
- Do not attempt many commands in one tool call.
- Never repeat a tool call that has already been executed successfully in this run.
- If you need the result of a previous tool call, use the provided output rather than re-invoking it.
- Keep the tool call as simple as possible to avoid errors.
- Do not run long-lived or background commands such as `kubectl port-forward`, `Start-Process`, or `kubectl logs -f`; prefer single-shot commands that exit on their own.
- Do not use `kubectl port-forward`, background verification, `kubectl logs -f`, or `kubectl get -w`.
- For reachability checks, use the access path defined by the scenario: if a Service exists, verify via Service/endpoints/service-routed access; if no Service exists, use bounded direct checks such as `kubectl exec` with an in-container one-shot HTTP request.
- Prefer one-shot application checks such as `kubectl exec <pod> -- python3 -c "import urllib.request; print(urllib.request.urlopen('http://127.0.0.1:<port>/').getcode())"` when Python is available in the container.
 The file  /home/adibam/KubeLLM/debug_assistant_latest/troubleshooting/readiness_missing_dependency_transitive/readiness_missing_dependency_transitive.yaml  describes a deployment. This is the file contents: apiVersion: v1
kind: Pod
metadata:
  name: readiness-transitive-dependency-app
  labels:
    app: readiness-transitive-dependency-app
spec:
  containers:
  - name: app
    image: kube-readiness-transitive-dependency-app:latest
    imagePullPolicy: Never
    ports:
    - containerPort: 8080
    readinessProbe:
      httpGet:
        path: /ready
        port: 8080
      initialDelaySeconds: 2
      periodSeconds: 3
. The file  /home/adibam/KubeLLM/debug_assistant_latest/troubleshooting/readiness_missing_dependency_transitive/server.py  describes a application. This is the file contents: from http.server import HTTPServer, BaseHTTPRequestHandler
from helper_config import STATUS_TEXT

class Handler(BaseHTTPRequestHandler):
    def do_GET(self):
        if self.path == "/ready":
            self.send_response(200)
            self.end_headers()
            self.wfile.write(str(STATUS_TEXT).encode())
        else:
            self.send_response(200)
            self.end_headers()
            self.wfile.write(b"ok")
HTTPServer(("0.0.0.0", 8080), Handler).serve_forever()
. The file  /home/adibam/KubeLLM/debug_assistant_latest/troubleshooting/readiness_missing_dependency_transitive/helper_config.py  describes a application. This is the file contents: import requests
STATUS_TEXT = requests.codes.ok
.
DEBUG:  The pod stays at 0/1 Ready and restarts. Logs show a ModuleNotFoundError raised from a helper module imported by the server. Give specific commands to fix this issue. If modifying file contents is necessary, use the sed command to achieve this. If providing a file path, make sure to keep the full file path. Suggest only the essential steps needed to solve the issue. Be frugal. ### Durable Fix Guidance
- Prefer durable fixes to source files, manifests, Dockerfiles, or other declared configuration over editing files inside a running container. Treat running-container edits as temporary diagnostics unless the user explicitly asks for an ephemeral repair.
- When visible application source and Kubernetes manifests disagree, update the source-of-truth configuration so they are consistent, then reapply or recreate the affected workload so the live cluster reflects the corrected configuration.
- Do not skip a visible source/config mismatch solely because a quick localhost reachability check succeeds.
 ### Minikube Image Guidance
- For minikube-backed clusters, if rebuilding an application image is necessary, recommend building or loading the image into the active minikube profile rather than pushing to a remote registry.
- Prefer `PROFILE=${MINIKUBE_PROFILE:-$(kubectl config current-context)}` followed by `minikube -p "$PROFILE" image build -t <image>:<tag> -f <Dockerfile> <context>`.
- Do not recommend `docker push` or switching a Deployment to a new unpublished image tag unless registry credentials and pull access are explicitly available.
- Prefer manifest-only fixes when the application source and image contents do not need to change.
 ### Tool Usage Rules
- Do not attempt many commands in one tool call.
- Never repeat a tool call that has already been executed successfully in this run.
- If you need the result of a previous tool call, use the provided output rather than re-invoking it.
- Keep the tool call as simple as possible to avoid errors.
- Do not run long-lived or background commands such as `kubectl port-forward`, `Start-Process`, or `kubectl logs -f`; prefer single-shot commands that exit on their own.
- Do not use `kubectl port-forward`, background verification, `kubectl logs -f`, or `kubectl get -w`.
- For reachability checks, use the access path defined by the scenario: if a Service exists, verify via Service/endpoints/service-routed access; if no Service exists, use bounded direct checks such as `kubectl exec` with an in-container one-shot HTTP request.
- Prefer one-shot application checks such as `kubectl exec <pod> -- python3 -c "import urllib.request; print(urllib.request.urlopen('http://127.0.0.1:<port>/').getcode())"` when Python is available in the container.
 The file  /home/adibam/KubeLLM/debug_assistant_latest/troubleshooting/readiness_missing_dependency_transitive/readiness_missing_dependency_transitive.yaml  describes a deployment. This is the file contents: apiVersion: v1
kind: Pod
metadata:
  name: readiness-transitive-dependency-app
  labels:
    app: readiness-transitive-dependency-app
spec:
  containers:
  - name: app
    image: kube-readiness-transitive-dependency-app:latest
    imagePullPolicy: Never
    ports:
    - containerPort: 8080
    readinessProbe:
      httpGet:
        path: /ready
        port: 8080
      initialDelaySeconds: 2
      periodSeconds: 3
. The file  /home/adibam/KubeLLM/debug_assistant_latest/troubleshooting/readiness_missing_dependency_transitive/server.py  describes a application. This is the file contents: from http.server import HTTPServer, BaseHTTPRequestHandler
from helper_config import STATUS_TEXT

class Handler(BaseHTTPRequestHandler):
    def do_GET(self):
        if self.path == "/ready":
            self.send_response(200)
            self.end_headers()
            self.wfile.write(str(STATUS_TEXT).encode())
        else:
            self.send_response(200)
            self.end_headers()
            self.wfile.write(b"ok")
HTTPServer(("0.0.0.0", 8080), Handler).serve_forever()
. The file  /home/adibam/KubeLLM/debug_assistant_latest/troubleshooting/readiness_missing_dependency_transitive/helper_config.py  describes a application. This is the file contents: import requests
STATUS_TEXT = requests.codes.ok
. The file  /home/adibam/KubeLLM/debug_assistant_latest/troubleshooting/readiness_missing_dependency_transitive/Dockerfile  describes a dockerfile. This is the file contents: FROM ubuntu:20.04
RUN apt-get update && apt-get install -y python3 python3-pip && rm -rf /var/lib/apt/lists/*
WORKDIR /app
COPY helper_config.py /app/helper_config.py
COPY server.py /app/server.py
EXPOSE 8080
CMD ["python3", "server.py"]
.
[32mDEBUG   [0m *********** Agent ID: [93m74e9ec25-cb1e-40e8-ada9-9389041b3a2e[0m ***********                                       
[32mDEBUG   [0m *********** Session ID: [93ma8e25c1a-ed69-400d-b95e-d2d18f2e6bb0[0m ***********                                     
[32mDEBUG   [0m Debug logs enabled                                                                                           
DEBUG:  The file  /home/adibam/KubeLLM/debug_assistant_latest/troubleshooting/readiness_missing_dependency_transitive/readiness_missing_dependency_transitive.yaml  describes a deployment. This is the file contents: apiVersion: v1
kind: Pod
metadata:
  name: readiness-transitive-dependency-app
  labels:
    app: readiness-transitive-dependency-app
spec:
  containers:
  - name: app
    image: kube-readiness-transitive-dependency-app:latest
    imagePullPolicy: Never
    ports:
    - containerPort: 8080
    readinessProbe:
      httpGet:
        path: /ready
        port: 8080
      initialDelaySeconds: 2
      periodSeconds: 3
.
DEBUG:  The file  /home/adibam/KubeLLM/debug_assistant_latest/troubleshooting/readiness_missing_dependency_transitive/readiness_missing_dependency_transitive.yaml  describes a deployment. This is the file contents: apiVersion: v1
kind: Pod
metadata:
  name: readiness-transitive-dependency-app
  labels:
    app: readiness-transitive-dependency-app
spec:
  containers:
  - name: app
    image: kube-readiness-transitive-dependency-app:latest
    imagePullPolicy: Never
    ports:
    - containerPort: 8080
    readinessProbe:
      httpGet:
        path: /ready
        port: 8080
      initialDelaySeconds: 2
      periodSeconds: 3
. The file  /home/adibam/KubeLLM/debug_assistant_latest/troubleshooting/readiness_missing_dependency_transitive/server.py  describes a application. This is the file contents: from http.server import HTTPServer, BaseHTTPRequestHandler
from helper_config import STATUS_TEXT

class Handler(BaseHTTPRequestHandler):
    def do_GET(self):
        if self.path == "/ready":
            self.send_response(200)
            self.end_headers()
            self.wfile.write(str(STATUS_TEXT).encode())
        else:
            self.send_response(200)
            self.end_headers()
            self.wfile.write(b"ok")
HTTPServer(("0.0.0.0", 8080), Handler).serve_forever()
. The file  /home/adibam/KubeLLM/debug_assistant_latest/troubleshooting/readiness_missing_dependency_transitive/helper_config.py  describes a application. This is the file contents: import requests
STATUS_TEXT = requests.codes.ok
.
DEBUG:  The file  /home/adibam/KubeLLM/debug_assistant_latest/troubleshooting/readiness_missing_dependency_transitive/readiness_missing_dependency_transitive.yaml  describes a deployment. This is the file contents: apiVersion: v1
kind: Pod
metadata:
  name: readiness-transitive-dependency-app
  labels:
    app: readiness-transitive-dependency-app
spec:
  containers:
  - name: app
    image: kube-readiness-transitive-dependency-app:latest
    imagePullPolicy: Never
    ports:
    - containerPort: 8080
    readinessProbe:
      httpGet:
        path: /ready
        port: 8080
      initialDelaySeconds: 2
      periodSeconds: 3
. The file  /home/adibam/KubeLLM/debug_assistant_latest/troubleshooting/readiness_missing_dependency_transitive/server.py  describes a application. This is the file contents: from http.server import HTTPServer, BaseHTTPRequestHandler
from helper_config import STATUS_TEXT

class Handler(BaseHTTPRequestHandler):
    def do_GET(self):
        if self.path == "/ready":
            self.send_response(200)
            self.end_headers()
            self.wfile.write(str(STATUS_TEXT).encode())
        else:
            self.send_response(200)
            self.end_headers()
            self.wfile.write(b"ok")
HTTPServer(("0.0.0.0", 8080), Handler).serve_forever()
. The file  /home/adibam/KubeLLM/debug_assistant_latest/troubleshooting/readiness_missing_dependency_transitive/helper_config.py  describes a application. This is the file contents: import requests
STATUS_TEXT = requests.codes.ok
.
DEBUG:  The file  /home/adibam/KubeLLM/debug_assistant_latest/troubleshooting/readiness_missing_dependency_transitive/readiness_missing_dependency_transitive.yaml  describes a deployment. This is the file contents: apiVersion: v1
kind: Pod
metadata:
  name: readiness-transitive-dependency-app
  labels:
    app: readiness-transitive-dependency-app
spec:
  containers:
  - name: app
    image: kube-readiness-transitive-dependency-app:latest
    imagePullPolicy: Never
    ports:
    - containerPort: 8080
    readinessProbe:
      httpGet:
        path: /ready
        port: 8080
      initialDelaySeconds: 2
      periodSeconds: 3
. The file  /home/adibam/KubeLLM/debug_assistant_latest/troubleshooting/readiness_missing_dependency_transitive/server.py  describes a application. This is the file contents: from http.server import HTTPServer, BaseHTTPRequestHandler
from helper_config import STATUS_TEXT

class Handler(BaseHTTPRequestHandler):
    def do_GET(self):
        if self.path == "/ready":
            self.send_response(200)
            self.end_headers()
            self.wfile.write(str(STATUS_TEXT).encode())
        else:
            self.send_response(200)
            self.end_headers()
            self.wfile.write(b"ok")
HTTPServer(("0.0.0.0", 8080), Handler).serve_forever()
. The file  /home/adibam/KubeLLM/debug_assistant_latest/troubleshooting/readiness_missing_dependency_transitive/helper_config.py  describes a application. This is the file contents: import requests
STATUS_TEXT = requests.codes.ok
. The file  /home/adibam/KubeLLM/debug_assistant_latest/troubleshooting/readiness_missing_dependency_transitive/Dockerfile  describes a dockerfile. This is the file contents: FROM ubuntu:20.04
RUN apt-get update && apt-get install -y python3 python3-pip && rm -rf /var/lib/apt/lists/*
WORKDIR /app
COPY helper_config.py /app/helper_config.py
COPY server.py /app/server.py
EXPOSE 8080
CMD ["python3", "server.py"]
.
[32mDEBUG   [0m *********** Agent Run Start: [93m8d9484be-0659-4a42-8d9f-2756eee5f18b[0m ***********                                
[32mDEBUG   [0m Function run_shell_command from shell_tools added to model.                                                  
[32mDEBUG   [0m ---------- Ollama Response Start ----------                                                                  
[32mDEBUG   [0m ============== system ==============                                                                         
[32mDEBUG   [0m ## Instructions                                                                                              
         - If all and only all commands fail to execute, declare that there was an error in trying to solve the issue,
         and end that statement with this token: [1m<[0m[1;95m|ERROR|[0m[39m>.[0m                                                           
         [39m- You have solved this issue only when the original user-visible problem is fixed in the live cluster. Verify[0m
         [39mthe relevant Kubernetes resources and application behavior with commands before declaring success; pod [0m      
         [39mRunning/Ready status alone is not sufficient unless the original problem is only pod startup.[0m                
         [39m- After every step, check whether the original problem is fixed in the live cluster. If you changed [0m         
         [39mmanifests, images, or cluster configuration, apply the change and verify the live resource state reflects it [0m
         [39mbefore declaring success.[0m                                                                                    
         [39m- If you believe you have met the goal, declare that you have solved the user's issue, and end that statement[0m
         [39mwith this token: <|SOLVED|>.[0m                                                                                 
         [39m- If the steps do not solve the issue, or if you need more information, declare that you cannot solve the [0m   
         [39missue, and end that statement with this token: <|FAILED|>.[0m                                                   
         [39m- Do not use live feed flags when checking the logs such as [0m[32m'kubectl logs -f'[0m                                
         [39m- Do not use commands like vim or vi[0m                                                                         
         [39m- Do not use commands that open up editors like [0m[32m'kubectl edit'[0m                                               
         [39m- Use markdown to format your answers.[0m                                                                       
                                                                                                                      
         [39m## Guidelines[0m                                                                                                
         [39mIf a command invocation is successful but gives no stdout nor stderr, then that is because that invocation [0m  
         [39mresulted in no output to stdout or stderr.[0m                                                                   
         [39mIf a command contains a placeholder name surrounded in angle brackets such as <pod_name>, for example, then [0m 
         [39m**do not** run that command as-is. First run a `kubectl get` command to find a real name to replace the [0m     
         [39mplaceholder name, then run the suggested command with the replaced name of the resource. For example, if you [0m
         [39msee `kubectl logs <pod_name[0m[1m>[0m -n example_namespace`, first run `kubectl get pods -n example_namespace` and use
         the name of the first pod you see.                                                                           
         Do not use live feed flags when checking the logs such as [32m'kubectl logs -f'[0m                                  
         If you do not conclude on an answer or a code then try again please.                                         
         Do not use commands like vim or vi                                                                           
         Do not use commands that open up editors like [32m'kubectl edit'[0m                                                 
[32mDEBUG   [0m ============== user ==============                                                                           
[32mDEBUG   [0m Perform the actions suggested here:                                                                          
         [1;36m1[0m. Update the Dockerfile to install the missing Python dependency [1m([0mrequests[1m)[0m. This edits the existing RUN    
         line to install requests via pip3.                                                                           
         ```bash                                                                                                      
         sed -i [32m's|apt-get update && apt-get install -y python3 python3-pip && rm -rf /var/lib/apt/lists/*|apt-get [0m   
         [32mupdate && apt-get install -y python3 python3-pip && pip3 install requests && rm -rf /var/lib/apt/lists/*|'[0m   
         [35m/home/adibam/KubeLLM/debug_assistant_latest/troubleshooting/readiness_missing_dependency_transitive/[0m[95mDockerfil[0m
         [95me[0m                                                                                                            
         ```                                                                                                          
                                                                                                                      
         [1;36m2[0m. Build the image into the active minikube profile [1m([0mthe Pod uses imagePullPolicy: Never so the local image  
         name must match[1m)[0m. Replace the context and Dockerfile path as needed [1m([0mhere using the provided paths[1m)[0m.         
         ```bash                                                                                                      
         [33mPROFILE[0m=$[1m{[0mMINIKUBE_PROFILE:-$[1m([0mkubectl config current-context[1m)[0m[1m}[0m                                               
         minikube -p [32m"$PROFILE"[0m image build -t kube-readiness-transitive-dependency-app:latest -f                     
         [35m/home/adibam/KubeLLM/debug_assistant_latest/troubleshooting/readiness_missing_dependency_transitive/[0m[95mDockerfil[0m
         [95me[0m [35m/home/adibam/KubeLLM/debug_assistant_latest/troubleshooting/[0m[95mreadiness_missing_dependency_transitive[0m        
         ```                                                                                                          
                                                                                                                      
         [1;36m3[0m. Recreate the Pod so it picks up the rebuilt image [1m([0mdelete then apply the manifest[1m)[0m.                       
         ```bash                                                                                                      
         kubectl delete pod readiness-transitive-dependency-app --ignore-not-found                                    
         kubectl apply -f                                                                                             
         [35m/home/adibam/KubeLLM/debug_assistant_latest/troubleshooting/readiness_missing_dependency_transitive/[0m[95mreadiness[0m
         [95m_missing_dependency_transitive.yaml[0m                                                                          
         ```                                                                                                          
                                                                                                                      
         [1;36m4[0m. Verify the Pod starts and check logs to confirm the ModuleNotFoundError is resolved.                      
         ```bash                                                                                                      
         kubectl get pod readiness-transitive-dependency-app -o wide                                                  
         kubectl logs readiness-transitive-dependency-app                                                             
         ```                                                                                                          
                                                                                                                      
         The relevant configuration file is located in this path:                                                     
         [35m/home/adibam/KubeLLM/debug_assistant_latest/troubleshooting/readiness_missing_dependency_transitive/[0m[95mreadiness[0m
         [95m_missing_dependency_transitive.yaml[0m                                                                          
         You can update these files if necessary. If any files are updated, make sure to delete and reapply the       
         configuration file.                                                                                          
         Do not use live feed flags when checking the logs such as [32m'kubectl logs -f'[0m                                  
         ### Tool Usage Rules                                                                                         
         - Do not attempt many commands in one tool call.                                                             
         - Never repeat a tool call that has already been executed successfully in this run.                          
         - If you need the result of a previous tool call, use the provided output rather than re-invoking it.        
         - Keep the tool call as simple as possible to avoid errors.                                                  
         - Do not run long-lived or background commands such as `kubectl port-forward`, `Start-Process`, or `kubectl  
         logs -f`; prefer single-shot commands that exit on their own.                                                
         - Do not use `kubectl port-forward`, background verification, `kubectl logs -f`, or `kubectl get -w`.        
         - For reachability checks, use the access path defined by the scenario: if a Service exists, verify via      
         Service/endpoints/service-routed access; if no Service exists, use bounded direct checks such as `kubectl    
         exec` with an in-container one-shot HTTP request.                                                            
         - Prefer one-shot application checks such as `kubectl exec [1m<[0m[1;95mpod[0m[39m> -- python3 -c [0m[32m"import urllib.request; [0m      
         [32mprint[0m[32m([0m[32murllib.request.urlopen[0m[32m([0m[32m'http://127.0.0.1:<port[0m[32m>[0m[32m/'[0m[32m)[0m[32m.getcode[0m[32m([0m[32m)[0m[32m)[0m[32m"[0m` when Python is available in the        
         container.                                                                                                   
                                                                                                                      
[32mDEBUG   [0m ============== assistant ==============                                                                      
[32mDEBUG   [0m Tool Calls: [1m[[0m                                                                                                
           [1m{[0m                                                                                                          
             [32m"type"[0m: [32m"function"[0m,                                                                                      
             [32m"function"[0m: [1m{[0m                                                                                            
               [32m"name"[0m: [32m"run_shell_command"[0m,                                                                           
               [32m"arguments"[0m: [32m"[0m[32m{[0m[32m\"command\": \"cat [0m                                                                     
         [32m/home/adibam/KubeLLM/debug_assistant_latest/troubleshooting/readiness_missing_dependency_transitive/Dockerfil[0m
         [32me\"[0m[32m}[0m[32m"[0m                                                                                                        
             [1m}[0m                                                                                                        
           [1m}[0m,                                                                                                         
           [1m{[0m                                                                                                          
             [32m"type"[0m: [32m"function"[0m,                                                                                      
             [32m"function"[0m: [1m{[0m                                                                                            
               [32m"name"[0m: [32m"run_shell_command"[0m,                                                                           
               [32m"arguments"[0m: [32m"[0m[32m{[0m[32m\"command\": \"kubectl get pods -A 2>/dev/null; kubectl config current-context\"[0m[32m}[0m[32m"[0m      
             [1m}[0m                                                                                                        
           [1m}[0m                                                                                                          
         [1m][0m                                                                                                            
[32mDEBUG   [0m **************** METRICS START ****************                                                              
[32mDEBUG   [0m * Time to generate response:   [1;36m36.[0m2729s                                                                      
[32mDEBUG   [0m * Tokens per second:           [1;36m3.4737[0m tokens/s                                                               
[32mDEBUG   [0m * Input tokens:                [1;36m1474[0m                                                                          
[32mDEBUG   [0m * Output tokens:               [1;36m126[0m                                                                           
[32mDEBUG   [0m * Total tokens:                [1;36m1600[0m                                                                          
[32mDEBUG   [0m **************** METRICS END ******************                                                              
[32mDEBUG   [0m Getting function run_shell_command                                                                           
[32mDEBUG   [0m Getting function run_shell_command                                                                           
[32mDEBUG   [0m Running: [1;35mrun_shell_command[0m[1m([0m[33mcommand[0m=[33m...[0m[1m)[0m                                                                      
[34mINFO    [0m Running shell command: cat                                                                                   
         [35m/home/adibam/KubeLLM/debug_assistant_latest/troubleshooting/readiness_missing_dependency_transitive/[0m[95mDockerfil[0m
         [95me[0m                                                                                                            
[32mDEBUG   [0m Return code: [1;36m0[0m                                                                                               
[32mDEBUG   [0m Running: [1;35mrun_shell_command[0m[1m([0m[33mcommand[0m=[35mkubectl[0m get pods -A [1;36m2[0m>[35m/dev/[0m[95mnull[0m; kubectl config current-context[1m)[0m          
[34mINFO    [0m Running shell command: kubectl get pods -A [1;36m2[0m>[35m/dev/[0m[95mnull[0m; kubectl config current-context                       
[32mDEBUG   [0m Return code: [1;36m0[0m                                                                                               
[32mDEBUG   [0m ---------- Ollama Response Start ----------                                                                  
[32mDEBUG   [0m ============== system ==============                                                                         
[32mDEBUG   [0m ## Instructions                                                                                              
         - If all and only all commands fail to execute, declare that there was an error in trying to solve the issue,
         and end that statement with this token: [1m<[0m[1;95m|ERROR|[0m[39m>.[0m                                                           
         [39m- You have solved this issue only when the original user-visible problem is fixed in the live cluster. Verify[0m
         [39mthe relevant Kubernetes resources and application behavior with commands before declaring success; pod [0m      
         [39mRunning/Ready status alone is not sufficient unless the original problem is only pod startup.[0m                
         [39m- After every step, check whether the original problem is fixed in the live cluster. If you changed [0m         
         [39mmanifests, images, or cluster configuration, apply the change and verify the live resource state reflects it [0m
         [39mbefore declaring success.[0m                                                                                    
         [39m- If you believe you have met the goal, declare that you have solved the user's issue, and end that statement[0m
         [39mwith this token: <|SOLVED|>.[0m                                                                                 
         [39m- If the steps do not solve the issue, or if you need more information, declare that you cannot solve the [0m   
         [39missue, and end that statement with this token: <|FAILED|>.[0m                                                   
         [39m- Do not use live feed flags when checking the logs such as [0m[32m'kubectl logs -f'[0m                                
         [39m- Do not use commands like vim or vi[0m                                                                         
         [39m- Do not use commands that open up editors like [0m[32m'kubectl edit'[0m                                               
         [39m- Use markdown to format your answers.[0m                                                                       
                                                                                                                      
         [39m## Guidelines[0m                                                                                                
         [39mIf a command invocation is successful but gives no stdout nor stderr, then that is because that invocation [0m  
         [39mresulted in no output to stdout or stderr.[0m                                                                   
         [39mIf a command contains a placeholder name surrounded in angle brackets such as <pod_name>, for example, then [0m 
         [39m**do not** run that command as-is. First run a `kubectl get` command to find a real name to replace the [0m     
         [39mplaceholder name, then run the suggested command with the replaced name of the resource. For example, if you [0m
         [39msee `kubectl logs <pod_name[0m[1m>[0m -n example_namespace`, first run `kubectl get pods -n example_namespace` and use
         the name of the first pod you see.                                                                           
         Do not use live feed flags when checking the logs such as [32m'kubectl logs -f'[0m                                  
         If you do not conclude on an answer or a code then try again please.                                         
         Do not use commands like vim or vi                                                                           
         Do not use commands that open up editors like [32m'kubectl edit'[0m                                                 
[32mDEBUG   [0m ============== user ==============                                                                           
[32mDEBUG   [0m Perform the actions suggested here:                                                                          
         [1;36m1[0m. Update the Dockerfile to install the missing Python dependency [1m([0mrequests[1m)[0m. This edits the existing RUN    
         line to install requests via pip3.                                                                           
         ```bash                                                                                                      
         sed -i [32m's|apt-get update && apt-get install -y python3 python3-pip && rm -rf /var/lib/apt/lists/*|apt-get [0m   
         [32mupdate && apt-get install -y python3 python3-pip && pip3 install requests && rm -rf /var/lib/apt/lists/*|'[0m   
         [35m/home/adibam/KubeLLM/debug_assistant_latest/troubleshooting/readiness_missing_dependency_transitive/[0m[95mDockerfil[0m
         [95me[0m                                                                                                            
         ```                                                                                                          
                                                                                                                      
         [1;36m2[0m. Build the image into the active minikube profile [1m([0mthe Pod uses imagePullPolicy: Never so the local image  
         name must match[1m)[0m. Replace the context and Dockerfile path as needed [1m([0mhere using the provided paths[1m)[0m.         
         ```bash                                                                                                      
         [33mPROFILE[0m=$[1m{[0mMINIKUBE_PROFILE:-$[1m([0mkubectl config current-context[1m)[0m[1m}[0m                                               
         minikube -p [32m"$PROFILE"[0m image build -t kube-readiness-transitive-dependency-app:latest -f                     
         [35m/home/adibam/KubeLLM/debug_assistant_latest/troubleshooting/readiness_missing_dependency_transitive/[0m[95mDockerfil[0m
         [95me[0m [35m/home/adibam/KubeLLM/debug_assistant_latest/troubleshooting/[0m[95mreadiness_missing_dependency_transitive[0m        
         ```                                                                                                          
                                                                                                                      
         [1;36m3[0m. Recreate the Pod so it picks up the rebuilt image [1m([0mdelete then apply the manifest[1m)[0m.                       
         ```bash                                                                                                      
         kubectl delete pod readiness-transitive-dependency-app --ignore-not-found                                    
         kubectl apply -f                                                                                             
         [35m/home/adibam/KubeLLM/debug_assistant_latest/troubleshooting/readiness_missing_dependency_transitive/[0m[95mreadiness[0m
         [95m_missing_dependency_transitive.yaml[0m                                                                          
         ```                                                                                                          
                                                                                                                      
         [1;36m4[0m. Verify the Pod starts and check logs to confirm the ModuleNotFoundError is resolved.                      
         ```bash                                                                                                      
         kubectl get pod readiness-transitive-dependency-app -o wide                                                  
         kubectl logs readiness-transitive-dependency-app                                                             
         ```                                                                                                          
                                                                                                                      
         The relevant configuration file is located in this path:                                                     
         [35m/home/adibam/KubeLLM/debug_assistant_latest/troubleshooting/readiness_missing_dependency_transitive/[0m[95mreadiness[0m
         [95m_missing_dependency_transitive.yaml[0m                                                                          
         You can update these files if necessary. If any files are updated, make sure to delete and reapply the       
         configuration file.                                                                                          
         Do not use live feed flags when checking the logs such as [32m'kubectl logs -f'[0m                                  
         ### Tool Usage Rules                                                                                         
         - Do not attempt many commands in one tool call.                                                             
         - Never repeat a tool call that has already been executed successfully in this run.                          
         - If you need the result of a previous tool call, use the provided output rather than re-invoking it.        
         - Keep the tool call as simple as possible to avoid errors.                                                  
         - Do not run long-lived or background commands such as `kubectl port-forward`, `Start-Process`, or `kubectl  
         logs -f`; prefer single-shot commands that exit on their own.                                                
         - Do not use `kubectl port-forward`, background verification, `kubectl logs -f`, or `kubectl get -w`.        
         - For reachability checks, use the access path defined by the scenario: if a Service exists, verify via      
         Service/endpoints/service-routed access; if no Service exists, use bounded direct checks such as `kubectl    
         exec` with an in-container one-shot HTTP request.                                                            
         - Prefer one-shot application checks such as `kubectl exec [1m<[0m[1;95mpod[0m[39m> -- python3 -c [0m[32m"import urllib.request; [0m      
         [32mprint[0m[32m([0m[32murllib.request.urlopen[0m[32m([0m[32m'http://127.0.0.1:<port[0m[32m>[0m[32m/'[0m[32m)[0m[32m.getcode[0m[32m([0m[32m)[0m[32m)[0m[32m"[0m` when Python is available in the        
         container.                                                                                                   
                                                                                                                      
[32mDEBUG   [0m ============== assistant ==============                                                                      
[32mDEBUG   [0m Tool Calls: [1m[[0m                                                                                                
           [1m{[0m                                                                                                          
             [32m"type"[0m: [32m"function"[0m,                                                                                      
             [32m"function"[0m: [1m{[0m                                                                                            
               [32m"name"[0m: [32m"run_shell_command"[0m,                                                                           
               [32m"arguments"[0m: [32m"[0m[32m{[0m[32m\"command\": \"cat [0m                                                                     
         [32m/home/adibam/KubeLLM/debug_assistant_latest/troubleshooting/readiness_missing_dependency_transitive/Dockerfil[0m
         [32me\"[0m[32m}[0m[32m"[0m                                                                                                        
             [1m}[0m                                                                                                        
           [1m}[0m,                                                                                                         
           [1m{[0m                                                                                                          
             [32m"type"[0m: [32m"function"[0m,                                                                                      
             [32m"function"[0m: [1m{[0m                                                                                            
               [32m"name"[0m: [32m"run_shell_command"[0m,                                                                           
               [32m"arguments"[0m: [32m"[0m[32m{[0m[32m\"command\": \"kubectl get pods -A 2>/dev/null; kubectl config current-context\"[0m[32m}[0m[32m"[0m      
             [1m}[0m                                                                                                        
           [1m}[0m                                                                                                          
         [1m][0m                                                                                                            
[32mDEBUG   [0m ============== tool ==============                                                                           
[32mDEBUG   [0m FROM ubuntu:[1;36m20.04[0m                                                                                            
         RUN apt-get update && apt-get install -y python3 python3-pip && rm -rf [35m/var/lib/apt/lists/[0m*                  
         WORKDIR [35m/[0m[95mapp[0m                                                                                                 
         COPY helper_config.py [35m/app/[0m[95mhelper_config.py[0m                                                                  
         COPY server.py [35m/app/[0m[95mserver.py[0m                                                                                
         EXPOSE [1;36m8080[0m                                                                                                  
         CMD [1m[[0m[32m"python3"[0m, [32m"server.py"[0m[1m][0m                                                                                 
                                                                                                                      
[32mDEBUG   [0m ============== tool ==============                                                                           
[32mDEBUG   [0m NAMESPACE     NAME                                  READY   STATUS             RESTARTS      AGE             
         default       readiness-transitive-dependency-app   [1;36m0[0m/[1;36m1[0m     CrashLoopBackOff   [1;36m3[0m [1m([0m34s ago[1m)[0m   77s             
         kube-system   coredns-6f6b679f8f-5zkx6              [1;36m1[0m/[1;36m1[0m     Running            [1;36m3[0m [1m([0m22d ago[1m)[0m   23d             
         kube-system   etcd-minikube                         [1;36m1[0m/[1;36m1[0m     Running            [1;36m3[0m [1m([0m22d ago[1m)[0m   23d             
         kube-system   kube-apiserver-minikube               [1;36m1[0m/[1;36m1[0m     Running            [1;36m3[0m [1m([0m22d ago[1m)[0m   23d             
         kube-system   kube-controller-manager-minikube      [1;36m1[0m/[1;36m1[0m     Running            [1;36m3[0m [1m([0m22d ago[1m)[0m   23d             
         kube-system   kube-proxy-28xkt                      [1;36m1[0m/[1;36m1[0m     Running            [1;36m3[0m [1m([0m22d ago[1m)[0m   23d             
         kube-system   kube-scheduler-minikube               [1;36m1[0m/[1;36m1[0m     Running            [1;36m3[0m [1m([0m22d ago[1m)[0m   23d             
         kube-system   storage-provisioner                   [1;36m1[0m/[1;36m1[0m     Running            [1;36m6[0m [1m([0m22d ago[1m)[0m   23d             
         minikube                                                                                                     
                                                                                                                      
[32mDEBUG   [0m ============== assistant ==============                                                                      
[32mDEBUG   [0m Tool Calls: [1m[[0m                                                                                                
           [1m{[0m                                                                                                          
             [32m"type"[0m: [32m"function"[0m,                                                                                      
             [32m"function"[0m: [1m{[0m                                                                                            
               [32m"name"[0m: [32m"run_shell_command"[0m,                                                                           
               [32m"arguments"[0m: [32m"[0m[32m{[0m[32m\"command\": \"cat [0m                                                                     
         [32m/home/adibam/KubeLLM/debug_assistant_latest/troubleshooting/readiness_missing_dependency_transitive/Dockerfil[0m
         [32me; echo ---; cat [0m                                                                                            
         [32m/home/adibam/KubeLLM/debug_assistant_latest/troubleshooting/readiness_missing_dependency_transitive/server.py[0m
         [32m; echo ---; cat [0m                                                                                             
         [32m/home/adibam/KubeLLM/debug_assistant_latest/troubleshooting/readiness_missing_dependency_transitive/helper_co[0m
         [32mnfig.py\"[0m[32m}[0m[32m"[0m                                                                                                  
             [1m}[0m                                                                                                        
           [1m}[0m,                                                                                                         
           [1m{[0m                                                                                                          
             [32m"type"[0m: [32m"function"[0m,                                                                                      
             [32m"function"[0m: [1m{[0m                                                                                            
               [32m"name"[0m: [32m"run_shell_command"[0m,                                                                           
               [32m"arguments"[0m: [32m"[0m[32m{[0m[32m\"command\": \"kubectl logs readiness-transitive-dependency-app --[0m[32mtail[0m[32m=[0m[32m50[0m[32m\"[0m[32m}[0m[32m"[0m           
             [1m}[0m                                                                                                        
           [1m}[0m                                                                                                          
         [1m][0m                                                                                                            
[32mDEBUG   [0m **************** METRICS START ****************                                                              
[32mDEBUG   [0m * Time to generate response:   [1;36m24.[0m1250s                                                                      
[32mDEBUG   [0m * Tokens per second:           [1;36m7.2953[0m tokens/s                                                               
[32mDEBUG   [0m * Input tokens:                [1;36m1852[0m                                                                          
[32mDEBUG   [0m * Output tokens:               [1;36m176[0m                                                                           
[32mDEBUG   [0m * Total tokens:                [1;36m2028[0m                                                                          
[32mDEBUG   [0m **************** METRICS END ******************                                                              
[32mDEBUG   [0m Getting function run_shell_command                                                                           
[32mDEBUG   [0m Getting function run_shell_command                                                                           
[32mDEBUG   [0m Running: [1;35mrun_shell_command[0m[1m([0m[33mcommand[0m=[33m...[0m[1m)[0m                                                                      
[34mINFO    [0m Running shell command: cat                                                                                   
         [35m/home/adibam/KubeLLM/debug_assistant_latest/troubleshooting/readiness_missing_dependency_transitive/[0m[95mDockerfil[0m
         [95me[0m; echo ---; cat                                                                                             
         [35m/home/adibam/KubeLLM/debug_assistant_latest/troubleshooting/readiness_missing_dependency_transitive/[0m[95mserver.py[0m
         ; echo ---; cat                                                                                              
         [35m/home/adibam/KubeLLM/debug_assistant_latest/troubleshooting/readiness_missing_dependency_transitive/[0m[95mhelper_co[0m
         [95mnfig.py[0m                                                                                                      
[32mDEBUG   [0m Return code: [1;36m0[0m                                                                                               
[32mDEBUG   [0m Running: [1;35mrun_shell_command[0m[1m([0m[33mcommand[0m=[35mkubectl[0m logs readiness-transitive-dependency-app --[33mtail[0m=[1;36m50[0m[1m)[0m               
[34mINFO    [0m Running shell command: kubectl logs readiness-transitive-dependency-app --[33mtail[0m=[1;36m50[0m                            
[32mDEBUG   [0m Return code: [1;36m0[0m                                                                                               
[32mDEBUG   [0m ---------- Ollama Response Start ----------                                                                  
[32mDEBUG   [0m ============== system ==============                                                                         
[32mDEBUG   [0m ## Instructions                                                                                              
         - If all and only all commands fail to execute, declare that there was an error in trying to solve the issue,
         and end that statement with this token: [1m<[0m[1;95m|ERROR|[0m[39m>.[0m                                                           
         [39m- You have solved this issue only when the original user-visible problem is fixed in the live cluster. Verify[0m
         [39mthe relevant Kubernetes resources and application behavior with commands before declaring success; pod [0m      
         [39mRunning/Ready status alone is not sufficient unless the original problem is only pod startup.[0m                
         [39m- After every step, check whether the original problem is fixed in the live cluster. If you changed [0m         
         [39mmanifests, images, or cluster configuration, apply the change and verify the live resource state reflects it [0m
         [39mbefore declaring success.[0m                                                                                    
         [39m- If you believe you have met the goal, declare that you have solved the user's issue, and end that statement[0m
         [39mwith this token: <|SOLVED|>.[0m                                                                                 
         [39m- If the steps do not solve the issue, or if you need more information, declare that you cannot solve the [0m   
         [39missue, and end that statement with this token: <|FAILED|>.[0m                                                   
         [39m- Do not use live feed flags when checking the logs such as [0m[32m'kubectl logs -f'[0m                                
         [39m- Do not use commands like vim or vi[0m                                                                         
         [39m- Do not use commands that open up editors like [0m[32m'kubectl edit'[0m                                               
         [39m- Use markdown to format your answers.[0m                                                                       
                                                                                                                      
         [39m## Guidelines[0m                                                                                                
         [39mIf a command invocation is successful but gives no stdout nor stderr, then that is because that invocation [0m  
         [39mresulted in no output to stdout or stderr.[0m                                                                   
         [39mIf a command contains a placeholder name surrounded in angle brackets such as <pod_name>, for example, then [0m 
         [39m**do not** run that command as-is. First run a `kubectl get` command to find a real name to replace the [0m     
         [39mplaceholder name, then run the suggested command with the replaced name of the resource. For example, if you [0m
         [39msee `kubectl logs <pod_name[0m[1m>[0m -n example_namespace`, first run `kubectl get pods -n example_namespace` and use
         the name of the first pod you see.                                                                           
         Do not use live feed flags when checking the logs such as [32m'kubectl logs -f'[0m                                  
         If you do not conclude on an answer or a code then try again please.                                         
         Do not use commands like vim or vi                                                                           
         Do not use commands that open up editors like [32m'kubectl edit'[0m                                                 
[32mDEBUG   [0m ============== user ==============                                                                           
[32mDEBUG   [0m Perform the actions suggested here:                                                                          
         [1;36m1[0m. Update the Dockerfile to install the missing Python dependency [1m([0mrequests[1m)[0m. This edits the existing RUN    
         line to install requests via pip3.                                                                           
         ```bash                                                                                                      
         sed -i [32m's|apt-get update && apt-get install -y python3 python3-pip && rm -rf /var/lib/apt/lists/*|apt-get [0m   
         [32mupdate && apt-get install -y python3 python3-pip && pip3 install requests && rm -rf /var/lib/apt/lists/*|'[0m   
         [35m/home/adibam/KubeLLM/debug_assistant_latest/troubleshooting/readiness_missing_dependency_transitive/[0m[95mDockerfil[0m
         [95me[0m                                                                                                            
         ```                                                                                                          
                                                                                                                      
         [1;36m2[0m. Build the image into the active minikube profile [1m([0mthe Pod uses imagePullPolicy: Never so the local image  
         name must match[1m)[0m. Replace the context and Dockerfile path as needed [1m([0mhere using the provided paths[1m)[0m.         
         ```bash                                                                                                      
         [33mPROFILE[0m=$[1m{[0mMINIKUBE_PROFILE:-$[1m([0mkubectl config current-context[1m)[0m[1m}[0m                                               
         minikube -p [32m"$PROFILE"[0m image build -t kube-readiness-transitive-dependency-app:latest -f                     
         [35m/home/adibam/KubeLLM/debug_assistant_latest/troubleshooting/readiness_missing_dependency_transitive/[0m[95mDockerfil[0m
         [95me[0m [35m/home/adibam/KubeLLM/debug_assistant_latest/troubleshooting/[0m[95mreadiness_missing_dependency_transitive[0m        
         ```                                                                                                          
                                                                                                                      
         [1;36m3[0m. Recreate the Pod so it picks up the rebuilt image [1m([0mdelete then apply the manifest[1m)[0m.                       
         ```bash                                                                                                      
         kubectl delete pod readiness-transitive-dependency-app --ignore-not-found                                    
         kubectl apply -f                                                                                             
         [35m/home/adibam/KubeLLM/debug_assistant_latest/troubleshooting/readiness_missing_dependency_transitive/[0m[95mreadiness[0m
         [95m_missing_dependency_transitive.yaml[0m                                                                          
         ```                                                                                                          
                                                                                                                      
         [1;36m4[0m. Verify the Pod starts and check logs to confirm the ModuleNotFoundError is resolved.                      
         ```bash                                                                                                      
         kubectl get pod readiness-transitive-dependency-app -o wide                                                  
         kubectl logs readiness-transitive-dependency-app                                                             
         ```                                                                                                          
                                                                                                                      
         The relevant configuration file is located in this path:                                                     
         [35m/home/adibam/KubeLLM/debug_assistant_latest/troubleshooting/readiness_missing_dependency_transitive/[0m[95mreadiness[0m
         [95m_missing_dependency_transitive.yaml[0m                                                                          
         You can update these files if necessary. If any files are updated, make sure to delete and reapply the       
         configuration file.                                                                                          
         Do not use live feed flags when checking the logs such as [32m'kubectl logs -f'[0m                                  
         ### Tool Usage Rules                                                                                         
         - Do not attempt many commands in one tool call.                                                             
         - Never repeat a tool call that has already been executed successfully in this run.                          
         - If you need the result of a previous tool call, use the provided output rather than re-invoking it.        
         - Keep the tool call as simple as possible to avoid errors.                                                  
         - Do not run long-lived or background commands such as `kubectl port-forward`, `Start-Process`, or `kubectl  
         logs -f`; prefer single-shot commands that exit on their own.                                                
         - Do not use `kubectl port-forward`, background verification, `kubectl logs -f`, or `kubectl get -w`.        
         - For reachability checks, use the access path defined by the scenario: if a Service exists, verify via      
         Service/endpoints/service-routed access; if no Service exists, use bounded direct checks such as `kubectl    
         exec` with an in-container one-shot HTTP request.                                                            
         - Prefer one-shot application checks such as `kubectl exec [1m<[0m[1;95mpod[0m[39m> -- python3 -c [0m[32m"import urllib.request; [0m      
         [32mprint[0m[32m([0m[32murllib.request.urlopen[0m[32m([0m[32m'http://127.0.0.1:<port[0m[32m>[0m[32m/'[0m[32m)[0m[32m.getcode[0m[32m([0m[32m)[0m[32m)[0m[32m"[0m` when Python is available in the        
         container.                                                                                                   
                                                                                                                      
[32mDEBUG   [0m ============== assistant ==============                                                                      
[32mDEBUG   [0m Tool Calls: [1m[[0m                                                                                                
           [1m{[0m                                                                                                          
             [32m"type"[0m: [32m"function"[0m,                                                                                      
             [32m"function"[0m: [1m{[0m                                                                                            
               [32m"name"[0m: [32m"run_shell_command"[0m,                                                                           
               [32m"arguments"[0m: [32m"[0m[32m{[0m[32m\"command\": \"cat [0m                                                                     
         [32m/home/adibam/KubeLLM/debug_assistant_latest/troubleshooting/readiness_missing_dependency_transitive/Dockerfil[0m
         [32me\"[0m[32m}[0m[32m"[0m                                                                                                        
             [1m}[0m                                                                                                        
           [1m}[0m,                                                                                                         
           [1m{[0m                                                                                                          
             [32m"type"[0m: [32m"function"[0m,                                                                                      
             [32m"function"[0m: [1m{[0m                                                                                            
               [32m"name"[0m: [32m"run_shell_command"[0m,                                                                           
               [32m"arguments"[0m: [32m"[0m[32m{[0m[32m\"command\": \"kubectl get pods -A 2>/dev/null; kubectl config current-context\"[0m[32m}[0m[32m"[0m      
             [1m}[0m                                                                                                        
           [1m}[0m                                                                                                          
         [1m][0m                                                                                                            
[32mDEBUG   [0m ============== tool ==============                                                                           
[32mDEBUG   [0m FROM ubuntu:[1;36m20.04[0m                                                                                            
         RUN apt-get update && apt-get install -y python3 python3-pip && rm -rf [35m/var/lib/apt/lists/[0m*                  
         WORKDIR [35m/[0m[95mapp[0m                                                                                                 
         COPY helper_config.py [35m/app/[0m[95mhelper_config.py[0m                                                                  
         COPY server.py [35m/app/[0m[95mserver.py[0m                                                                                
         EXPOSE [1;36m8080[0m                                                                                                  
         CMD [1m[[0m[32m"python3"[0m, [32m"server.py"[0m[1m][0m                                                                                 
                                                                                                                      
[32mDEBUG   [0m ============== tool ==============                                                                           
[32mDEBUG   [0m NAMESPACE     NAME                                  READY   STATUS             RESTARTS      AGE             
         default       readiness-transitive-dependency-app   [1;36m0[0m/[1;36m1[0m     CrashLoopBackOff   [1;36m3[0m [1m([0m34s ago[1m)[0m   77s             
         kube-system   coredns-6f6b679f8f-5zkx6              [1;36m1[0m/[1;36m1[0m     Running            [1;36m3[0m [1m([0m22d ago[1m)[0m   23d             
         kube-system   etcd-minikube                         [1;36m1[0m/[1;36m1[0m     Running            [1;36m3[0m [1m([0m22d ago[1m)[0m   23d             
         kube-system   kube-apiserver-minikube               [1;36m1[0m/[1;36m1[0m     Running            [1;36m3[0m [1m([0m22d ago[1m)[0m   23d             
         kube-system   kube-controller-manager-minikube      [1;36m1[0m/[1;36m1[0m     Running            [1;36m3[0m [1m([0m22d ago[1m)[0m   23d             
         kube-system   kube-proxy-28xkt                      [1;36m1[0m/[1;36m1[0m     Running            [1;36m3[0m [1m([0m22d ago[1m)[0m   23d             
         kube-system   kube-scheduler-minikube               [1;36m1[0m/[1;36m1[0m     Running            [1;36m3[0m [1m([0m22d ago[1m)[0m   23d             
         kube-system   storage-provisioner                   [1;36m1[0m/[1;36m1[0m     Running            [1;36m6[0m [1m([0m22d ago[1m)[0m   23d             
         minikube                                                                                                     
                                                                                                                      
[32mDEBUG   [0m ============== assistant ==============                                                                      
[32mDEBUG   [0m Tool Calls: [1m[[0m                                                                                                
           [1m{[0m                                                                                                          
             [32m"type"[0m: [32m"function"[0m,                                                                                      
             [32m"function"[0m: [1m{[0m                                                                                            
               [32m"name"[0m: [32m"run_shell_command"[0m,                                                                           
               [32m"arguments"[0m: [32m"[0m[32m{[0m[32m\"command\": \"cat [0m                                                                     
         [32m/home/adibam/KubeLLM/debug_assistant_latest/troubleshooting/readiness_missing_dependency_transitive/Dockerfil[0m
         [32me; echo ---; cat [0m                                                                                            
         [32m/home/adibam/KubeLLM/debug_assistant_latest/troubleshooting/readiness_missing_dependency_transitive/server.py[0m
         [32m; echo ---; cat [0m                                                                                             
         [32m/home/adibam/KubeLLM/debug_assistant_latest/troubleshooting/readiness_missing_dependency_transitive/helper_co[0m
         [32mnfig.py\"[0m[32m}[0m[32m"[0m                                                                                                  
             [1m}[0m                                                                                                        
           [1m}[0m,                                                                                                         
           [1m{[0m                                                                                                          
             [32m"type"[0m: [32m"function"[0m,                                                                                      
             [32m"function"[0m: [1m{[0m                                                                                            
               [32m"name"[0m: [32m"run_shell_command"[0m,                                                                           
               [32m"arguments"[0m: [32m"[0m[32m{[0m[32m\"command\": \"kubectl logs readiness-transitive-dependency-app --[0m[32mtail[0m[32m=[0m[32m50[0m[32m\"[0m[32m}[0m[32m"[0m           
             [1m}[0m                                                                                                        
           [1m}[0m                                                                                                          
         [1m][0m                                                                                                            
[32mDEBUG   [0m ============== tool ==============                                                                           
[32mDEBUG   [0m FROM ubuntu:[1;36m20.04[0m                                                                                            
         RUN apt-get update && apt-get install -y python3 python3-pip && rm -rf [35m/var/lib/apt/lists/[0m*                  
         WORKDIR [35m/[0m[95mapp[0m                                                                                                 
         COPY helper_config.py [35m/app/[0m[95mhelper_config.py[0m                                                                  
         COPY server.py [35m/app/[0m[95mserver.py[0m                                                                                
         EXPOSE [1;36m8080[0m                                                                                                  
         CMD [1m[[0m[32m"python3"[0m, [32m"server.py"[0m[1m][0m                                                                                 
         ---                                                                                                          
         from http.server import HTTPServer, BaseHTTPRequestHandler                                                   
         from helper_config import STATUS_TEXT                                                                        
                                                                                                                      
         class [1;35mHandler[0m[1m([0mBaseHTTPRequestHandler[1m)[0m:                                                                       
             def [1;35mdo_[0m[1;33mGET[0m[1m([0mself[1m)[0m:                                                                                        
                 if self.path == [32m"/ready"[0m:                                                                            
                     [1;35mself.send_response[0m[1m([0m[1;36m200[0m[1m)[0m                                                                          
                     [1;35mself.end_headers[0m[1m([0m[1m)[0m                                                                               
                     [1;35mself.wfile.write[0m[1m([0m[1;35mstr[0m[1m([0mSTATUS_TEXT[1m)[0m[1;35m.encode[0m[1m([0m[1m)[0m[1m)[0m                                                      
                 else:                                                                                                
                     [1;35mself.send_response[0m[1m([0m[1;36m200[0m[1m)[0m                                                                          
                     [1;35mself.end_headers[0m[1m([0m[1m)[0m                                                                               
                     [1;35mself.wfile.write[0m[1m([0m[32mb"ok"[0m[1m)[0m                                                                          
         [1;35mHTTPServer[0m[1m([0m[1m([0m[32m"0.0.0.0"[0m, [1;36m8080[0m[1m)[0m, Handler[1m)[0m[1;35m.serve_forever[0m[1m([0m[1m)[0m                                                       
         ---                                                                                                          
         import requests                                                                                              
         STATUS_TEXT = requests.codes.ok                                                                              
                                                                                                                      
[32mDEBUG   [0m ============== tool ==============                                                                           
[32mDEBUG   [0m Traceback [1m([0mmost recent call last[1m)[0m:                                                                           
           File [32m"server.py"[0m, line [1;36m2[0m, in [1m<[0m[1;95mmodule[0m[39m>[0m                                                                      
         [39m    from helper_config import STATUS_TEXT[0m                                                                    
         [39m  File [0m[32m"/app/helper_config.py"[0m[39m, line [0m[1;36m1[0m[39m, in <module[0m[1m>[0m                                                          
             import requests                                                                                          
         ModuleNotFoundError: No module named [32m'requests'[0m                                                              
                                                                                                                      
[32mDEBUG   [0m ============== assistant ==============                                                                      
[32mDEBUG   [0m Tool Calls: [1m[[0m                                                                                                
           [1m{[0m                                                                                                          
             [32m"type"[0m: [32m"function"[0m,                                                                                      
             [32m"function"[0m: [1m{[0m                                                                                            
               [32m"name"[0m: [32m"run_shell_command"[0m,                                                                           
               [32m"arguments"[0m: [32m"[0m[32m{[0m[32m\"command\": \"sed -i 's|apt-get update && apt-get install -y python3 python3-pip && rm [0m
         [32m-rf /var/lib/apt/lists/\\\\*|apt-get update && apt-get install -y python3 python3-pip && pip3 install [0m       
         [32mrequests && rm -rf /var/lib/apt/lists/*|' [0m                                                                   
         [32m/home/adibam/KubeLLM/debug_assistant_latest/troubleshooting/readiness_missing_dependency_transitive/Dockerfil[0m
         [32me && cat [0m                                                                                                    
         [32m/home/adibam/KubeLLM/debug_assistant_latest/troubleshooting/readiness_missing_dependency_transitive/Dockerfil[0m
         [32me\"[0m[32m}[0m[32m"[0m                                                                                                        
             [1m}[0m                                                                                                        
           [1m}[0m                                                                                                          
         [1m][0m                                                                                                            
[32mDEBUG   [0m **************** METRICS START ****************                                                              
[32mDEBUG   [0m * Time to generate response:   [1;36m24.[0m5427s                                                                      
[32mDEBUG   [0m * Tokens per second:           [1;36m7.1304[0m tokens/s                                                               
[32mDEBUG   [0m * Input tokens:                [1;36m2151[0m                                                                          
[32mDEBUG   [0m * Output tokens:               [1;36m175[0m                                                                           
[32mDEBUG   [0m * Total tokens:                [1;36m2326[0m                                                                          
[32mDEBUG   [0m **************** METRICS END ******************                                                              
[32mDEBUG   [0m Getting function run_shell_command                                                                           
[32mDEBUG   [0m Running: [1;35mrun_shell_command[0m[1m([0m[33mcommand[0m=[33m...[0m[1m)[0m                                                                      
[34mINFO    [0m Running shell command: sed -i [32m's|apt-get update && apt-get install -y python3 python3-pip && rm -rf [0m         
         [32m/var/lib/apt/lists/\*|apt-get update && apt-get install -y python3 python3-pip && pip3 install requests && rm[0m
         [32m-rf /var/lib/apt/lists/*|'[0m                                                                                   
         [35m/home/adibam/KubeLLM/debug_assistant_latest/troubleshooting/readiness_missing_dependency_transitive/[0m[95mDockerfil[0m
         [95me[0m && cat                                                                                                     
         [35m/home/adibam/KubeLLM/debug_assistant_latest/troubleshooting/readiness_missing_dependency_transitive/[0m[95mDockerfil[0m
         [95me[0m                                                                                                            
[32mDEBUG   [0m Return code: [1;36m0[0m                                                                                               
[32mDEBUG   [0m ---------- Ollama Response Start ----------                                                                  
[32mDEBUG   [0m ============== system ==============                                                                         
[32mDEBUG   [0m ## Instructions                                                                                              
         - If all and only all commands fail to execute, declare that there was an error in trying to solve the issue,
         and end that statement with this token: [1m<[0m[1;95m|ERROR|[0m[39m>.[0m                                                           
         [39m- You have solved this issue only when the original user-visible problem is fixed in the live cluster. Verify[0m
         [39mthe relevant Kubernetes resources and application behavior with commands before declaring success; pod [0m      
         [39mRunning/Ready status alone is not sufficient unless the original problem is only pod startup.[0m                
         [39m- After every step, check whether the original problem is fixed in the live cluster. If you changed [0m         
         [39mmanifests, images, or cluster configuration, apply the change and verify the live resource state reflects it [0m
         [39mbefore declaring success.[0m                                                                                    
         [39m- If you believe you have met the goal, declare that you have solved the user's issue, and end that statement[0m
         [39mwith this token: <|SOLVED|>.[0m                                                                                 
         [39m- If the steps do not solve the issue, or if you need more information, declare that you cannot solve the [0m   
         [39missue, and end that statement with this token: <|FAILED|>.[0m                                                   
         [39m- Do not use live feed flags when checking the logs such as [0m[32m'kubectl logs -f'[0m                                
         [39m- Do not use commands like vim or vi[0m                                                                         
         [39m- Do not use commands that open up editors like [0m[32m'kubectl edit'[0m                                               
         [39m- Use markdown to format your answers.[0m                                                                       
                                                                                                                      
         [39m## Guidelines[0m                                                                                                
         [39mIf a command invocation is successful but gives no stdout nor stderr, then that is because that invocation [0m  
         [39mresulted in no output to stdout or stderr.[0m                                                                   
         [39mIf a command contains a placeholder name surrounded in angle brackets such as <pod_name>, for example, then [0m 
         [39m**do not** run that command as-is. First run a `kubectl get` command to find a real name to replace the [0m     
         [39mplaceholder name, then run the suggested command with the replaced name of the resource. For example, if you [0m
         [39msee `kubectl logs <pod_name[0m[1m>[0m -n example_namespace`, first run `kubectl get pods -n example_namespace` and use
         the name of the first pod you see.                                                                           
         Do not use live feed flags when checking the logs such as [32m'kubectl logs -f'[0m                                  
         If you do not conclude on an answer or a code then try again please.                                         
         Do not use commands like vim or vi                                                                           
         Do not use commands that open up editors like [32m'kubectl edit'[0m                                                 
[32mDEBUG   [0m ============== user ==============                                                                           
[32mDEBUG   [0m Perform the actions suggested here:                                                                          
         [1;36m1[0m. Update the Dockerfile to install the missing Python dependency [1m([0mrequests[1m)[0m. This edits the existing RUN    
         line to install requests via pip3.                                                                           
         ```bash                                                                                                      
         sed -i [32m's|apt-get update && apt-get install -y python3 python3-pip && rm -rf /var/lib/apt/lists/*|apt-get [0m   
         [32mupdate && apt-get install -y python3 python3-pip && pip3 install requests && rm -rf /var/lib/apt/lists/*|'[0m   
         [35m/home/adibam/KubeLLM/debug_assistant_latest/troubleshooting/readiness_missing_dependency_transitive/[0m[95mDockerfil[0m
         [95me[0m                                                                                                            
         ```                                                                                                          
                                                                                                                      
         [1;36m2[0m. Build the image into the active minikube profile [1m([0mthe Pod uses imagePullPolicy: Never so the local image  
         name must match[1m)[0m. Replace the context and Dockerfile path as needed [1m([0mhere using the provided paths[1m)[0m.         
         ```bash                                                                                                      
         [33mPROFILE[0m=$[1m{[0mMINIKUBE_PROFILE:-$[1m([0mkubectl config current-context[1m)[0m[1m}[0m                                               
         minikube -p [32m"$PROFILE"[0m image build -t kube-readiness-transitive-dependency-app:latest -f                     
         [35m/home/adibam/KubeLLM/debug_assistant_latest/troubleshooting/readiness_missing_dependency_transitive/[0m[95mDockerfil[0m
         [95me[0m [35m/home/adibam/KubeLLM/debug_assistant_latest/troubleshooting/[0m[95mreadiness_missing_dependency_transitive[0m        
         ```                                                                                                          
                                                                                                                      
         [1;36m3[0m. Recreate the Pod so it picks up the rebuilt image [1m([0mdelete then apply the manifest[1m)[0m.                       
         ```bash                                                                                                      
         kubectl delete pod readiness-transitive-dependency-app --ignore-not-found                                    
         kubectl apply -f                                                                                             
         [35m/home/adibam/KubeLLM/debug_assistant_latest/troubleshooting/readiness_missing_dependency_transitive/[0m[95mreadiness[0m
         [95m_missing_dependency_transitive.yaml[0m                                                                          
         ```                                                                                                          
                                                                                                                      
         [1;36m4[0m. Verify the Pod starts and check logs to confirm the ModuleNotFoundError is resolved.                      
         ```bash                                                                                                      
         kubectl get pod readiness-transitive-dependency-app -o wide                                                  
         kubectl logs readiness-transitive-dependency-app                                                             
         ```                                                                                                          
                                                                                                                      
         The relevant configuration file is located in this path:                                                     
         [35m/home/adibam/KubeLLM/debug_assistant_latest/troubleshooting/readiness_missing_dependency_transitive/[0m[95mreadiness[0m
         [95m_missing_dependency_transitive.yaml[0m                                                                          
         You can update these files if necessary. If any files are updated, make sure to delete and reapply the       
         configuration file.                                                                                          
         Do not use live feed flags when checking the logs such as [32m'kubectl logs -f'[0m                                  
         ### Tool Usage Rules                                                                                         
         - Do not attempt many commands in one tool call.                                                             
         - Never repeat a tool call that has already been executed successfully in this run.                          
         - If you need the result of a previous tool call, use the provided output rather than re-invoking it.        
         - Keep the tool call as simple as possible to avoid errors.                                                  
         - Do not run long-lived or background commands such as `kubectl port-forward`, `Start-Process`, or `kubectl  
         logs -f`; prefer single-shot commands that exit on their own.                                                
         - Do not use `kubectl port-forward`, background verification, `kubectl logs -f`, or `kubectl get -w`.        
         - For reachability checks, use the access path defined by the scenario: if a Service exists, verify via      
         Service/endpoints/service-routed access; if no Service exists, use bounded direct checks such as `kubectl    
         exec` with an in-container one-shot HTTP request.                                                            
         - Prefer one-shot application checks such as `kubectl exec [1m<[0m[1;95mpod[0m[39m> -- python3 -c [0m[32m"import urllib.request; [0m      
         [32mprint[0m[32m([0m[32murllib.request.urlopen[0m[32m([0m[32m'http://127.0.0.1:<port[0m[32m>[0m[32m/'[0m[32m)[0m[32m.getcode[0m[32m([0m[32m)[0m[32m)[0m[32m"[0m` when Python is available in the        
         container.                                                                                                   
                                                                                                                      
[32mDEBUG   [0m ============== assistant ==============                                                                      
[32mDEBUG   [0m Tool Calls: [1m[[0m                                                                                                
           [1m{[0m                                                                                                          
             [32m"type"[0m: [32m"function"[0m,                                                                                      
             [32m"function"[0m: [1m{[0m                                                                                            
               [32m"name"[0m: [32m"run_shell_command"[0m,                                                                           
               [32m"arguments"[0m: [32m"[0m[32m{[0m[32m\"command\": \"cat [0m                                                                     
         [32m/home/adibam/KubeLLM/debug_assistant_latest/troubleshooting/readiness_missing_dependency_transitive/Dockerfil[0m
         [32me\"[0m[32m}[0m[32m"[0m                                                                                                        
             [1m}[0m                                                                                                        
           [1m}[0m,                                                                                                         
           [1m{[0m                                                                                                          
             [32m"type"[0m: [32m"function"[0m,                                                                                      
             [32m"function"[0m: [1m{[0m                                                                                            
               [32m"name"[0m: [32m"run_shell_command"[0m,                                                                           
               [32m"arguments"[0m: [32m"[0m[32m{[0m[32m\"command\": \"kubectl get pods -A 2>/dev/null; kubectl config current-context\"[0m[32m}[0m[32m"[0m      
             [1m}[0m                                                                                                        
           [1m}[0m                                                                                                          
         [1m][0m                                                                                                            
[32mDEBUG   [0m ============== tool ==============                                                                           
[32mDEBUG   [0m FROM ubuntu:[1;36m20.04[0m                                                                                            
         RUN apt-get update && apt-get install -y python3 python3-pip && rm -rf [35m/var/lib/apt/lists/[0m*                  
         WORKDIR [35m/[0m[95mapp[0m                                                                                                 
         COPY helper_config.py [35m/app/[0m[95mhelper_config.py[0m                                                                  
         COPY server.py [35m/app/[0m[95mserver.py[0m                                                                                
         EXPOSE [1;36m8080[0m                                                                                                  
         CMD [1m[[0m[32m"python3"[0m, [32m"server.py"[0m[1m][0m                                                                                 
                                                                                                                      
[32mDEBUG   [0m ============== tool ==============                                                                           
[32mDEBUG   [0m NAMESPACE     NAME                                  READY   STATUS             RESTARTS      AGE             
         default       readiness-transitive-dependency-app   [1;36m0[0m/[1;36m1[0m     CrashLoopBackOff   [1;36m3[0m [1m([0m34s ago[1m)[0m   77s             
         kube-system   coredns-6f6b679f8f-5zkx6              [1;36m1[0m/[1;36m1[0m     Running            [1;36m3[0m [1m([0m22d ago[1m)[0m   23d             
         kube-system   etcd-minikube                         [1;36m1[0m/[1;36m1[0m     Running            [1;36m3[0m [1m([0m22d ago[1m)[0m   23d             
         kube-system   kube-apiserver-minikube               [1;36m1[0m/[1;36m1[0m     Running            [1;36m3[0m [1m([0m22d ago[1m)[0m   23d             
         kube-system   kube-controller-manager-minikube      [1;36m1[0m/[1;36m1[0m     Running            [1;36m3[0m [1m([0m22d ago[1m)[0m   23d             
         kube-system   kube-proxy-28xkt                      [1;36m1[0m/[1;36m1[0m     Running            [1;36m3[0m [1m([0m22d ago[1m)[0m   23d             
         kube-system   kube-scheduler-minikube               [1;36m1[0m/[1;36m1[0m     Running            [1;36m3[0m [1m([0m22d ago[1m)[0m   23d             
         kube-system   storage-provisioner                   [1;36m1[0m/[1;36m1[0m     Running            [1;36m6[0m [1m([0m22d ago[1m)[0m   23d             
         minikube                                                                                                     
                                                                                                                      
[32mDEBUG   [0m ============== assistant ==============                                                                      
[32mDEBUG   [0m Tool Calls: [1m[[0m                                                                                                
           [1m{[0m                                                                                                          
             [32m"type"[0m: [32m"function"[0m,                                                                                      
             [32m"function"[0m: [1m{[0m                                                                                            
               [32m"name"[0m: [32m"run_shell_command"[0m,                                                                           
               [32m"arguments"[0m: [32m"[0m[32m{[0m[32m\"command\": \"cat [0m                                                                     
         [32m/home/adibam/KubeLLM/debug_assistant_latest/troubleshooting/readiness_missing_dependency_transitive/Dockerfil[0m
         [32me; echo ---; cat [0m                                                                                            
         [32m/home/adibam/KubeLLM/debug_assistant_latest/troubleshooting/readiness_missing_dependency_transitive/server.py[0m
         [32m; echo ---; cat [0m                                                                                             
         [32m/home/adibam/KubeLLM/debug_assistant_latest/troubleshooting/readiness_missing_dependency_transitive/helper_co[0m
         [32mnfig.py\"[0m[32m}[0m[32m"[0m                                                                                                  
             [1m}[0m                                                                                                        
           [1m}[0m,                                                                                                         
           [1m{[0m                                                                                                          
             [32m"type"[0m: [32m"function"[0m,                                                                                      
             [32m"function"[0m: [1m{[0m                                                                                            
               [32m"name"[0m: [32m"run_shell_command"[0m,                                                                           
               [32m"arguments"[0m: [32m"[0m[32m{[0m[32m\"command\": \"kubectl logs readiness-transitive-dependency-app --[0m[32mtail[0m[32m=[0m[32m50[0m[32m\"[0m[32m}[0m[32m"[0m           
             [1m}[0m                                                                                                        
           [1m}[0m                                                                                                          
         [1m][0m                                                                                                            
[32mDEBUG   [0m ============== tool ==============                                                                           
[32mDEBUG   [0m FROM ubuntu:[1;36m20.04[0m                                                                                            
         RUN apt-get update && apt-get install -y python3 python3-pip && rm -rf [35m/var/lib/apt/lists/[0m*                  
         WORKDIR [35m/[0m[95mapp[0m                                                                                                 
         COPY helper_config.py [35m/app/[0m[95mhelper_config.py[0m                                                                  
         COPY server.py [35m/app/[0m[95mserver.py[0m                                                                                
         EXPOSE [1;36m8080[0m                                                                                                  
         CMD [1m[[0m[32m"python3"[0m, [32m"server.py"[0m[1m][0m                                                                                 
         ---                                                                                                          
         from http.server import HTTPServer, BaseHTTPRequestHandler                                                   
         from helper_config import STATUS_TEXT                                                                        
                                                                                                                      
         class [1;35mHandler[0m[1m([0mBaseHTTPRequestHandler[1m)[0m:                                                                       
             def [1;35mdo_[0m[1;33mGET[0m[1m([0mself[1m)[0m:                                                                                        
                 if self.path == [32m"/ready"[0m:                                                                            
                     [1;35mself.send_response[0m[1m([0m[1;36m200[0m[1m)[0m                                                                          
                     [1;35mself.end_headers[0m[1m([0m[1m)[0m                                                                               
                     [1;35mself.wfile.write[0m[1m([0m[1;35mstr[0m[1m([0mSTATUS_TEXT[1m)[0m[1;35m.encode[0m[1m([0m[1m)[0m[1m)[0m                                                      
                 else:                                                                                                
                     [1;35mself.send_response[0m[1m([0m[1;36m200[0m[1m)[0m                                                                          
                     [1;35mself.end_headers[0m[1m([0m[1m)[0m                                                                               
                     [1;35mself.wfile.write[0m[1m([0m[32mb"ok"[0m[1m)[0m                                                                          
         [1;35mHTTPServer[0m[1m([0m[1m([0m[32m"0.0.0.0"[0m, [1;36m8080[0m[1m)[0m, Handler[1m)[0m[1;35m.serve_forever[0m[1m([0m[1m)[0m                                                       
         ---                                                                                                          
         import requests                                                                                              
         STATUS_TEXT = requests.codes.ok                                                                              
                                                                                                                      
[32mDEBUG   [0m ============== tool ==============                                                                           
[32mDEBUG   [0m Traceback [1m([0mmost recent call last[1m)[0m:                                                                           
           File [32m"server.py"[0m, line [1;36m2[0m, in [1m<[0m[1;95mmodule[0m[39m>[0m                                                                      
         [39m    from helper_config import STATUS_TEXT[0m                                                                    
         [39m  File [0m[32m"/app/helper_config.py"[0m[39m, line [0m[1;36m1[0m[39m, in <module[0m[1m>[0m                                                          
             import requests                                                                                          
         ModuleNotFoundError: No module named [32m'requests'[0m                                                              
                                                                                                                      
[32mDEBUG   [0m ============== assistant ==============                                                                      
[32mDEBUG   [0m Tool Calls: [1m[[0m                                                                                                
           [1m{[0m                                                                                                          
             [32m"type"[0m: [32m"function"[0m,                                                                                      
             [32m"function"[0m: [1m{[0m                                                                                            
               [32m"name"[0m: [32m"run_shell_command"[0m,                                                                           
               [32m"arguments"[0m: [32m"[0m[32m{[0m[32m\"command\": \"sed -i 's|apt-get update && apt-get install -y python3 python3-pip && rm [0m
         [32m-rf /var/lib/apt/lists/\\\\*|apt-get update && apt-get install -y python3 python3-pip && pip3 install [0m       
         [32mrequests && rm -rf /var/lib/apt/lists/*|' [0m                                                                   
         [32m/home/adibam/KubeLLM/debug_assistant_latest/troubleshooting/readiness_missing_dependency_transitive/Dockerfil[0m
         [32me && cat [0m                                                                                                    
         [32m/home/adibam/KubeLLM/debug_assistant_latest/troubleshooting/readiness_missing_dependency_transitive/Dockerfil[0m
         [32me\"[0m[32m}[0m[32m"[0m                                                                                                        
             [1m}[0m                                                                                                        
           [1m}[0m                                                                                                          
         [1m][0m                                                                                                            
[32mDEBUG   [0m ============== tool ==============                                                                           
[32mDEBUG   [0m FROM ubuntu:[1;36m20.04[0m                                                                                            
         RUN apt-get update apt-get update && apt-get install -y python3 python3-pip && rm -rf                        
         [35m/var/lib/apt/lists/[0m*apt-get update && apt-get install -y python3 python3-pip && rm -rf [35m/var/lib/apt/lists/[0m*  
         apt-get install -y python3 python3-pip apt-get update && apt-get install -y python3 python3-pip && rm -rf    
         [35m/var/lib/apt/lists/[0m*apt-get update && apt-get install -y python3 python3-pip && rm -rf [35m/var/lib/apt/lists/[0m*  
         pip3 install requests apt-get update && apt-get install -y python3 python3-pip && rm -rf                     
         [35m/var/lib/apt/lists/[0m*apt-get update && apt-get install -y python3 python3-pip && rm -rf [35m/var/lib/apt/lists/[0m*  
         rm -rf [35m/var/lib/apt/lists/[0m*                                                                                  
         WORKDIR [35m/[0m[95mapp[0m                                                                                                 
         COPY helper_config.py [35m/app/[0m[95mhelper_config.py[0m                                                                  
         COPY server.py [35m/app/[0m[95mserver.py[0m                                                                                
         EXPOSE [1;36m8080[0m                                                                                                  
         CMD [1m[[0m[32m"python3"[0m, [32m"server.py"[0m[1m][0m                                                                                 
                                                                                                                      
[32mDEBUG   [0m ============== assistant ==============                                                                      
[32mDEBUG   [0m Tool Calls: [1m[[0m                                                                                                
           [1m{[0m                                                                                                          
             [32m"type"[0m: [32m"function"[0m,                                                                                      
             [32m"function"[0m: [1m{[0m                                                                                            
               [32m"name"[0m: [32m"run_shell_command"[0m,                                                                           
               [32m"arguments"[0m: [32m"[0m[32m{[0m[32m\"command\": \"cat > [0m                                                                   
         [32m/home/adibam/KubeLLM/debug_assistant_latest/troubleshooting/readiness_missing_dependency_transitive/Dockerfil[0m
         [32me <<'EOF'\\nFROM ubuntu:20.04\\nRUN apt-get update && apt-get install -y python3 python3-pip && pip3 install [0m
         [32mrequests && rm -rf /var/lib/apt/lists/*\\nWORKDIR /app\\nCOPY helper_config.py /app/helper_config.py\\nCOPY [0m 
         [32mserver.py /app/server.py\\nEXPOSE 8080\\nCMD [0m[32m[[0m[32m\\\"python3\\\", \\\"server.py\\\"[0m[32m][0m[32m\\nEOF\\ncat [0m               
         [32m/home/adibam/KubeLLM/debug_assistant_latest/troubleshooting/readiness_missing_dependency_transitive/Dockerfil[0m
         [32me\"[0m[32m}[0m[32m"[0m                                                                                                        
             [1m}[0m                                                                                                        
           [1m}[0m                                                                                                          
         [1m][0m                                                                                                            
[32mDEBUG   [0m **************** METRICS START ****************                                                              
[32mDEBUG   [0m * Time to generate response:   [1;36m24.[0m5706s                                                                      
[32mDEBUG   [0m * Tokens per second:           [1;36m7.7328[0m tokens/s                                                               
[32mDEBUG   [0m * Input tokens:                [1;36m2397[0m                                                                          
[32mDEBUG   [0m * Output tokens:               [1;36m190[0m                                                                           
[32mDEBUG   [0m * Total tokens:                [1;36m2587[0m                                                                          
[32mDEBUG   [0m **************** METRICS END ******************                                                              
[32mDEBUG   [0m Getting function run_shell_command                                                                           
[32mDEBUG   [0m Running: [1;35mrun_shell_command[0m[1m([0m[33mcommand[0m=[33m...[0m[1m)[0m                                                                      
[34mINFO    [0m Running shell command: cat >                                                                                 
         [35m/home/adibam/KubeLLM/debug_assistant_latest/troubleshooting/readiness_missing_dependency_transitive/[0m[95mDockerfil[0m
         [95me[0m <<[32m'EOF'[0m                                                                                                    
         FROM ubuntu:[1;36m20.04[0m                                                                                            
         RUN apt-get update && apt-get install -y python3 python3-pip && pip3 install requests && rm -rf              
         [35m/var/lib/apt/lists/[0m*                                                                                         
         WORKDIR [35m/[0m[95mapp[0m                                                                                                 
         COPY helper_config.py [35m/app/[0m[95mhelper_config.py[0m                                                                  
         COPY server.py [35m/app/[0m[95mserver.py[0m                                                                                
         EXPOSE [1;36m8080[0m                                                                                                  
         CMD [1m[[0m[32m"python3"[0m, [32m"server.py"[0m[1m][0m                                                                                 
         EOF                                                                                                          
         cat                                                                                                          
         [35m/home/adibam/KubeLLM/debug_assistant_latest/troubleshooting/readiness_missing_dependency_transitive/[0m[95mDockerfil[0m
         [95me[0m                                                                                                            
[32mDEBUG   [0m Return code: [1;36m0[0m                                                                                               
[32mDEBUG   [0m ---------- Ollama Response Start ----------                                                                  
[32mDEBUG   [0m ============== system ==============                                                                         
[32mDEBUG   [0m ## Instructions                                                                                              
         - If all and only all commands fail to execute, declare that there was an error in trying to solve the issue,
         and end that statement with this token: [1m<[0m[1;95m|ERROR|[0m[39m>.[0m                                                           
         [39m- You have solved this issue only when the original user-visible problem is fixed in the live cluster. Verify[0m
         [39mthe relevant Kubernetes resources and application behavior with commands before declaring success; pod [0m      
         [39mRunning/Ready status alone is not sufficient unless the original problem is only pod startup.[0m                
         [39m- After every step, check whether the original problem is fixed in the live cluster. If you changed [0m         
         [39mmanifests, images, or cluster configuration, apply the change and verify the live resource state reflects it [0m
         [39mbefore declaring success.[0m                                                                                    
         [39m- If you believe you have met the goal, declare that you have solved the user's issue, and end that statement[0m
         [39mwith this token: <|SOLVED|>.[0m                                                                                 
         [39m- If the steps do not solve the issue, or if you need more information, declare that you cannot solve the [0m   
         [39missue, and end that statement with this token: <|FAILED|>.[0m                                                   
         [39m- Do not use live feed flags when checking the logs such as [0m[32m'kubectl logs -f'[0m                                
         [39m- Do not use commands like vim or vi[0m                                                                         
         [39m- Do not use commands that open up editors like [0m[32m'kubectl edit'[0m                                               
         [39m- Use markdown to format your answers.[0m                                                                       
                                                                                                                      
         [39m## Guidelines[0m                                                                                                
         [39mIf a command invocation is successful but gives no stdout nor stderr, then that is because that invocation [0m  
         [39mresulted in no output to stdout or stderr.[0m                                                                   
         [39mIf a command contains a placeholder name surrounded in angle brackets such as <pod_name>, for example, then [0m 
         [39m**do not** run that command as-is. First run a `kubectl get` command to find a real name to replace the [0m     
         [39mplaceholder name, then run the suggested command with the replaced name of the resource. For example, if you [0m
         [39msee `kubectl logs <pod_name[0m[1m>[0m -n example_namespace`, first run `kubectl get pods -n example_namespace` and use
         the name of the first pod you see.                                                                           
         Do not use live feed flags when checking the logs such as [32m'kubectl logs -f'[0m                                  
         If you do not conclude on an answer or a code then try again please.                                         
         Do not use commands like vim or vi                                                                           
         Do not use commands that open up editors like [32m'kubectl edit'[0m                                                 
[32mDEBUG   [0m ============== user ==============                                                                           
[32mDEBUG   [0m Perform the actions suggested here:                                                                          
         [1;36m1[0m. Update the Dockerfile to install the missing Python dependency [1m([0mrequests[1m)[0m. This edits the existing RUN    
         line to install requests via pip3.                                                                           
         ```bash                                                                                                      
         sed -i [32m's|apt-get update && apt-get install -y python3 python3-pip && rm -rf /var/lib/apt/lists/*|apt-get [0m   
         [32mupdate && apt-get install -y python3 python3-pip && pip3 install requests && rm -rf /var/lib/apt/lists/*|'[0m   
         [35m/home/adibam/KubeLLM/debug_assistant_latest/troubleshooting/readiness_missing_dependency_transitive/[0m[95mDockerfil[0m
         [95me[0m                                                                                                            
         ```                                                                                                          
                                                                                                                      
         [1;36m2[0m. Build the image into the active minikube profile [1m([0mthe Pod uses imagePullPolicy: Never so the local image  
         name must match[1m)[0m. Replace the context and Dockerfile path as needed [1m([0mhere using the provided paths[1m)[0m.         
         ```bash                                                                                                      
         [33mPROFILE[0m=$[1m{[0mMINIKUBE_PROFILE:-$[1m([0mkubectl config current-context[1m)[0m[1m}[0m                                               
         minikube -p [32m"$PROFILE"[0m image build -t kube-readiness-transitive-dependency-app:latest -f                     
         [35m/home/adibam/KubeLLM/debug_assistant_latest/troubleshooting/readiness_missing_dependency_transitive/[0m[95mDockerfil[0m
         [95me[0m [35m/home/adibam/KubeLLM/debug_assistant_latest/troubleshooting/[0m[95mreadiness_missing_dependency_transitive[0m        
         ```                                                                                                          
                                                                                                                      
         [1;36m3[0m. Recreate the Pod so it picks up the rebuilt image [1m([0mdelete then apply the manifest[1m)[0m.                       
         ```bash                                                                                                      
         kubectl delete pod readiness-transitive-dependency-app --ignore-not-found                                    
         kubectl apply -f                                                                                             
         [35m/home/adibam/KubeLLM/debug_assistant_latest/troubleshooting/readiness_missing_dependency_transitive/[0m[95mreadiness[0m
         [95m_missing_dependency_transitive.yaml[0m                                                                          
         ```                                                                                                          
                                                                                                                      
         [1;36m4[0m. Verify the Pod starts and check logs to confirm the ModuleNotFoundError is resolved.                      
         ```bash                                                                                                      
         kubectl get pod readiness-transitive-dependency-app -o wide                                                  
         kubectl logs readiness-transitive-dependency-app                                                             
         ```                                                                                                          
                                                                                                                      
         The relevant configuration file is located in this path:                                                     
         [35m/home/adibam/KubeLLM/debug_assistant_latest/troubleshooting/readiness_missing_dependency_transitive/[0m[95mreadiness[0m
         [95m_missing_dependency_transitive.yaml[0m                                                                          
         You can update these files if necessary. If any files are updated, make sure to delete and reapply the       
         configuration file.                                                                                          
         Do not use live feed flags when checking the logs such as [32m'kubectl logs -f'[0m                                  
         ### Tool Usage Rules                                                                                         
         - Do not attempt many commands in one tool call.                                                             
         - Never repeat a tool call that has already been executed successfully in this run.                          
         - If you need the result of a previous tool call, use the provided output rather than re-invoking it.        
         - Keep the tool call as simple as possible to avoid errors.                                                  
         - Do not run long-lived or background commands such as `kubectl port-forward`, `Start-Process`, or `kubectl  
         logs -f`; prefer single-shot commands that exit on their own.                                                
         - Do not use `kubectl port-forward`, background verification, `kubectl logs -f`, or `kubectl get -w`.        
         - For reachability checks, use the access path defined by the scenario: if a Service exists, verify via      
         Service/endpoints/service-routed access; if no Service exists, use bounded direct checks such as `kubectl    
         exec` with an in-container one-shot HTTP request.                                                            
         - Prefer one-shot application checks such as `kubectl exec [1m<[0m[1;95mpod[0m[39m> -- python3 -c [0m[32m"import urllib.request; [0m      
         [32mprint[0m[32m([0m[32murllib.request.urlopen[0m[32m([0m[32m'http://127.0.0.1:<port[0m[32m>[0m[32m/'[0m[32m)[0m[32m.getcode[0m[32m([0m[32m)[0m[32m)[0m[32m"[0m` when Python is available in the        
         container.                                                                                                   
                                                                                                                      
[32mDEBUG   [0m ============== assistant ==============                                                                      
[32mDEBUG   [0m Tool Calls: [1m[[0m                                                                                                
           [1m{[0m                                                                                                          
             [32m"type"[0m: [32m"function"[0m,                                                                                      
             [32m"function"[0m: [1m{[0m                                                                                            
               [32m"name"[0m: [32m"run_shell_command"[0m,                                                                           
               [32m"arguments"[0m: [32m"[0m[32m{[0m[32m\"command\": \"cat [0m                                                                     
         [32m/home/adibam/KubeLLM/debug_assistant_latest/troubleshooting/readiness_missing_dependency_transitive/Dockerfil[0m
         [32me\"[0m[32m}[0m[32m"[0m                                                                                                        
             [1m}[0m                                                                                                        
           [1m}[0m,                                                                                                         
           [1m{[0m                                                                                                          
             [32m"type"[0m: [32m"function"[0m,                                                                                      
             [32m"function"[0m: [1m{[0m                                                                                            
               [32m"name"[0m: [32m"run_shell_command"[0m,                                                                           
               [32m"arguments"[0m: [32m"[0m[32m{[0m[32m\"command\": \"kubectl get pods -A 2>/dev/null; kubectl config current-context\"[0m[32m}[0m[32m"[0m      
             [1m}[0m                                                                                                        
           [1m}[0m                                                                                                          
         [1m][0m                                                                                                            
[32mDEBUG   [0m ============== tool ==============                                                                           
[32mDEBUG   [0m FROM ubuntu:[1;36m20.04[0m                                                                                            
         RUN apt-get update && apt-get install -y python3 python3-pip && rm -rf [35m/var/lib/apt/lists/[0m*                  
         WORKDIR [35m/[0m[95mapp[0m                                                                                                 
         COPY helper_config.py [35m/app/[0m[95mhelper_config.py[0m                                                                  
         COPY server.py [35m/app/[0m[95mserver.py[0m                                                                                
         EXPOSE [1;36m8080[0m                                                                                                  
         CMD [1m[[0m[32m"python3"[0m, [32m"server.py"[0m[1m][0m                                                                                 
                                                                                                                      
[32mDEBUG   [0m ============== tool ==============                                                                           
[32mDEBUG   [0m NAMESPACE     NAME                                  READY   STATUS             RESTARTS      AGE             
         default       readiness-transitive-dependency-app   [1;36m0[0m/[1;36m1[0m     CrashLoopBackOff   [1;36m3[0m [1m([0m34s ago[1m)[0m   77s             
         kube-system   coredns-6f6b679f8f-5zkx6              [1;36m1[0m/[1;36m1[0m     Running            [1;36m3[0m [1m([0m22d ago[1m)[0m   23d             
         kube-system   etcd-minikube                         [1;36m1[0m/[1;36m1[0m     Running            [1;36m3[0m [1m([0m22d ago[1m)[0m   23d             
         kube-system   kube-apiserver-minikube               [1;36m1[0m/[1;36m1[0m     Running            [1;36m3[0m [1m([0m22d ago[1m)[0m   23d             
         kube-system   kube-controller-manager-minikube      [1;36m1[0m/[1;36m1[0m     Running            [1;36m3[0m [1m([0m22d ago[1m)[0m   23d             
         kube-system   kube-proxy-28xkt                      [1;36m1[0m/[1;36m1[0m     Running            [1;36m3[0m [1m([0m22d ago[1m)[0m   23d             
         kube-system   kube-scheduler-minikube               [1;36m1[0m/[1;36m1[0m     Running            [1;36m3[0m [1m([0m22d ago[1m)[0m   23d             
         kube-system   storage-provisioner                   [1;36m1[0m/[1;36m1[0m     Running            [1;36m6[0m [1m([0m22d ago[1m)[0m   23d             
         minikube                                                                                                     
                                                                                                                      
[32mDEBUG   [0m ============== assistant ==============                                                                      
[32mDEBUG   [0m Tool Calls: [1m[[0m                                                                                                
           [1m{[0m                                                                                                          
             [32m"type"[0m: [32m"function"[0m,                                                                                      
             [32m"function"[0m: [1m{[0m                                                                                            
               [32m"name"[0m: [32m"run_shell_command"[0m,                                                                           
               [32m"arguments"[0m: [32m"[0m[32m{[0m[32m\"command\": \"cat [0m                                                                     
         [32m/home/adibam/KubeLLM/debug_assistant_latest/troubleshooting/readiness_missing_dependency_transitive/Dockerfil[0m
         [32me; echo ---; cat [0m                                                                                            
         [32m/home/adibam/KubeLLM/debug_assistant_latest/troubleshooting/readiness_missing_dependency_transitive/server.py[0m
         [32m; echo ---; cat [0m                                                                                             
         [32m/home/adibam/KubeLLM/debug_assistant_latest/troubleshooting/readiness_missing_dependency_transitive/helper_co[0m
         [32mnfig.py\"[0m[32m}[0m[32m"[0m                                                                                                  
             [1m}[0m                                                                                                        
           [1m}[0m,                                                                                                         
           [1m{[0m                                                                                                          
             [32m"type"[0m: [32m"function"[0m,                                                                                      
             [32m"function"[0m: [1m{[0m                                                                                            
               [32m"name"[0m: [32m"run_shell_command"[0m,                                                                           
               [32m"arguments"[0m: [32m"[0m[32m{[0m[32m\"command\": \"kubectl logs readiness-transitive-dependency-app --[0m[32mtail[0m[32m=[0m[32m50[0m[32m\"[0m[32m}[0m[32m"[0m           
             [1m}[0m                                                                                                        
           [1m}[0m                                                                                                          
         [1m][0m                                                                                                            
[32mDEBUG   [0m ============== tool ==============                                                                           
[32mDEBUG   [0m FROM ubuntu:[1;36m20.04[0m                                                                                            
         RUN apt-get update && apt-get install -y python3 python3-pip && rm -rf [35m/var/lib/apt/lists/[0m*                  
         WORKDIR [35m/[0m[95mapp[0m                                                                                                 
         COPY helper_config.py [35m/app/[0m[95mhelper_config.py[0m                                                                  
         COPY server.py [35m/app/[0m[95mserver.py[0m                                                                                
         EXPOSE [1;36m8080[0m                                                                                                  
         CMD [1m[[0m[32m"python3"[0m, [32m"server.py"[0m[1m][0m                                                                                 
         ---                                                                                                          
         from http.server import HTTPServer, BaseHTTPRequestHandler                                                   
         from helper_config import STATUS_TEXT                                                                        
                                                                                                                      
         class [1;35mHandler[0m[1m([0mBaseHTTPRequestHandler[1m)[0m:                                                                       
             def [1;35mdo_[0m[1;33mGET[0m[1m([0mself[1m)[0m:                                                                                        
                 if self.path == [32m"/ready"[0m:                                                                            
                     [1;35mself.send_response[0m[1m([0m[1;36m200[0m[1m)[0m                                                                          
                     [1;35mself.end_headers[0m[1m([0m[1m)[0m                                                                               
                     [1;35mself.wfile.write[0m[1m([0m[1;35mstr[0m[1m([0mSTATUS_TEXT[1m)[0m[1;35m.encode[0m[1m([0m[1m)[0m[1m)[0m                                                      
                 else:                                                                                                
                     [1;35mself.send_response[0m[1m([0m[1;36m200[0m[1m)[0m                                                                          
                     [1;35mself.end_headers[0m[1m([0m[1m)[0m                                                                               
                     [1;35mself.wfile.write[0m[1m([0m[32mb"ok"[0m[1m)[0m                                                                          
         [1;35mHTTPServer[0m[1m([0m[1m([0m[32m"0.0.0.0"[0m, [1;36m8080[0m[1m)[0m, Handler[1m)[0m[1;35m.serve_forever[0m[1m([0m[1m)[0m                                                       
         ---                                                                                                          
         import requests                                                                                              
         STATUS_TEXT = requests.codes.ok                                                                              
                                                                                                                      
[32mDEBUG   [0m ============== tool ==============                                                                           
[32mDEBUG   [0m Traceback [1m([0mmost recent call last[1m)[0m:                                                                           
           File [32m"server.py"[0m, line [1;36m2[0m, in [1m<[0m[1;95mmodule[0m[39m>[0m                                                                      
         [39m    from helper_config import STATUS_TEXT[0m                                                                    
         [39m  File [0m[32m"/app/helper_config.py"[0m[39m, line [0m[1;36m1[0m[39m, in <module[0m[1m>[0m                                                          
             import requests                                                                                          
         ModuleNotFoundError: No module named [32m'requests'[0m                                                              
                                                                                                                      
[32mDEBUG   [0m ============== assistant ==============                                                                      
[32mDEBUG   [0m Tool Calls: [1m[[0m                                                                                                
           [1m{[0m                                                                                                          
             [32m"type"[0m: [32m"function"[0m,                                                                                      
             [32m"function"[0m: [1m{[0m                                                                                            
               [32m"name"[0m: [32m"run_shell_command"[0m,                                                                           
               [32m"arguments"[0m: [32m"[0m[32m{[0m[32m\"command\": \"sed -i 's|apt-get update && apt-get install -y python3 python3-pip && rm [0m
         [32m-rf /var/lib/apt/lists/\\\\*|apt-get update && apt-get install -y python3 python3-pip && pip3 install [0m       
         [32mrequests && rm -rf /var/lib/apt/lists/*|' [0m                                                                   
         [32m/home/adibam/KubeLLM/debug_assistant_latest/troubleshooting/readiness_missing_dependency_transitive/Dockerfil[0m
         [32me && cat [0m                                                                                                    
         [32m/home/adibam/KubeLLM/debug_assistant_latest/troubleshooting/readiness_missing_dependency_transitive/Dockerfil[0m
         [32me\"[0m[32m}[0m[32m"[0m                                                                                                        
             [1m}[0m                                                                                                        
           [1m}[0m                                                                                                          
         [1m][0m                                                                                                            
[32mDEBUG   [0m ============== tool ==============                                                                           
[32mDEBUG   [0m FROM ubuntu:[1;36m20.04[0m                                                                                            
         RUN apt-get update apt-get update && apt-get install -y python3 python3-pip && rm -rf                        
         [35m/var/lib/apt/lists/[0m*apt-get update && apt-get install -y python3 python3-pip && rm -rf [35m/var/lib/apt/lists/[0m*  
         apt-get install -y python3 python3-pip apt-get update && apt-get install -y python3 python3-pip && rm -rf    
         [35m/var/lib/apt/lists/[0m*apt-get update && apt-get install -y python3 python3-pip && rm -rf [35m/var/lib/apt/lists/[0m*  
         pip3 install requests apt-get update && apt-get install -y python3 python3-pip && rm -rf                     
         [35m/var/lib/apt/lists/[0m*apt-get update && apt-get install -y python3 python3-pip && rm -rf [35m/var/lib/apt/lists/[0m*  
         rm -rf [35m/var/lib/apt/lists/[0m*                                                                                  
         WORKDIR [35m/[0m[95mapp[0m                                                                                                 
         COPY helper_config.py [35m/app/[0m[95mhelper_config.py[0m                                                                  
         COPY server.py [35m/app/[0m[95mserver.py[0m                                                                                
         EXPOSE [1;36m8080[0m                                                                                                  
         CMD [1m[[0m[32m"python3"[0m, [32m"server.py"[0m[1m][0m                                                                                 
                                                                                                                      
[32mDEBUG   [0m ============== assistant ==============                                                                      
[32mDEBUG   [0m Tool Calls: [1m[[0m                                                                                                
           [1m{[0m                                                                                                          
             [32m"type"[0m: [32m"function"[0m,                                                                                      
             [32m"function"[0m: [1m{[0m                                                                                            
               [32m"name"[0m: [32m"run_shell_command"[0m,                                                                           
               [32m"arguments"[0m: [32m"[0m[32m{[0m[32m\"command\": \"cat > [0m                                                                   
         [32m/home/adibam/KubeLLM/debug_assistant_latest/troubleshooting/readiness_missing_dependency_transitive/Dockerfil[0m
         [32me <<'EOF'\\nFROM ubuntu:20.04\\nRUN apt-get update && apt-get install -y python3 python3-pip && pip3 install [0m
         [32mrequests && rm -rf /var/lib/apt/lists/*\\nWORKDIR /app\\nCOPY helper_config.py /app/helper_config.py\\nCOPY [0m 
         [32mserver.py /app/server.py\\nEXPOSE 8080\\nCMD [0m[32m[[0m[32m\\\"python3\\\", \\\"server.py\\\"[0m[32m][0m[32m\\nEOF\\ncat [0m               
         [32m/home/adibam/KubeLLM/debug_assistant_latest/troubleshooting/readiness_missing_dependency_transitive/Dockerfil[0m
         [32me\"[0m[32m}[0m[32m"[0m                                                                                                        
             [1m}[0m                                                                                                        
           [1m}[0m                                                                                                          
         [1m][0m                                                                                                            
[32mDEBUG   [0m ============== tool ==============                                                                           
[32mDEBUG   [0m FROM ubuntu:[1;36m20.04[0m                                                                                            
         RUN apt-get update && apt-get install -y python3 python3-pip && pip3 install requests && rm -rf              
         [35m/var/lib/apt/lists/[0m*                                                                                         
         WORKDIR [35m/[0m[95mapp[0m                                                                                                 
         COPY helper_config.py [35m/app/[0m[95mhelper_config.py[0m                                                                  
         COPY server.py [35m/app/[0m[95mserver.py[0m                                                                                
         EXPOSE [1;36m8080[0m                                                                                                  
         CMD [1m[[0m[32m"python3"[0m, [32m"server.py"[0m[1m][0m                                                                                 
                                                                                                                      
[32mDEBUG   [0m ============== assistant ==============                                                                      
[32mDEBUG   [0m The Dockerfile is now correctly updated. Let me build the image into the active minikube profile.            
[32mDEBUG   [0m Tool Calls: [1m[[0m                                                                                                
           [1m{[0m                                                                                                          
             [32m"type"[0m: [32m"function"[0m,                                                                                      
             [32m"function"[0m: [1m{[0m                                                                                            
               [32m"name"[0m: [32m"run_shell_command"[0m,                                                                           
               [32m"arguments"[0m: [32m"[0m[32m{[0m[32m\"command\": \"cat [0m                                                                     
         [32m/home/adibam/KubeLLM/debug_assistant_latest/troubleshooting/readiness_missing_dependency_transitive/readiness[0m
         [32m_missing_dependency_transitive.yaml; echo ---; kubectl config current-context\"[0m[32m}[0m[32m"[0m                            
             [1m}[0m                                                                                                        
           [1m}[0m                                                                                                          
         [1m][0m                                                                                                            
[32mDEBUG   [0m **************** METRICS START ****************                                                              
[32mDEBUG   [0m * Time to generate response:   [1;36m15.[0m1922s                                                                      
[32mDEBUG   [0m * Tokens per second:           [1;36m6.7798[0m tokens/s                                                               
[32mDEBUG   [0m * Input tokens:                [1;36m2496[0m                                                                          
[32mDEBUG   [0m * Output tokens:               [1;36m103[0m                                                                           
[32mDEBUG   [0m * Total tokens:                [1;36m2599[0m                                                                          
[32mDEBUG   [0m **************** METRICS END ******************                                                              
[32mDEBUG   [0m Getting function run_shell_command                                                                           
[32mDEBUG   [0m Running: [1;35mrun_shell_command[0m[1m([0m[33mcommand[0m=[33m...[0m[1m)[0m                                                                      
[34mINFO    [0m Running shell command: cat                                                                                   
         [35m/home/adibam/KubeLLM/debug_assistant_latest/troubleshooting/readiness_missing_dependency_transitive/[0m[95mreadiness[0m
         [95m_missing_dependency_transitive.yaml[0m; echo ---; kubectl config current-context                                
[32mDEBUG   [0m Return code: [1;36m0[0m                                                                                               
[32mDEBUG   [0m ---------- Ollama Response Start ----------                                                                  
[32mDEBUG   [0m ============== system ==============                                                                         
[32mDEBUG   [0m ## Instructions                                                                                              
         - If all and only all commands fail to execute, declare that there was an error in trying to solve the issue,
         and end that statement with this token: [1m<[0m[1;95m|ERROR|[0m[39m>.[0m                                                           
         [39m- You have solved this issue only when the original user-visible problem is fixed in the live cluster. Verify[0m
         [39mthe relevant Kubernetes resources and application behavior with commands before declaring success; pod [0m      
         [39mRunning/Ready status alone is not sufficient unless the original problem is only pod startup.[0m                
         [39m- After every step, check whether the original problem is fixed in the live cluster. If you changed [0m         
         [39mmanifests, images, or cluster configuration, apply the change and verify the live resource state reflects it [0m
         [39mbefore declaring success.[0m                                                                                    
         [39m- If you believe you have met the goal, declare that you have solved the user's issue, and end that statement[0m
         [39mwith this token: <|SOLVED|>.[0m                                                                                 
         [39m- If the steps do not solve the issue, or if you need more information, declare that you cannot solve the [0m   
         [39missue, and end that statement with this token: <|FAILED|>.[0m                                                   
         [39m- Do not use live feed flags when checking the logs such as [0m[32m'kubectl logs -f'[0m                                
         [39m- Do not use commands like vim or vi[0m                                                                         
         [39m- Do not use commands that open up editors like [0m[32m'kubectl edit'[0m                                               
         [39m- Use markdown to format your answers.[0m                                                                       
                                                                                                                      
         [39m## Guidelines[0m                                                                                                
         [39mIf a command invocation is successful but gives no stdout nor stderr, then that is because that invocation [0m  
         [39mresulted in no output to stdout or stderr.[0m                                                                   
         [39mIf a command contains a placeholder name surrounded in angle brackets such as <pod_name>, for example, then [0m 
         [39m**do not** run that command as-is. First run a `kubectl get` command to find a real name to replace the [0m     
         [39mplaceholder name, then run the suggested command with the replaced name of the resource. For example, if you [0m
         [39msee `kubectl logs <pod_name[0m[1m>[0m -n example_namespace`, first run `kubectl get pods -n example_namespace` and use
         the name of the first pod you see.                                                                           
         Do not use live feed flags when checking the logs such as [32m'kubectl logs -f'[0m                                  
         If you do not conclude on an answer or a code then try again please.                                         
         Do not use commands like vim or vi                                                                           
         Do not use commands that open up editors like [32m'kubectl edit'[0m                                                 
[32mDEBUG   [0m ============== user ==============                                                                           
[32mDEBUG   [0m Perform the actions suggested here:                                                                          
         [1;36m1[0m. Update the Dockerfile to install the missing Python dependency [1m([0mrequests[1m)[0m. This edits the existing RUN    
         line to install requests via pip3.                                                                           
         ```bash                                                                                                      
         sed -i [32m's|apt-get update && apt-get install -y python3 python3-pip && rm -rf /var/lib/apt/lists/*|apt-get [0m   
         [32mupdate && apt-get install -y python3 python3-pip && pip3 install requests && rm -rf /var/lib/apt/lists/*|'[0m   
         [35m/home/adibam/KubeLLM/debug_assistant_latest/troubleshooting/readiness_missing_dependency_transitive/[0m[95mDockerfil[0m
         [95me[0m                                                                                                            
         ```                                                                                                          
                                                                                                                      
         [1;36m2[0m. Build the image into the active minikube profile [1m([0mthe Pod uses imagePullPolicy: Never so the local image  
         name must match[1m)[0m. Replace the context and Dockerfile path as needed [1m([0mhere using the provided paths[1m)[0m.         
         ```bash                                                                                                      
         [33mPROFILE[0m=$[1m{[0mMINIKUBE_PROFILE:-$[1m([0mkubectl config current-context[1m)[0m[1m}[0m                                               
         minikube -p [32m"$PROFILE"[0m image build -t kube-readiness-transitive-dependency-app:latest -f                     
         [35m/home/adibam/KubeLLM/debug_assistant_latest/troubleshooting/readiness_missing_dependency_transitive/[0m[95mDockerfil[0m
         [95me[0m [35m/home/adibam/KubeLLM/debug_assistant_latest/troubleshooting/[0m[95mreadiness_missing_dependency_transitive[0m        
         ```                                                                                                          
                                                                                                                      
         [1;36m3[0m. Recreate the Pod so it picks up the rebuilt image [1m([0mdelete then apply the manifest[1m)[0m.                       
         ```bash                                                                                                      
         kubectl delete pod readiness-transitive-dependency-app --ignore-not-found                                    
         kubectl apply -f                                                                                             
         [35m/home/adibam/KubeLLM/debug_assistant_latest/troubleshooting/readiness_missing_dependency_transitive/[0m[95mreadiness[0m
         [95m_missing_dependency_transitive.yaml[0m                                                                          
         ```                                                                                                          
                                                                                                                      
         [1;36m4[0m. Verify the Pod starts and check logs to confirm the ModuleNotFoundError is resolved.                      
         ```bash                                                                                                      
         kubectl get pod readiness-transitive-dependency-app -o wide                                                  
         kubectl logs readiness-transitive-dependency-app                                                             
         ```                                                                                                          
                                                                                                                      
         The relevant configuration file is located in this path:                                                     
         [35m/home/adibam/KubeLLM/debug_assistant_latest/troubleshooting/readiness_missing_dependency_transitive/[0m[95mreadiness[0m
         [95m_missing_dependency_transitive.yaml[0m                                                                          
         You can update these files if necessary. If any files are updated, make sure to delete and reapply the       
         configuration file.                                                                                          
         Do not use live feed flags when checking the logs such as [32m'kubectl logs -f'[0m                                  
         ### Tool Usage Rules                                                                                         
         - Do not attempt many commands in one tool call.                                                             
         - Never repeat a tool call that has already been executed successfully in this run.                          
         - If you need the result of a previous tool call, use the provided output rather than re-invoking it.        
         - Keep the tool call as simple as possible to avoid errors.                                                  
         - Do not run long-lived or background commands such as `kubectl port-forward`, `Start-Process`, or `kubectl  
         logs -f`; prefer single-shot commands that exit on their own.                                                
         - Do not use `kubectl port-forward`, background verification, `kubectl logs -f`, or `kubectl get -w`.        
         - For reachability checks, use the access path defined by the scenario: if a Service exists, verify via      
         Service/endpoints/service-routed access; if no Service exists, use bounded direct checks such as `kubectl    
         exec` with an in-container one-shot HTTP request.                                                            
         - Prefer one-shot application checks such as `kubectl exec [1m<[0m[1;95mpod[0m[39m> -- python3 -c [0m[32m"import urllib.request; [0m      
         [32mprint[0m[32m([0m[32murllib.request.urlopen[0m[32m([0m[32m'http://127.0.0.1:<port[0m[32m>[0m[32m/'[0m[32m)[0m[32m.getcode[0m[32m([0m[32m)[0m[32m)[0m[32m"[0m` when Python is available in the        
         container.                                                                                                   
                                                                                                                      
[32mDEBUG   [0m ============== assistant ==============                                                                      
[32mDEBUG   [0m Tool Calls: [1m[[0m                                                                                                
           [1m{[0m                                                                                                          
             [32m"type"[0m: [32m"function"[0m,                                                                                      
             [32m"function"[0m: [1m{[0m                                                                                            
               [32m"name"[0m: [32m"run_shell_command"[0m,                                                                           
               [32m"arguments"[0m: [32m"[0m[32m{[0m[32m\"command\": \"cat [0m                                                                     
         [32m/home/adibam/KubeLLM/debug_assistant_latest/troubleshooting/readiness_missing_dependency_transitive/Dockerfil[0m
         [32me\"[0m[32m}[0m[32m"[0m                                                                                                        
             [1m}[0m                                                                                                        
           [1m}[0m,                                                                                                         
           [1m{[0m                                                                                                          
             [32m"type"[0m: [32m"function"[0m,                                                                                      
             [32m"function"[0m: [1m{[0m                                                                                            
               [32m"name"[0m: [32m"run_shell_command"[0m,                                                                           
               [32m"arguments"[0m: [32m"[0m[32m{[0m[32m\"command\": \"kubectl get pods -A 2>/dev/null; kubectl config current-context\"[0m[32m}[0m[32m"[0m      
             [1m}[0m                                                                                                        
           [1m}[0m                                                                                                          
         [1m][0m                                                                                                            
[32mDEBUG   [0m ============== tool ==============                                                                           
[32mDEBUG   [0m FROM ubuntu:[1;36m20.04[0m                                                                                            
         RUN apt-get update && apt-get install -y python3 python3-pip && rm -rf [35m/var/lib/apt/lists/[0m*                  
         WORKDIR [35m/[0m[95mapp[0m                                                                                                 
         COPY helper_config.py [35m/app/[0m[95mhelper_config.py[0m                                                                  
         COPY server.py [35m/app/[0m[95mserver.py[0m                                                                                
         EXPOSE [1;36m8080[0m                                                                                                  
         CMD [1m[[0m[32m"python3"[0m, [32m"server.py"[0m[1m][0m                                                                                 
                                                                                                                      
[32mDEBUG   [0m ============== tool ==============                                                                           
[32mDEBUG   [0m NAMESPACE     NAME                                  READY   STATUS             RESTARTS      AGE             
         default       readiness-transitive-dependency-app   [1;36m0[0m/[1;36m1[0m     CrashLoopBackOff   [1;36m3[0m [1m([0m34s ago[1m)[0m   77s             
         kube-system   coredns-6f6b679f8f-5zkx6              [1;36m1[0m/[1;36m1[0m     Running            [1;36m3[0m [1m([0m22d ago[1m)[0m   23d             
         kube-system   etcd-minikube                         [1;36m1[0m/[1;36m1[0m     Running            [1;36m3[0m [1m([0m22d ago[1m)[0m   23d             
         kube-system   kube-apiserver-minikube               [1;36m1[0m/[1;36m1[0m     Running            [1;36m3[0m [1m([0m22d ago[1m)[0m   23d             
         kube-system   kube-controller-manager-minikube      [1;36m1[0m/[1;36m1[0m     Running            [1;36m3[0m [1m([0m22d ago[1m)[0m   23d             
         kube-system   kube-proxy-28xkt                      [1;36m1[0m/[1;36m1[0m     Running            [1;36m3[0m [1m([0m22d ago[1m)[0m   23d             
         kube-system   kube-scheduler-minikube               [1;36m1[0m/[1;36m1[0m     Running            [1;36m3[0m [1m([0m22d ago[1m)[0m   23d             
         kube-system   storage-provisioner                   [1;36m1[0m/[1;36m1[0m     Running            [1;36m6[0m [1m([0m22d ago[1m)[0m   23d             
         minikube                                                                                                     
                                                                                                                      
[32mDEBUG   [0m ============== assistant ==============                                                                      
[32mDEBUG   [0m Tool Calls: [1m[[0m                                                                                                
           [1m{[0m                                                                                                          
             [32m"type"[0m: [32m"function"[0m,                                                                                      
             [32m"function"[0m: [1m{[0m                                                                                            
               [32m"name"[0m: [32m"run_shell_command"[0m,                                                                           
               [32m"arguments"[0m: [32m"[0m[32m{[0m[32m\"command\": \"cat [0m                                                                     
         [32m/home/adibam/KubeLLM/debug_assistant_latest/troubleshooting/readiness_missing_dependency_transitive/Dockerfil[0m
         [32me; echo ---; cat [0m                                                                                            
         [32m/home/adibam/KubeLLM/debug_assistant_latest/troubleshooting/readiness_missing_dependency_transitive/server.py[0m
         [32m; echo ---; cat [0m                                                                                             
         [32m/home/adibam/KubeLLM/debug_assistant_latest/troubleshooting/readiness_missing_dependency_transitive/helper_co[0m
         [32mnfig.py\"[0m[32m}[0m[32m"[0m                                                                                                  
             [1m}[0m                                                                                                        
           [1m}[0m,                                                                                                         
           [1m{[0m                                                                                                          
             [32m"type"[0m: [32m"function"[0m,                                                                                      
             [32m"function"[0m: [1m{[0m                                                                                            
               [32m"name"[0m: [32m"run_shell_command"[0m,                                                                           
               [32m"arguments"[0m: [32m"[0m[32m{[0m[32m\"command\": \"kubectl logs readiness-transitive-dependency-app --[0m[32mtail[0m[32m=[0m[32m50[0m[32m\"[0m[32m}[0m[32m"[0m           
             [1m}[0m                                                                                                        
           [1m}[0m                                                                                                          
         [1m][0m                                                                                                            
[32mDEBUG   [0m ============== tool ==============                                                                           
[32mDEBUG   [0m FROM ubuntu:[1;36m20.04[0m                                                                                            
         RUN apt-get update && apt-get install -y python3 python3-pip && rm -rf [35m/var/lib/apt/lists/[0m*                  
         WORKDIR [35m/[0m[95mapp[0m                                                                                                 
         COPY helper_config.py [35m/app/[0m[95mhelper_config.py[0m                                                                  
         COPY server.py [35m/app/[0m[95mserver.py[0m                                                                                
         EXPOSE [1;36m8080[0m                                                                                                  
         CMD [1m[[0m[32m"python3"[0m, [32m"server.py"[0m[1m][0m                                                                                 
         ---                                                                                                          
         from http.server import HTTPServer, BaseHTTPRequestHandler                                                   
         from helper_config import STATUS_TEXT                                                                        
                                                                                                                      
         class [1;35mHandler[0m[1m([0mBaseHTTPRequestHandler[1m)[0m:                                                                       
             def [1;35mdo_[0m[1;33mGET[0m[1m([0mself[1m)[0m:                                                                                        
                 if self.path == [32m"/ready"[0m:                                                                            
                     [1;35mself.send_response[0m[1m([0m[1;36m200[0m[1m)[0m                                                                          
                     [1;35mself.end_headers[0m[1m([0m[1m)[0m                                                                               
                     [1;35mself.wfile.write[0m[1m([0m[1;35mstr[0m[1m([0mSTATUS_TEXT[1m)[0m[1;35m.encode[0m[1m([0m[1m)[0m[1m)[0m                                                      
                 else:                                                                                                
                     [1;35mself.send_response[0m[1m([0m[1;36m200[0m[1m)[0m                                                                          
                     [1;35mself.end_headers[0m[1m([0m[1m)[0m                                                                               
                     [1;35mself.wfile.write[0m[1m([0m[32mb"ok"[0m[1m)[0m                                                                          
         [1;35mHTTPServer[0m[1m([0m[1m([0m[32m"0.0.0.0"[0m, [1;36m8080[0m[1m)[0m, Handler[1m)[0m[1;35m.serve_forever[0m[1m([0m[1m)[0m                                                       
         ---                                                                                                          
         import requests                                                                                              
         STATUS_TEXT = requests.codes.ok                                                                              
                                                                                                                      
[32mDEBUG   [0m ============== tool ==============                                                                           
[32mDEBUG   [0m Traceback [1m([0mmost recent call last[1m)[0m:                                                                           
           File [32m"server.py"[0m, line [1;36m2[0m, in [1m<[0m[1;95mmodule[0m[39m>[0m                                                                      
         [39m    from helper_config import STATUS_TEXT[0m                                                                    
         [39m  File [0m[32m"/app/helper_config.py"[0m[39m, line [0m[1;36m1[0m[39m, in <module[0m[1m>[0m                                                          
             import requests                                                                                          
         ModuleNotFoundError: No module named [32m'requests'[0m                                                              
                                                                                                                      
[32mDEBUG   [0m ============== assistant ==============                                                                      
[32mDEBUG   [0m Tool Calls: [1m[[0m                                                                                                
           [1m{[0m                                                                                                          
             [32m"type"[0m: [32m"function"[0m,                                                                                      
             [32m"function"[0m: [1m{[0m                                                                                            
               [32m"name"[0m: [32m"run_shell_command"[0m,                                                                           
               [32m"arguments"[0m: [32m"[0m[32m{[0m[32m\"command\": \"sed -i 's|apt-get update && apt-get install -y python3 python3-pip && rm [0m
         [32m-rf /var/lib/apt/lists/\\\\*|apt-get update && apt-get install -y python3 python3-pip && pip3 install [0m       
         [32mrequests && rm -rf /var/lib/apt/lists/*|' [0m                                                                   
         [32m/home/adibam/KubeLLM/debug_assistant_latest/troubleshooting/readiness_missing_dependency_transitive/Dockerfil[0m
         [32me && cat [0m                                                                                                    
         [32m/home/adibam/KubeLLM/debug_assistant_latest/troubleshooting/readiness_missing_dependency_transitive/Dockerfil[0m
         [32me\"[0m[32m}[0m[32m"[0m                                                                                                        
             [1m}[0m                                                                                                        
           [1m}[0m                                                                                                          
         [1m][0m                                                                                                            
[32mDEBUG   [0m ============== tool ==============                                                                           
[32mDEBUG   [0m FROM ubuntu:[1;36m20.04[0m                                                                                            
         RUN apt-get update apt-get update && apt-get install -y python3 python3-pip && rm -rf                        
         [35m/var/lib/apt/lists/[0m*apt-get update && apt-get install -y python3 python3-pip && rm -rf [35m/var/lib/apt/lists/[0m*  
         apt-get install -y python3 python3-pip apt-get update && apt-get install -y python3 python3-pip && rm -rf    
         [35m/var/lib/apt/lists/[0m*apt-get update && apt-get install -y python3 python3-pip && rm -rf [35m/var/lib/apt/lists/[0m*  
         pip3 install requests apt-get update && apt-get install -y python3 python3-pip && rm -rf                     
         [35m/var/lib/apt/lists/[0m*apt-get update && apt-get install -y python3 python3-pip && rm -rf [35m/var/lib/apt/lists/[0m*  
         rm -rf [35m/var/lib/apt/lists/[0m*                                                                                  
         WORKDIR [35m/[0m[95mapp[0m                                                                                                 
         COPY helper_config.py [35m/app/[0m[95mhelper_config.py[0m                                                                  
         COPY server.py [35m/app/[0m[95mserver.py[0m                                                                                
         EXPOSE [1;36m8080[0m                                                                                                  
         CMD [1m[[0m[32m"python3"[0m, [32m"server.py"[0m[1m][0m                                                                                 
                                                                                                                      
[32mDEBUG   [0m ============== assistant ==============                                                                      
[32mDEBUG   [0m Tool Calls: [1m[[0m                                                                                                
           [1m{[0m                                                                                                          
             [32m"type"[0m: [32m"function"[0m,                                                                                      
             [32m"function"[0m: [1m{[0m                                                                                            
               [32m"name"[0m: [32m"run_shell_command"[0m,                                                                           
               [32m"arguments"[0m: [32m"[0m[32m{[0m[32m\"command\": \"cat > [0m                                                                   
         [32m/home/adibam/KubeLLM/debug_assistant_latest/troubleshooting/readiness_missing_dependency_transitive/Dockerfil[0m
         [32me <<'EOF'\\nFROM ubuntu:20.04\\nRUN apt-get update && apt-get install -y python3 python3-pip && pip3 install [0m
         [32mrequests && rm -rf /var/lib/apt/lists/*\\nWORKDIR /app\\nCOPY helper_config.py /app/helper_config.py\\nCOPY [0m 
         [32mserver.py /app/server.py\\nEXPOSE 8080\\nCMD [0m[32m[[0m[32m\\\"python3\\\", \\\"server.py\\\"[0m[32m][0m[32m\\nEOF\\ncat [0m               
         [32m/home/adibam/KubeLLM/debug_assistant_latest/troubleshooting/readiness_missing_dependency_transitive/Dockerfil[0m
         [32me\"[0m[32m}[0m[32m"[0m                                                                                                        
             [1m}[0m                                                                                                        
           [1m}[0m                                                                                                          
         [1m][0m                                                                                                            
[32mDEBUG   [0m ============== tool ==============                                                                           
[32mDEBUG   [0m FROM ubuntu:[1;36m20.04[0m                                                                                            
         RUN apt-get update && apt-get install -y python3 python3-pip && pip3 install requests && rm -rf              
         [35m/var/lib/apt/lists/[0m*                                                                                         
         WORKDIR [35m/[0m[95mapp[0m                                                                                                 
         COPY helper_config.py [35m/app/[0m[95mhelper_config.py[0m                                                                  
         COPY server.py [35m/app/[0m[95mserver.py[0m                                                                                
         EXPOSE [1;36m8080[0m                                                                                                  
         CMD [1m[[0m[32m"python3"[0m, [32m"server.py"[0m[1m][0m                                                                                 
                                                                                                                      
[32mDEBUG   [0m ============== assistant ==============                                                                      
[32mDEBUG   [0m The Dockerfile is now correctly updated. Let me build the image into the active minikube profile.            
[32mDEBUG   [0m Tool Calls: [1m[[0m                                                                                                
           [1m{[0m                                                                                                          
             [32m"type"[0m: [32m"function"[0m,                                                                                      
             [32m"function"[0m: [1m{[0m                                                                                            
               [32m"name"[0m: [32m"run_shell_command"[0m,                                                                           
               [32m"arguments"[0m: [32m"[0m[32m{[0m[32m\"command\": \"cat [0m                                                                     
         [32m/home/adibam/KubeLLM/debug_assistant_latest/troubleshooting/readiness_missing_dependency_transitive/readiness[0m
         [32m_missing_dependency_transitive.yaml; echo ---; kubectl config current-context\"[0m[32m}[0m[32m"[0m                            
             [1m}[0m                                                                                                        
           [1m}[0m                                                                                                          
         [1m][0m                                                                                                            
[32mDEBUG   [0m ============== tool ==============                                                                           
[32mDEBUG   [0m apiVersion: v1                                                                                               
         kind: Pod                                                                                                    
         metadata:                                                                                                    
           name: readiness-transitive-dependency-app                                                                  
           labels:                                                                                                    
             app: readiness-transitive-dependency-app                                                                 
         spec:                                                                                                        
           containers:                                                                                                
           - name: app                                                                                                
             image: kube-readiness-transitive-dependency-app:latest                                                   
             imagePullPolicy: Never                                                                                   
             ports:                                                                                                   
             - containerPort: [1;36m8080[0m                                                                                    
             readinessProbe:                                                                                          
               httpGet:                                                                                               
                 path: [35m/[0m[95mready[0m                                                                                         
                 port: [1;36m8080[0m                                                                                           
               initialDelaySeconds: [1;36m2[0m                                                                                 
               periodSeconds: [1;36m3[0m                                                                                       
         ---                                                                                                          
         minikube                                                                                                     
                                                                                                                      
[32mDEBUG   [0m ============== assistant ==============                                                                      
[32mDEBUG   [0m Now let me build the image into the active minikube profile.                                                 
[32mDEBUG   [0m Tool Calls: [1m[[0m                                                                                                
           [1m{[0m                                                                                                          
             [32m"type"[0m: [32m"function"[0m,                                                                                      
             [32m"function"[0m: [1m{[0m                                                                                            
               [32m"name"[0m: [32m"run_shell_command"[0m,                                                                           
               [32m"arguments"[0m: [32m"[0m[32m{[0m[32m\"command\": \"minikube -p minikube image build -t [0m                                     
         [32mkube-readiness-transitive-dependency-app:latest -f [0m                                                          
         [32m/home/adibam/KubeLLM/debug_assistant_latest/troubleshooting/readiness_missing_dependency_transitive/Dockerfil[0m
         [32me /home/adibam/KubeLLM/debug_assistant_latest/troubleshooting/readiness_missing_dependency_transitive\"[0m[32m}[0m[32m"[0m    
             [1m}[0m                                                                                                        
           [1m}[0m                                                                                                          
         [1m][0m                                                                                                            
[32mDEBUG   [0m **************** METRICS START ****************                                                              
[32mDEBUG   [0m * Time to generate response:   [1;36m18.[0m9712s                                                                      
[32mDEBUG   [0m * Tokens per second:           [1;36m6.6944[0m tokens/s                                                               
[32mDEBUG   [0m * Input tokens:                [1;36m2666[0m                                                                          
[32mDEBUG   [0m * Output tokens:               [1;36m127[0m                                                                           
[32mDEBUG   [0m * Total tokens:                [1;36m2793[0m                                                                          
[32mDEBUG   [0m **************** METRICS END ******************                                                              
[32mDEBUG   [0m Getting function run_shell_command                                                                           
[32mDEBUG   [0m Running: [1;35mrun_shell_command[0m[1m([0m[33mcommand[0m=[33m...[0m[1m)[0m                                                                      
[34mINFO    [0m Running shell command: minikube -p minikube image build -t kube-readiness-transitive-dependency-app:latest -f
         [35m/home/adibam/KubeLLM/debug_assistant_latest/troubleshooting/readiness_missing_dependency_transitive/[0m[95mDockerfil[0m
         [95me[0m [35m/home/adibam/KubeLLM/debug_assistant_latest/troubleshooting/[0m[95mreadiness_missing_dependency_transitive[0m        
[32mDEBUG   [0m Return code: [1;36m0[0m                                                                                               
[32mDEBUG   [0m ---------- Ollama Response Start ----------                                                                  
[32mDEBUG   [0m ============== system ==============                                                                         
[32mDEBUG   [0m ## Instructions                                                                                              
         - If all and only all commands fail to execute, declare that there was an error in trying to solve the issue,
         and end that statement with this token: [1m<[0m[1;95m|ERROR|[0m[39m>.[0m                                                           
         [39m- You have solved this issue only when the original user-visible problem is fixed in the live cluster. Verify[0m
         [39mthe relevant Kubernetes resources and application behavior with commands before declaring success; pod [0m      
         [39mRunning/Ready status alone is not sufficient unless the original problem is only pod startup.[0m                
         [39m- After every step, check whether the original problem is fixed in the live cluster. If you changed [0m         
         [39mmanifests, images, or cluster configuration, apply the change and verify the live resource state reflects it [0m
         [39mbefore declaring success.[0m                                                                                    
         [39m- If you believe you have met the goal, declare that you have solved the user's issue, and end that statement[0m
         [39mwith this token: <|SOLVED|>.[0m                                                                                 
         [39m- If the steps do not solve the issue, or if you need more information, declare that you cannot solve the [0m   
         [39missue, and end that statement with this token: <|FAILED|>.[0m                                                   
         [39m- Do not use live feed flags when checking the logs such as [0m[32m'kubectl logs -f'[0m                                
         [39m- Do not use commands like vim or vi[0m                                                                         
         [39m- Do not use commands that open up editors like [0m[32m'kubectl edit'[0m                                               
         [39m- Use markdown to format your answers.[0m                                                                       
                                                                                                                      
         [39m## Guidelines[0m                                                                                                
         [39mIf a command invocation is successful but gives no stdout nor stderr, then that is because that invocation [0m  
         [39mresulted in no output to stdout or stderr.[0m                                                                   
         [39mIf a command contains a placeholder name surrounded in angle brackets such as <pod_name>, for example, then [0m 
         [39m**do not** run that command as-is. First run a `kubectl get` command to find a real name to replace the [0m     
         [39mplaceholder name, then run the suggested command with the replaced name of the resource. For example, if you [0m
         [39msee `kubectl logs <pod_name[0m[1m>[0m -n example_namespace`, first run `kubectl get pods -n example_namespace` and use
         the name of the first pod you see.                                                                           
         Do not use live feed flags when checking the logs such as [32m'kubectl logs -f'[0m                                  
         If you do not conclude on an answer or a code then try again please.                                         
         Do not use commands like vim or vi                                                                           
         Do not use commands that open up editors like [32m'kubectl edit'[0m                                                 
[32mDEBUG   [0m ============== user ==============                                                                           
[32mDEBUG   [0m Perform the actions suggested here:                                                                          
         [1;36m1[0m. Update the Dockerfile to install the missing Python dependency [1m([0mrequests[1m)[0m. This edits the existing RUN    
         line to install requests via pip3.                                                                           
         ```bash                                                                                                      
         sed -i [32m's|apt-get update && apt-get install -y python3 python3-pip && rm -rf /var/lib/apt/lists/*|apt-get [0m   
         [32mupdate && apt-get install -y python3 python3-pip && pip3 install requests && rm -rf /var/lib/apt/lists/*|'[0m   
         [35m/home/adibam/KubeLLM/debug_assistant_latest/troubleshooting/readiness_missing_dependency_transitive/[0m[95mDockerfil[0m
         [95me[0m                                                                                                            
         ```                                                                                                          
                                                                                                                      
         [1;36m2[0m. Build the image into the active minikube profile [1m([0mthe Pod uses imagePullPolicy: Never so the local image  
         name must match[1m)[0m. Replace the context and Dockerfile path as needed [1m([0mhere using the provided paths[1m)[0m.         
         ```bash                                                                                                      
         [33mPROFILE[0m=$[1m{[0mMINIKUBE_PROFILE:-$[1m([0mkubectl config current-context[1m)[0m[1m}[0m                                               
         minikube -p [32m"$PROFILE"[0m image build -t kube-readiness-transitive-dependency-app:latest -f                     
         [35m/home/adibam/KubeLLM/debug_assistant_latest/troubleshooting/readiness_missing_dependency_transitive/[0m[95mDockerfil[0m
         [95me[0m [35m/home/adibam/KubeLLM/debug_assistant_latest/troubleshooting/[0m[95mreadiness_missing_dependency_transitive[0m        
         ```                                                                                                          
                                                                                                                      
         [1;36m3[0m. Recreate the Pod so it picks up the rebuilt image [1m([0mdelete then apply the manifest[1m)[0m.                       
         ```bash                                                                                                      
         kubectl delete pod readiness-transitive-dependency-app --ignore-not-found                                    
         kubectl apply -f                                                                                             
         [35m/home/adibam/KubeLLM/debug_assistant_latest/troubleshooting/readiness_missing_dependency_transitive/[0m[95mreadiness[0m
         [95m_missing_dependency_transitive.yaml[0m                                                                          
         ```                                                                                                          
                                                                                                                      
         [1;36m4[0m. Verify the Pod starts and check logs to confirm the ModuleNotFoundError is resolved.                      
         ```bash                                                                                                      
         kubectl get pod readiness-transitive-dependency-app -o wide                                                  
         kubectl logs readiness-transitive-dependency-app                                                             
         ```                                                                                                          
                                                                                                                      
         The relevant configuration file is located in this path:                                                     
         [35m/home/adibam/KubeLLM/debug_assistant_latest/troubleshooting/readiness_missing_dependency_transitive/[0m[95mreadiness[0m
         [95m_missing_dependency_transitive.yaml[0m                                                                          
         You can update these files if necessary. If any files are updated, make sure to delete and reapply the       
         configuration file.                                                                                          
         Do not use live feed flags when checking the logs such as [32m'kubectl logs -f'[0m                                  
         ### Tool Usage Rules                                                                                         
         - Do not attempt many commands in one tool call.                                                             
         - Never repeat a tool call that has already been executed successfully in this run.                          
         - If you need the result of a previous tool call, use the provided output rather than re-invoking it.        
         - Keep the tool call as simple as possible to avoid errors.                                                  
         - Do not run long-lived or background commands such as `kubectl port-forward`, `Start-Process`, or `kubectl  
         logs -f`; prefer single-shot commands that exit on their own.                                                
         - Do not use `kubectl port-forward`, background verification, `kubectl logs -f`, or `kubectl get -w`.        
         - For reachability checks, use the access path defined by the scenario: if a Service exists, verify via      
         Service/endpoints/service-routed access; if no Service exists, use bounded direct checks such as `kubectl    
         exec` with an in-container one-shot HTTP request.                                                            
         - Prefer one-shot application checks such as `kubectl exec [1m<[0m[1;95mpod[0m[39m> -- python3 -c [0m[32m"import urllib.request; [0m      
         [32mprint[0m[32m([0m[32murllib.request.urlopen[0m[32m([0m[32m'http://127.0.0.1:<port[0m[32m>[0m[32m/'[0m[32m)[0m[32m.getcode[0m[32m([0m[32m)[0m[32m)[0m[32m"[0m` when Python is available in the        
         container.                                                                                                   
                                                                                                                      
[32mDEBUG   [0m ============== assistant ==============                                                                      
[32mDEBUG   [0m Tool Calls: [1m[[0m                                                                                                
           [1m{[0m                                                                                                          
             [32m"type"[0m: [32m"function"[0m,                                                                                      
             [32m"function"[0m: [1m{[0m                                                                                            
               [32m"name"[0m: [32m"run_shell_command"[0m,                                                                           
               [32m"arguments"[0m: [32m"[0m[32m{[0m[32m\"command\": \"cat [0m                                                                     
         [32m/home/adibam/KubeLLM/debug_assistant_latest/troubleshooting/readiness_missing_dependency_transitive/Dockerfil[0m
         [32me\"[0m[32m}[0m[32m"[0m                                                                                                        
             [1m}[0m                                                                                                        
           [1m}[0m,                                                                                                         
           [1m{[0m                                                                                                          
             [32m"type"[0m: [32m"function"[0m,                                                                                      
             [32m"function"[0m: [1m{[0m                                                                                            
               [32m"name"[0m: [32m"run_shell_command"[0m,                                                                           
               [32m"arguments"[0m: [32m"[0m[32m{[0m[32m\"command\": \"kubectl get pods -A 2>/dev/null; kubectl config current-context\"[0m[32m}[0m[32m"[0m      
             [1m}[0m                                                                                                        
           [1m}[0m                                                                                                          
         [1m][0m                                                                                                            
[32mDEBUG   [0m ============== tool ==============                                                                           
[32mDEBUG   [0m FROM ubuntu:[1;36m20.04[0m                                                                                            
         RUN apt-get update && apt-get install -y python3 python3-pip && rm -rf [35m/var/lib/apt/lists/[0m*                  
         WORKDIR [35m/[0m[95mapp[0m                                                                                                 
         COPY helper_config.py [35m/app/[0m[95mhelper_config.py[0m                                                                  
         COPY server.py [35m/app/[0m[95mserver.py[0m                                                                                
         EXPOSE [1;36m8080[0m                                                                                                  
         CMD [1m[[0m[32m"python3"[0m, [32m"server.py"[0m[1m][0m                                                                                 
                                                                                                                      
[32mDEBUG   [0m ============== tool ==============                                                                           
[32mDEBUG   [0m NAMESPACE     NAME                                  READY   STATUS             RESTARTS      AGE             
         default       readiness-transitive-dependency-app   [1;36m0[0m/[1;36m1[0m     CrashLoopBackOff   [1;36m3[0m [1m([0m34s ago[1m)[0m   77s             
         kube-system   coredns-6f6b679f8f-5zkx6              [1;36m1[0m/[1;36m1[0m     Running            [1;36m3[0m [1m([0m22d ago[1m)[0m   23d             
         kube-system   etcd-minikube                         [1;36m1[0m/[1;36m1[0m     Running            [1;36m3[0m [1m([0m22d ago[1m)[0m   23d             
         kube-system   kube-apiserver-minikube               [1;36m1[0m/[1;36m1[0m     Running            [1;36m3[0m [1m([0m22d ago[1m)[0m   23d             
         kube-system   kube-controller-manager-minikube      [1;36m1[0m/[1;36m1[0m     Running            [1;36m3[0m [1m([0m22d ago[1m)[0m   23d             
         kube-system   kube-proxy-28xkt                      [1;36m1[0m/[1;36m1[0m     Running            [1;36m3[0m [1m([0m22d ago[1m)[0m   23d             
         kube-system   kube-scheduler-minikube               [1;36m1[0m/[1;36m1[0m     Running            [1;36m3[0m [1m([0m22d ago[1m)[0m   23d             
         kube-system   storage-provisioner                   [1;36m1[0m/[1;36m1[0m     Running            [1;36m6[0m [1m([0m22d ago[1m)[0m   23d             
         minikube                                                                                                     
                                                                                                                      
[32mDEBUG   [0m ============== assistant ==============                                                                      
[32mDEBUG   [0m Tool Calls: [1m[[0m                                                                                                
           [1m{[0m                                                                                                          
             [32m"type"[0m: [32m"function"[0m,                                                                                      
             [32m"function"[0m: [1m{[0m                                                                                            
               [32m"name"[0m: [32m"run_shell_command"[0m,                                                                           
               [32m"arguments"[0m: [32m"[0m[32m{[0m[32m\"command\": \"cat [0m                                                                     
         [32m/home/adibam/KubeLLM/debug_assistant_latest/troubleshooting/readiness_missing_dependency_transitive/Dockerfil[0m
         [32me; echo ---; cat [0m                                                                                            
         [32m/home/adibam/KubeLLM/debug_assistant_latest/troubleshooting/readiness_missing_dependency_transitive/server.py[0m
         [32m; echo ---; cat [0m                                                                                             
         [32m/home/adibam/KubeLLM/debug_assistant_latest/troubleshooting/readiness_missing_dependency_transitive/helper_co[0m
         [32mnfig.py\"[0m[32m}[0m[32m"[0m                                                                                                  
             [1m}[0m                                                                                                        
           [1m}[0m,                                                                                                         
           [1m{[0m                                                                                                          
             [32m"type"[0m: [32m"function"[0m,                                                                                      
             [32m"function"[0m: [1m{[0m                                                                                            
               [32m"name"[0m: [32m"run_shell_command"[0m,                                                                           
               [32m"arguments"[0m: [32m"[0m[32m{[0m[32m\"command\": \"kubectl logs readiness-transitive-dependency-app --[0m[32mtail[0m[32m=[0m[32m50[0m[32m\"[0m[32m}[0m[32m"[0m           
             [1m}[0m                                                                                                        
           [1m}[0m                                                                                                          
         [1m][0m                                                                                                            
[32mDEBUG   [0m ============== tool ==============                                                                           
[32mDEBUG   [0m FROM ubuntu:[1;36m20.04[0m                                                                                            
         RUN apt-get update && apt-get install -y python3 python3-pip && rm -rf [35m/var/lib/apt/lists/[0m*                  
         WORKDIR [35m/[0m[95mapp[0m                                                                                                 
         COPY helper_config.py [35m/app/[0m[95mhelper_config.py[0m                                                                  
         COPY server.py [35m/app/[0m[95mserver.py[0m                                                                                
         EXPOSE [1;36m8080[0m                                                                                                  
         CMD [1m[[0m[32m"python3"[0m, [32m"server.py"[0m[1m][0m                                                                                 
         ---                                                                                                          
         from http.server import HTTPServer, BaseHTTPRequestHandler                                                   
         from helper_config import STATUS_TEXT                                                                        
                                                                                                                      
         class [1;35mHandler[0m[1m([0mBaseHTTPRequestHandler[1m)[0m:                                                                       
             def [1;35mdo_[0m[1;33mGET[0m[1m([0mself[1m)[0m:                                                                                        
                 if self.path == [32m"/ready"[0m:                                                                            
                     [1;35mself.send_response[0m[1m([0m[1;36m200[0m[1m)[0m                                                                          
                     [1;35mself.end_headers[0m[1m([0m[1m)[0m                                                                               
                     [1;35mself.wfile.write[0m[1m([0m[1;35mstr[0m[1m([0mSTATUS_TEXT[1m)[0m[1;35m.encode[0m[1m([0m[1m)[0m[1m)[0m                                                      
                 else:                                                                                                
                     [1;35mself.send_response[0m[1m([0m[1;36m200[0m[1m)[0m                                                                          
                     [1;35mself.end_headers[0m[1m([0m[1m)[0m                                                                               
                     [1;35mself.wfile.write[0m[1m([0m[32mb"ok"[0m[1m)[0m                                                                          
         [1;35mHTTPServer[0m[1m([0m[1m([0m[32m"0.0.0.0"[0m, [1;36m8080[0m[1m)[0m, Handler[1m)[0m[1;35m.serve_forever[0m[1m([0m[1m)[0m                                                       
         ---                                                                                                          
         import requests                                                                                              
         STATUS_TEXT = requests.codes.ok                                                                              
                                                                                                                      
[32mDEBUG   [0m ============== tool ==============                                                                           
[32mDEBUG   [0m Traceback [1m([0mmost recent call last[1m)[0m:                                                                           
           File [32m"server.py"[0m, line [1;36m2[0m, in [1m<[0m[1;95mmodule[0m[39m>[0m                                                                      
         [39m    from helper_config import STATUS_TEXT[0m                                                                    
         [39m  File [0m[32m"/app/helper_config.py"[0m[39m, line [0m[1;36m1[0m[39m, in <module[0m[1m>[0m                                                          
             import requests                                                                                          
         ModuleNotFoundError: No module named [32m'requests'[0m                                                              
                                                                                                                      
[32mDEBUG   [0m ============== assistant ==============                                                                      
[32mDEBUG   [0m Tool Calls: [1m[[0m                                                                                                
           [1m{[0m                                                                                                          
             [32m"type"[0m: [32m"function"[0m,                                                                                      
             [32m"function"[0m: [1m{[0m                                                                                            
               [32m"name"[0m: [32m"run_shell_command"[0m,                                                                           
               [32m"arguments"[0m: [32m"[0m[32m{[0m[32m\"command\": \"sed -i 's|apt-get update && apt-get install -y python3 python3-pip && rm [0m
         [32m-rf /var/lib/apt/lists/\\\\*|apt-get update && apt-get install -y python3 python3-pip && pip3 install [0m       
         [32mrequests && rm -rf /var/lib/apt/lists/*|' [0m                                                                   
         [32m/home/adibam/KubeLLM/debug_assistant_latest/troubleshooting/readiness_missing_dependency_transitive/Dockerfil[0m
         [32me && cat [0m                                                                                                    
         [32m/home/adibam/KubeLLM/debug_assistant_latest/troubleshooting/readiness_missing_dependency_transitive/Dockerfil[0m
         [32me\"[0m[32m}[0m[32m"[0m                                                                                                        
             [1m}[0m                                                                                                        
           [1m}[0m                                                                                                          
         [1m][0m                                                                                                            
[32mDEBUG   [0m ============== tool ==============                                                                           
[32mDEBUG   [0m FROM ubuntu:[1;36m20.04[0m                                                                                            
         RUN apt-get update apt-get update && apt-get install -y python3 python3-pip && rm -rf                        
         [35m/var/lib/apt/lists/[0m*apt-get update && apt-get install -y python3 python3-pip && rm -rf [35m/var/lib/apt/lists/[0m*  
         apt-get install -y python3 python3-pip apt-get update && apt-get install -y python3 python3-pip && rm -rf    
         [35m/var/lib/apt/lists/[0m*apt-get update && apt-get install -y python3 python3-pip && rm -rf [35m/var/lib/apt/lists/[0m*  
         pip3 install requests apt-get update && apt-get install -y python3 python3-pip && rm -rf                     
         [35m/var/lib/apt/lists/[0m*apt-get update && apt-get install -y python3 python3-pip && rm -rf [35m/var/lib/apt/lists/[0m*  
         rm -rf [35m/var/lib/apt/lists/[0m*                                                                                  
         WORKDIR [35m/[0m[95mapp[0m                                                                                                 
         COPY helper_config.py [35m/app/[0m[95mhelper_config.py[0m                                                                  
         COPY server.py [35m/app/[0m[95mserver.py[0m                                                                                
         EXPOSE [1;36m8080[0m                                                                                                  
         CMD [1m[[0m[32m"python3"[0m, [32m"server.py"[0m[1m][0m                                                                                 
                                                                                                                      
[32mDEBUG   [0m ============== assistant ==============                                                                      
[32mDEBUG   [0m Tool Calls: [1m[[0m                                                                                                
           [1m{[0m                                                                                                          
             [32m"type"[0m: [32m"function"[0m,                                                                                      
             [32m"function"[0m: [1m{[0m                                                                                            
               [32m"name"[0m: [32m"run_shell_command"[0m,                                                                           
               [32m"arguments"[0m: [32m"[0m[32m{[0m[32m\"command\": \"cat > [0m                                                                   
         [32m/home/adibam/KubeLLM/debug_assistant_latest/troubleshooting/readiness_missing_dependency_transitive/Dockerfil[0m
         [32me <<'EOF'\\nFROM ubuntu:20.04\\nRUN apt-get update && apt-get install -y python3 python3-pip && pip3 install [0m
         [32mrequests && rm -rf /var/lib/apt/lists/*\\nWORKDIR /app\\nCOPY helper_config.py /app/helper_config.py\\nCOPY [0m 
         [32mserver.py /app/server.py\\nEXPOSE 8080\\nCMD [0m[32m[[0m[32m\\\"python3\\\", \\\"server.py\\\"[0m[32m][0m[32m\\nEOF\\ncat [0m               
         [32m/home/adibam/KubeLLM/debug_assistant_latest/troubleshooting/readiness_missing_dependency_transitive/Dockerfil[0m
         [32me\"[0m[32m}[0m[32m"[0m                                                                                                        
             [1m}[0m                                                                                                        
           [1m}[0m                                                                                                          
         [1m][0m                                                                                                            
[32mDEBUG   [0m ============== tool ==============                                                                           
[32mDEBUG   [0m FROM ubuntu:[1;36m20.04[0m                                                                                            
         RUN apt-get update && apt-get install -y python3 python3-pip && pip3 install requests && rm -rf              
         [35m/var/lib/apt/lists/[0m*                                                                                         
         WORKDIR [35m/[0m[95mapp[0m                                                                                                 
         COPY helper_config.py [35m/app/[0m[95mhelper_config.py[0m                                                                  
         COPY server.py [35m/app/[0m[95mserver.py[0m                                                                                
         EXPOSE [1;36m8080[0m                                                                                                  
         CMD [1m[[0m[32m"python3"[0m, [32m"server.py"[0m[1m][0m                                                                                 
                                                                                                                      
[32mDEBUG   [0m ============== assistant ==============                                                                      
[32mDEBUG   [0m The Dockerfile is now correctly updated. Let me build the image into the active minikube profile.            
[32mDEBUG   [0m Tool Calls: [1m[[0m                                                                                                
           [1m{[0m                                                                                                          
             [32m"type"[0m: [32m"function"[0m,                                                                                      
             [32m"function"[0m: [1m{[0m                                                                                            
               [32m"name"[0m: [32m"run_shell_command"[0m,                                                                           
               [32m"arguments"[0m: [32m"[0m[32m{[0m[32m\"command\": \"cat [0m                                                                     
         [32m/home/adibam/KubeLLM/debug_assistant_latest/troubleshooting/readiness_missing_dependency_transitive/readiness[0m
         [32m_missing_dependency_transitive.yaml; echo ---; kubectl config current-context\"[0m[32m}[0m[32m"[0m                            
             [1m}[0m                                                                                                        
           [1m}[0m                                                                                                          
         [1m][0m                                                                                                            
[32mDEBUG   [0m ============== tool ==============                                                                           
[32mDEBUG   [0m apiVersion: v1                                                                                               
         kind: Pod                                                                                                    
         metadata:                                                                                                    
           name: readiness-transitive-dependency-app                                                                  
           labels:                                                                                                    
             app: readiness-transitive-dependency-app                                                                 
         spec:                                                                                                        
           containers:                                                                                                
           - name: app                                                                                                
             image: kube-readiness-transitive-dependency-app:latest                                                   
             imagePullPolicy: Never                                                                                   
             ports:                                                                                                   
             - containerPort: [1;36m8080[0m                                                                                    
             readinessProbe:                                                                                          
               httpGet:                                                                                               
                 path: [35m/[0m[95mready[0m                                                                                         
                 port: [1;36m8080[0m                                                                                           
               initialDelaySeconds: [1;36m2[0m                                                                                 
               periodSeconds: [1;36m3[0m                                                                                       
         ---                                                                                                          
         minikube                                                                                                     
                                                                                                                      
[32mDEBUG   [0m ============== assistant ==============                                                                      
[32mDEBUG   [0m Now let me build the image into the active minikube profile.                                                 
[32mDEBUG   [0m Tool Calls: [1m[[0m                                                                                                
           [1m{[0m                                                                                                          
             [32m"type"[0m: [32m"function"[0m,                                                                                      
             [32m"function"[0m: [1m{[0m                                                                                            
               [32m"name"[0m: [32m"run_shell_command"[0m,                                                                           
               [32m"arguments"[0m: [32m"[0m[32m{[0m[32m\"command\": \"minikube -p minikube image build -t [0m                                     
         [32mkube-readiness-transitive-dependency-app:latest -f [0m                                                          
         [32m/home/adibam/KubeLLM/debug_assistant_latest/troubleshooting/readiness_missing_dependency_transitive/Dockerfil[0m
         [32me /home/adibam/KubeLLM/debug_assistant_latest/troubleshooting/readiness_missing_dependency_transitive\"[0m[32m}[0m[32m"[0m    
             [1m}[0m                                                                                                        
           [1m}[0m                                                                                                          
         [1m][0m                                                                                                            
[32mDEBUG   [0m ============== tool ==============                                                                           
[32mDEBUG   [0m ============== assistant ==============                                                                      
[32mDEBUG   [0m The image built successfully. Now let me recreate the Pod to pick up the rebuilt image.                      
[32mDEBUG   [0m Tool Calls: [1m[[0m                                                                                                
           [1m{[0m                                                                                                          
             [32m"type"[0m: [32m"function"[0m,                                                                                      
             [32m"function"[0m: [1m{[0m                                                                                            
               [32m"name"[0m: [32m"run_shell_command"[0m,                                                                           
               [32m"arguments"[0m: [32m"[0m[32m{[0m[32m\"command\": \"kubectl delete pod readiness-transitive-dependency-app [0m                  
         [32m--ignore-not-found\"[0m[32m}[0m[32m"[0m                                                                                       
             [1m}[0m                                                                                                        
           [1m}[0m                                                                                                          
         [1m][0m                                                                                                            
[32mDEBUG   [0m **************** METRICS START ****************                                                              
[32mDEBUG   [0m * Time to generate response:   [1;36m11.[0m5867s                                                                      
[32mDEBUG   [0m * Tokens per second:           [1;36m6.9908[0m tokens/s                                                               
[32mDEBUG   [0m * Input tokens:                [1;36m2697[0m                                                                          
[32mDEBUG   [0m * Output tokens:               [1;36m81[0m                                                                            
[32mDEBUG   [0m * Total tokens:                [1;36m2778[0m                                                                          
[32mDEBUG   [0m **************** METRICS END ******************                                                              
[32mDEBUG   [0m Getting function run_shell_command                                                                           
[32mDEBUG   [0m Running: [1;35mrun_shell_command[0m[1m([0m[33mcommand[0m=[35mkubectl[0m delete pod readiness-transitive-dependency-app --ignore-not-found[1m)[0m
[34mINFO    [0m Running shell command: kubectl delete pod readiness-transitive-dependency-app --ignore-not-found             
[32mDEBUG   [0m Return code: [1;36m0[0m                                                                                               
[32mDEBUG   [0m ---------- Ollama Response Start ----------                                                                  
[32mDEBUG   [0m ============== system ==============                                                                         
[32mDEBUG   [0m ## Instructions                                                                                              
         - If all and only all commands fail to execute, declare that there was an error in trying to solve the issue,
         and end that statement with this token: [1m<[0m[1;95m|ERROR|[0m[39m>.[0m                                                           
         [39m- You have solved this issue only when the original user-visible problem is fixed in the live cluster. Verify[0m
         [39mthe relevant Kubernetes resources and application behavior with commands before declaring success; pod [0m      
         [39mRunning/Ready status alone is not sufficient unless the original problem is only pod startup.[0m                
         [39m- After every step, check whether the original problem is fixed in the live cluster. If you changed [0m         
         [39mmanifests, images, or cluster configuration, apply the change and verify the live resource state reflects it [0m
         [39mbefore declaring success.[0m                                                                                    
         [39m- If you believe you have met the goal, declare that you have solved the user's issue, and end that statement[0m
         [39mwith this token: <|SOLVED|>.[0m                                                                                 
         [39m- If the steps do not solve the issue, or if you need more information, declare that you cannot solve the [0m   
         [39missue, and end that statement with this token: <|FAILED|>.[0m                                                   
         [39m- Do not use live feed flags when checking the logs such as [0m[32m'kubectl logs -f'[0m                                
         [39m- Do not use commands like vim or vi[0m                                                                         
         [39m- Do not use commands that open up editors like [0m[32m'kubectl edit'[0m                                               
         [39m- Use markdown to format your answers.[0m                                                                       
                                                                                                                      
         [39m## Guidelines[0m                                                                                                
         [39mIf a command invocation is successful but gives no stdout nor stderr, then that is because that invocation [0m  
         [39mresulted in no output to stdout or stderr.[0m                                                                   
         [39mIf a command contains a placeholder name surrounded in angle brackets such as <pod_name>, for example, then [0m 
         [39m**do not** run that command as-is. First run a `kubectl get` command to find a real name to replace the [0m     
         [39mplaceholder name, then run the suggested command with the replaced name of the resource. For example, if you [0m
         [39msee `kubectl logs <pod_name[0m[1m>[0m -n example_namespace`, first run `kubectl get pods -n example_namespace` and use
         the name of the first pod you see.                                                                           
         Do not use live feed flags when checking the logs such as [32m'kubectl logs -f'[0m                                  
         If you do not conclude on an answer or a code then try again please.                                         
         Do not use commands like vim or vi                                                                           
         Do not use commands that open up editors like [32m'kubectl edit'[0m                                                 
[32mDEBUG   [0m ============== user ==============                                                                           
[32mDEBUG   [0m Perform the actions suggested here:                                                                          
         [1;36m1[0m. Update the Dockerfile to install the missing Python dependency [1m([0mrequests[1m)[0m. This edits the existing RUN    
         line to install requests via pip3.                                                                           
         ```bash                                                                                                      
         sed -i [32m's|apt-get update && apt-get install -y python3 python3-pip && rm -rf /var/lib/apt/lists/*|apt-get [0m   
         [32mupdate && apt-get install -y python3 python3-pip && pip3 install requests && rm -rf /var/lib/apt/lists/*|'[0m   
         [35m/home/adibam/KubeLLM/debug_assistant_latest/troubleshooting/readiness_missing_dependency_transitive/[0m[95mDockerfil[0m
         [95me[0m                                                                                                            
         ```                                                                                                          
                                                                                                                      
         [1;36m2[0m. Build the image into the active minikube profile [1m([0mthe Pod uses imagePullPolicy: Never so the local image  
         name must match[1m)[0m. Replace the context and Dockerfile path as needed [1m([0mhere using the provided paths[1m)[0m.         
         ```bash                                                                                                      
         [33mPROFILE[0m=$[1m{[0mMINIKUBE_PROFILE:-$[1m([0mkubectl config current-context[1m)[0m[1m}[0m                                               
         minikube -p [32m"$PROFILE"[0m image build -t kube-readiness-transitive-dependency-app:latest -f                     
         [35m/home/adibam/KubeLLM/debug_assistant_latest/troubleshooting/readiness_missing_dependency_transitive/[0m[95mDockerfil[0m
         [95me[0m [35m/home/adibam/KubeLLM/debug_assistant_latest/troubleshooting/[0m[95mreadiness_missing_dependency_transitive[0m        
         ```                                                                                                          
                                                                                                                      
         [1;36m3[0m. Recreate the Pod so it picks up the rebuilt image [1m([0mdelete then apply the manifest[1m)[0m.                       
         ```bash                                                                                                      
         kubectl delete pod readiness-transitive-dependency-app --ignore-not-found                                    
         kubectl apply -f                                                                                             
         [35m/home/adibam/KubeLLM/debug_assistant_latest/troubleshooting/readiness_missing_dependency_transitive/[0m[95mreadiness[0m
         [95m_missing_dependency_transitive.yaml[0m                                                                          
         ```                                                                                                          
                                                                                                                      
         [1;36m4[0m. Verify the Pod starts and check logs to confirm the ModuleNotFoundError is resolved.                      
         ```bash                                                                                                      
         kubectl get pod readiness-transitive-dependency-app -o wide                                                  
         kubectl logs readiness-transitive-dependency-app                                                             
         ```                                                                                                          
                                                                                                                      
         The relevant configuration file is located in this path:                                                     
         [35m/home/adibam/KubeLLM/debug_assistant_latest/troubleshooting/readiness_missing_dependency_transitive/[0m[95mreadiness[0m
         [95m_missing_dependency_transitive.yaml[0m                                                                          
         You can update these files if necessary. If any files are updated, make sure to delete and reapply the       
         configuration file.                                                                                          
         Do not use live feed flags when checking the logs such as [32m'kubectl logs -f'[0m                                  
         ### Tool Usage Rules                                                                                         
         - Do not attempt many commands in one tool call.                                                             
         - Never repeat a tool call that has already been executed successfully in this run.                          
         - If you need the result of a previous tool call, use the provided output rather than re-invoking it.        
         - Keep the tool call as simple as possible to avoid errors.                                                  
         - Do not run long-lived or background commands such as `kubectl port-forward`, `Start-Process`, or `kubectl  
         logs -f`; prefer single-shot commands that exit on their own.                                                
         - Do not use `kubectl port-forward`, background verification, `kubectl logs -f`, or `kubectl get -w`.        
         - For reachability checks, use the access path defined by the scenario: if a Service exists, verify via      
         Service/endpoints/service-routed access; if no Service exists, use bounded direct checks such as `kubectl    
         exec` with an in-container one-shot HTTP request.                                                            
         - Prefer one-shot application checks such as `kubectl exec [1m<[0m[1;95mpod[0m[39m> -- python3 -c [0m[32m"import urllib.request; [0m      
         [32mprint[0m[32m([0m[32murllib.request.urlopen[0m[32m([0m[32m'http://127.0.0.1:<port[0m[32m>[0m[32m/'[0m[32m)[0m[32m.getcode[0m[32m([0m[32m)[0m[32m)[0m[32m"[0m` when Python is available in the        
         container.                                                                                                   
                                                                                                                      
[32mDEBUG   [0m ============== assistant ==============                                                                      
[32mDEBUG   [0m Tool Calls: [1m[[0m                                                                                                
           [1m{[0m                                                                                                          
             [32m"type"[0m: [32m"function"[0m,                                                                                      
             [32m"function"[0m: [1m{[0m                                                                                            
               [32m"name"[0m: [32m"run_shell_command"[0m,                                                                           
               [32m"arguments"[0m: [32m"[0m[32m{[0m[32m\"command\": \"cat [0m                                                                     
         [32m/home/adibam/KubeLLM/debug_assistant_latest/troubleshooting/readiness_missing_dependency_transitive/Dockerfil[0m
         [32me\"[0m[32m}[0m[32m"[0m                                                                                                        
             [1m}[0m                                                                                                        
           [1m}[0m,                                                                                                         
           [1m{[0m                                                                                                          
             [32m"type"[0m: [32m"function"[0m,                                                                                      
             [32m"function"[0m: [1m{[0m                                                                                            
               [32m"name"[0m: [32m"run_shell_command"[0m,                                                                           
               [32m"arguments"[0m: [32m"[0m[32m{[0m[32m\"command\": \"kubectl get pods -A 2>/dev/null; kubectl config current-context\"[0m[32m}[0m[32m"[0m      
             [1m}[0m                                                                                                        
           [1m}[0m                                                                                                          
         [1m][0m                                                                                                            
[32mDEBUG   [0m ============== tool ==============                                                                           
[32mDEBUG   [0m FROM ubuntu:[1;36m20.04[0m                                                                                            
         RUN apt-get update && apt-get install -y python3 python3-pip && rm -rf [35m/var/lib/apt/lists/[0m*                  
         WORKDIR [35m/[0m[95mapp[0m                                                                                                 
         COPY helper_config.py [35m/app/[0m[95mhelper_config.py[0m                                                                  
         COPY server.py [35m/app/[0m[95mserver.py[0m                                                                                
         EXPOSE [1;36m8080[0m                                                                                                  
         CMD [1m[[0m[32m"python3"[0m, [32m"server.py"[0m[1m][0m                                                                                 
                                                                                                                      
[32mDEBUG   [0m ============== tool ==============                                                                           
[32mDEBUG   [0m NAMESPACE     NAME                                  READY   STATUS             RESTARTS      AGE             
         default       readiness-transitive-dependency-app   [1;36m0[0m/[1;36m1[0m     CrashLoopBackOff   [1;36m3[0m [1m([0m34s ago[1m)[0m   77s             
         kube-system   coredns-6f6b679f8f-5zkx6              [1;36m1[0m/[1;36m1[0m     Running            [1;36m3[0m [1m([0m22d ago[1m)[0m   23d             
         kube-system   etcd-minikube                         [1;36m1[0m/[1;36m1[0m     Running            [1;36m3[0m [1m([0m22d ago[1m)[0m   23d             
         kube-system   kube-apiserver-minikube               [1;36m1[0m/[1;36m1[0m     Running            [1;36m3[0m [1m([0m22d ago[1m)[0m   23d             
         kube-system   kube-controller-manager-minikube      [1;36m1[0m/[1;36m1[0m     Running            [1;36m3[0m [1m([0m22d ago[1m)[0m   23d             
         kube-system   kube-proxy-28xkt                      [1;36m1[0m/[1;36m1[0m     Running            [1;36m3[0m [1m([0m22d ago[1m)[0m   23d             
         kube-system   kube-scheduler-minikube               [1;36m1[0m/[1;36m1[0m     Running            [1;36m3[0m [1m([0m22d ago[1m)[0m   23d             
         kube-system   storage-provisioner                   [1;36m1[0m/[1;36m1[0m     Running            [1;36m6[0m [1m([0m22d ago[1m)[0m   23d             
         minikube                                                                                                     
                                                                                                                      
[32mDEBUG   [0m ============== assistant ==============                                                                      
[32mDEBUG   [0m Tool Calls: [1m[[0m                                                                                                
           [1m{[0m                                                                                                          
             [32m"type"[0m: [32m"function"[0m,                                                                                      
             [32m"function"[0m: [1m{[0m                                                                                            
               [32m"name"[0m: [32m"run_shell_command"[0m,                                                                           
               [32m"arguments"[0m: [32m"[0m[32m{[0m[32m\"command\": \"cat [0m                                                                     
         [32m/home/adibam/KubeLLM/debug_assistant_latest/troubleshooting/readiness_missing_dependency_transitive/Dockerfil[0m
         [32me; echo ---; cat [0m                                                                                            
         [32m/home/adibam/KubeLLM/debug_assistant_latest/troubleshooting/readiness_missing_dependency_transitive/server.py[0m
         [32m; echo ---; cat [0m                                                                                             
         [32m/home/adibam/KubeLLM/debug_assistant_latest/troubleshooting/readiness_missing_dependency_transitive/helper_co[0m
         [32mnfig.py\"[0m[32m}[0m[32m"[0m                                                                                                  
             [1m}[0m                                                                                                        
           [1m}[0m,                                                                                                         
           [1m{[0m                                                                                                          
             [32m"type"[0m: [32m"function"[0m,                                                                                      
             [32m"function"[0m: [1m{[0m                                                                                            
               [32m"name"[0m: [32m"run_shell_command"[0m,                                                                           
               [32m"arguments"[0m: [32m"[0m[32m{[0m[32m\"command\": \"kubectl logs readiness-transitive-dependency-app --[0m[32mtail[0m[32m=[0m[32m50[0m[32m\"[0m[32m}[0m[32m"[0m           
             [1m}[0m                                                                                                        
           [1m}[0m                                                                                                          
         [1m][0m                                                                                                            
[32mDEBUG   [0m ============== tool ==============                                                                           
[32mDEBUG   [0m FROM ubuntu:[1;36m20.04[0m                                                                                            
         RUN apt-get update && apt-get install -y python3 python3-pip && rm -rf [35m/var/lib/apt/lists/[0m*                  
         WORKDIR [35m/[0m[95mapp[0m                                                                                                 
         COPY helper_config.py [35m/app/[0m[95mhelper_config.py[0m                                                                  
         COPY server.py [35m/app/[0m[95mserver.py[0m                                                                                
         EXPOSE [1;36m8080[0m                                                                                                  
         CMD [1m[[0m[32m"python3"[0m, [32m"server.py"[0m[1m][0m                                                                                 
         ---                                                                                                          
         from http.server import HTTPServer, BaseHTTPRequestHandler                                                   
         from helper_config import STATUS_TEXT                                                                        
                                                                                                                      
         class [1;35mHandler[0m[1m([0mBaseHTTPRequestHandler[1m)[0m:                                                                       
             def [1;35mdo_[0m[1;33mGET[0m[1m([0mself[1m)[0m:                                                                                        
                 if self.path == [32m"/ready"[0m:                                                                            
                     [1;35mself.send_response[0m[1m([0m[1;36m200[0m[1m)[0m                                                                          
                     [1;35mself.end_headers[0m[1m([0m[1m)[0m                                                                               
                     [1;35mself.wfile.write[0m[1m([0m[1;35mstr[0m[1m([0mSTATUS_TEXT[1m)[0m[1;35m.encode[0m[1m([0m[1m)[0m[1m)[0m                                                      
                 else:                                                                                                
                     [1;35mself.send_response[0m[1m([0m[1;36m200[0m[1m)[0m                                                                          
                     [1;35mself.end_headers[0m[1m([0m[1m)[0m                                                                               
                     [1;35mself.wfile.write[0m[1m([0m[32mb"ok"[0m[1m)[0m                                                                          
         [1;35mHTTPServer[0m[1m([0m[1m([0m[32m"0.0.0.0"[0m, [1;36m8080[0m[1m)[0m, Handler[1m)[0m[1;35m.serve_forever[0m[1m([0m[1m)[0m                                                       
         ---                                                                                                          
         import requests                                                                                              
         STATUS_TEXT = requests.codes.ok                                                                              
                                                                                                                      
[32mDEBUG   [0m ============== tool ==============                                                                           
[32mDEBUG   [0m Traceback [1m([0mmost recent call last[1m)[0m:                                                                           
           File [32m"server.py"[0m, line [1;36m2[0m, in [1m<[0m[1;95mmodule[0m[39m>[0m                                                                      
         [39m    from helper_config import STATUS_TEXT[0m                                                                    
         [39m  File [0m[32m"/app/helper_config.py"[0m[39m, line [0m[1;36m1[0m[39m, in <module[0m[1m>[0m                                                          
             import requests                                                                                          
         ModuleNotFoundError: No module named [32m'requests'[0m                                                              
                                                                                                                      
[32mDEBUG   [0m ============== assistant ==============                                                                      
[32mDEBUG   [0m Tool Calls: [1m[[0m                                                                                                
           [1m{[0m                                                                                                          
             [32m"type"[0m: [32m"function"[0m,                                                                                      
             [32m"function"[0m: [1m{[0m                                                                                            
               [32m"name"[0m: [32m"run_shell_command"[0m,                                                                           
               [32m"arguments"[0m: [32m"[0m[32m{[0m[32m\"command\": \"sed -i 's|apt-get update && apt-get install -y python3 python3-pip && rm [0m
         [32m-rf /var/lib/apt/lists/\\\\*|apt-get update && apt-get install -y python3 python3-pip && pip3 install [0m       
         [32mrequests && rm -rf /var/lib/apt/lists/*|' [0m                                                                   
         [32m/home/adibam/KubeLLM/debug_assistant_latest/troubleshooting/readiness_missing_dependency_transitive/Dockerfil[0m
         [32me && cat [0m                                                                                                    
         [32m/home/adibam/KubeLLM/debug_assistant_latest/troubleshooting/readiness_missing_dependency_transitive/Dockerfil[0m
         [32me\"[0m[32m}[0m[32m"[0m                                                                                                        
             [1m}[0m                                                                                                        
           [1m}[0m                                                                                                          
         [1m][0m                                                                                                            
[32mDEBUG   [0m ============== tool ==============                                                                           
[32mDEBUG   [0m FROM ubuntu:[1;36m20.04[0m                                                                                            
         RUN apt-get update apt-get update && apt-get install -y python3 python3-pip && rm -rf                        
         [35m/var/lib/apt/lists/[0m*apt-get update && apt-get install -y python3 python3-pip && rm -rf [35m/var/lib/apt/lists/[0m*  
         apt-get install -y python3 python3-pip apt-get update && apt-get install -y python3 python3-pip && rm -rf    
         [35m/var/lib/apt/lists/[0m*apt-get update && apt-get install -y python3 python3-pip && rm -rf [35m/var/lib/apt/lists/[0m*  
         pip3 install requests apt-get update && apt-get install -y python3 python3-pip && rm -rf                     
         [35m/var/lib/apt/lists/[0m*apt-get update && apt-get install -y python3 python3-pip && rm -rf [35m/var/lib/apt/lists/[0m*  
         rm -rf [35m/var/lib/apt/lists/[0m*                                                                                  
         WORKDIR [35m/[0m[95mapp[0m                                                                                                 
         COPY helper_config.py [35m/app/[0m[95mhelper_config.py[0m                                                                  
         COPY server.py [35m/app/[0m[95mserver.py[0m                                                                                
         EXPOSE [1;36m8080[0m                                                                                                  
         CMD [1m[[0m[32m"python3"[0m, [32m"server.py"[0m[1m][0m                                                                                 
                                                                                                                      
[32mDEBUG   [0m ============== assistant ==============                                                                      
[32mDEBUG   [0m Tool Calls: [1m[[0m                                                                                                
           [1m{[0m                                                                                                          
             [32m"type"[0m: [32m"function"[0m,                                                                                      
             [32m"function"[0m: [1m{[0m                                                                                            
               [32m"name"[0m: [32m"run_shell_command"[0m,                                                                           
               [32m"arguments"[0m: [32m"[0m[32m{[0m[32m\"command\": \"cat > [0m                                                                   
         [32m/home/adibam/KubeLLM/debug_assistant_latest/troubleshooting/readiness_missing_dependency_transitive/Dockerfil[0m
         [32me <<'EOF'\\nFROM ubuntu:20.04\\nRUN apt-get update && apt-get install -y python3 python3-pip && pip3 install [0m
         [32mrequests && rm -rf /var/lib/apt/lists/*\\nWORKDIR /app\\nCOPY helper_config.py /app/helper_config.py\\nCOPY [0m 
         [32mserver.py /app/server.py\\nEXPOSE 8080\\nCMD [0m[32m[[0m[32m\\\"python3\\\", \\\"server.py\\\"[0m[32m][0m[32m\\nEOF\\ncat [0m               
         [32m/home/adibam/KubeLLM/debug_assistant_latest/troubleshooting/readiness_missing_dependency_transitive/Dockerfil[0m
         [32me\"[0m[32m}[0m[32m"[0m                                                                                                        
             [1m}[0m                                                                                                        
           [1m}[0m                                                                                                          
         [1m][0m                                                                                                            
[32mDEBUG   [0m ============== tool ==============                                                                           
[32mDEBUG   [0m FROM ubuntu:[1;36m20.04[0m                                                                                            
         RUN apt-get update && apt-get install -y python3 python3-pip && pip3 install requests && rm -rf              
         [35m/var/lib/apt/lists/[0m*                                                                                         
         WORKDIR [35m/[0m[95mapp[0m                                                                                                 
         COPY helper_config.py [35m/app/[0m[95mhelper_config.py[0m                                                                  
         COPY server.py [35m/app/[0m[95mserver.py[0m                                                                                
         EXPOSE [1;36m8080[0m                                                                                                  
         CMD [1m[[0m[32m"python3"[0m, [32m"server.py"[0m[1m][0m                                                                                 
                                                                                                                      
[32mDEBUG   [0m ============== assistant ==============                                                                      
[32mDEBUG   [0m The Dockerfile is now correctly updated. Let me build the image into the active minikube profile.            
[32mDEBUG   [0m Tool Calls: [1m[[0m                                                                                                
           [1m{[0m                                                                                                          
             [32m"type"[0m: [32m"function"[0m,                                                                                      
             [32m"function"[0m: [1m{[0m                                                                                            
               [32m"name"[0m: [32m"run_shell_command"[0m,                                                                           
               [32m"arguments"[0m: [32m"[0m[32m{[0m[32m\"command\": \"cat [0m                                                                     
         [32m/home/adibam/KubeLLM/debug_assistant_latest/troubleshooting/readiness_missing_dependency_transitive/readiness[0m
         [32m_missing_dependency_transitive.yaml; echo ---; kubectl config current-context\"[0m[32m}[0m[32m"[0m                            
             [1m}[0m                                                                                                        
           [1m}[0m                                                                                                          
         [1m][0m                                                                                                            
[32mDEBUG   [0m ============== tool ==============                                                                           
[32mDEBUG   [0m apiVersion: v1                                                                                               
         kind: Pod                                                                                                    
         metadata:                                                                                                    
           name: readiness-transitive-dependency-app                                                                  
           labels:                                                                                                    
             app: readiness-transitive-dependency-app                                                                 
         spec:                                                                                                        
           containers:                                                                                                
           - name: app                                                                                                
             image: kube-readiness-transitive-dependency-app:latest                                                   
             imagePullPolicy: Never                                                                                   
             ports:                                                                                                   
             - containerPort: [1;36m8080[0m                                                                                    
             readinessProbe:                                                                                          
               httpGet:                                                                                               
                 path: [35m/[0m[95mready[0m                                                                                         
                 port: [1;36m8080[0m                                                                                           
               initialDelaySeconds: [1;36m2[0m                                                                                 
               periodSeconds: [1;36m3[0m                                                                                       
         ---                                                                                                          
         minikube                                                                                                     
                                                                                                                      
[32mDEBUG   [0m ============== assistant ==============                                                                      
[32mDEBUG   [0m Now let me build the image into the active minikube profile.                                                 
[32mDEBUG   [0m Tool Calls: [1m[[0m                                                                                                
           [1m{[0m                                                                                                          
             [32m"type"[0m: [32m"function"[0m,                                                                                      
             [32m"function"[0m: [1m{[0m                                                                                            
               [32m"name"[0m: [32m"run_shell_command"[0m,                                                                           
               [32m"arguments"[0m: [32m"[0m[32m{[0m[32m\"command\": \"minikube -p minikube image build -t [0m                                     
         [32mkube-readiness-transitive-dependency-app:latest -f [0m                                                          
         [32m/home/adibam/KubeLLM/debug_assistant_latest/troubleshooting/readiness_missing_dependency_transitive/Dockerfil[0m
         [32me /home/adibam/KubeLLM/debug_assistant_latest/troubleshooting/readiness_missing_dependency_transitive\"[0m[32m}[0m[32m"[0m    
             [1m}[0m                                                                                                        
           [1m}[0m                                                                                                          
         [1m][0m                                                                                                            
[32mDEBUG   [0m ============== tool ==============                                                                           
[32mDEBUG   [0m ============== assistant ==============                                                                      
[32mDEBUG   [0m The image built successfully. Now let me recreate the Pod to pick up the rebuilt image.                      
[32mDEBUG   [0m Tool Calls: [1m[[0m                                                                                                
           [1m{[0m                                                                                                          
             [32m"type"[0m: [32m"function"[0m,                                                                                      
             [32m"function"[0m: [1m{[0m                                                                                            
               [32m"name"[0m: [32m"run_shell_command"[0m,                                                                           
               [32m"arguments"[0m: [32m"[0m[32m{[0m[32m\"command\": \"kubectl delete pod readiness-transitive-dependency-app [0m                  
         [32m--ignore-not-found\"[0m[32m}[0m[32m"[0m                                                                                       
             [1m}[0m                                                                                                        
           [1m}[0m                                                                                                          
         [1m][0m                                                                                                            
[32mDEBUG   [0m ============== tool ==============                                                                           
[32mDEBUG   [0m pod [32m"readiness-transitive-dependency-app"[0m deleted from default namespace                                     
                                                                                                                      
[32mDEBUG   [0m ============== assistant ==============                                                                      
[32mDEBUG   [0m Tool Calls: [1m[[0m                                                                                                
           [1m{[0m                                                                                                          
             [32m"type"[0m: [32m"function"[0m,                                                                                      
             [32m"function"[0m: [1m{[0m                                                                                            
               [32m"name"[0m: [32m"run_shell_command"[0m,                                                                           
               [32m"arguments"[0m: [32m"[0m[32m{[0m[32m\"command\": \"kubectl apply -f [0m                                                        
         [32m/home/adibam/KubeLLM/debug_assistant_latest/troubleshooting/readiness_missing_dependency_transitive/readiness[0m
         [32m_missing_dependency_transitive.yaml\"[0m[32m}[0m[32m"[0m                                                                      
             [1m}[0m                                                                                                        
           [1m}[0m                                                                                                          
         [1m][0m                                                                                                            
[32mDEBUG   [0m **************** METRICS START ****************                                                              
[32mDEBUG   [0m * Time to generate response:   [1;36m10.[0m0593s                                                                      
[32mDEBUG   [0m * Tokens per second:           [1;36m6.7599[0m tokens/s                                                               
[32mDEBUG   [0m * Input tokens:                [1;36m2747[0m                                                                          
[32mDEBUG   [0m * Output tokens:               [1;36m68[0m                                                                            
[32mDEBUG   [0m * Total tokens:                [1;36m2815[0m                                                                          
[32mDEBUG   [0m **************** METRICS END ******************                                                              
[32mDEBUG   [0m Getting function run_shell_command                                                                           
[32mDEBUG   [0m Running: [1;35mrun_shell_command[0m[1m([0m[33mcommand[0m=[33m...[0m[1m)[0m                                                                      
[34mINFO    [0m Running shell command: kubectl apply -f                                                                      
         [35m/home/adibam/KubeLLM/debug_assistant_latest/troubleshooting/readiness_missing_dependency_transitive/[0m[95mreadiness[0m
         [95m_missing_dependency_transitive.yaml[0m                                                                          
[32mDEBUG   [0m Return code: [1;36m0[0m                                                                                               
[32mDEBUG   [0m ---------- Ollama Response Start ----------                                                                  
[32mDEBUG   [0m ============== system ==============                                                                         
[32mDEBUG   [0m ## Instructions                                                                                              
         - If all and only all commands fail to execute, declare that there was an error in trying to solve the issue,
         and end that statement with this token: [1m<[0m[1;95m|ERROR|[0m[39m>.[0m                                                           
         [39m- You have solved this issue only when the original user-visible problem is fixed in the live cluster. Verify[0m
         [39mthe relevant Kubernetes resources and application behavior with commands before declaring success; pod [0m      
         [39mRunning/Ready status alone is not sufficient unless the original problem is only pod startup.[0m                
         [39m- After every step, check whether the original problem is fixed in the live cluster. If you changed [0m         
         [39mmanifests, images, or cluster configuration, apply the change and verify the live resource state reflects it [0m
         [39mbefore declaring success.[0m                                                                                    
         [39m- If you believe you have met the goal, declare that you have solved the user's issue, and end that statement[0m
         [39mwith this token: <|SOLVED|>.[0m                                                                                 
         [39m- If the steps do not solve the issue, or if you need more information, declare that you cannot solve the [0m   
         [39missue, and end that statement with this token: <|FAILED|>.[0m                                                   
         [39m- Do not use live feed flags when checking the logs such as [0m[32m'kubectl logs -f'[0m                                
         [39m- Do not use commands like vim or vi[0m                                                                         
         [39m- Do not use commands that open up editors like [0m[32m'kubectl edit'[0m                                               
         [39m- Use markdown to format your answers.[0m                                                                       
                                                                                                                      
         [39m## Guidelines[0m                                                                                                
         [39mIf a command invocation is successful but gives no stdout nor stderr, then that is because that invocation [0m  
         [39mresulted in no output to stdout or stderr.[0m                                                                   
         [39mIf a command contains a placeholder name surrounded in angle brackets such as <pod_name>, for example, then [0m 
         [39m**do not** run that command as-is. First run a `kubectl get` command to find a real name to replace the [0m     
         [39mplaceholder name, then run the suggested command with the replaced name of the resource. For example, if you [0m
         [39msee `kubectl logs <pod_name[0m[1m>[0m -n example_namespace`, first run `kubectl get pods -n example_namespace` and use
         the name of the first pod you see.                                                                           
         Do not use live feed flags when checking the logs such as [32m'kubectl logs -f'[0m                                  
         If you do not conclude on an answer or a code then try again please.                                         
         Do not use commands like vim or vi                                                                           
         Do not use commands that open up editors like [32m'kubectl edit'[0m                                                 
[32mDEBUG   [0m ============== user ==============                                                                           
[32mDEBUG   [0m Perform the actions suggested here:                                                                          
         [1;36m1[0m. Update the Dockerfile to install the missing Python dependency [1m([0mrequests[1m)[0m. This edits the existing RUN    
         line to install requests via pip3.                                                                           
         ```bash                                                                                                      
         sed -i [32m's|apt-get update && apt-get install -y python3 python3-pip && rm -rf /var/lib/apt/lists/*|apt-get [0m   
         [32mupdate && apt-get install -y python3 python3-pip && pip3 install requests && rm -rf /var/lib/apt/lists/*|'[0m   
         [35m/home/adibam/KubeLLM/debug_assistant_latest/troubleshooting/readiness_missing_dependency_transitive/[0m[95mDockerfil[0m
         [95me[0m                                                                                                            
         ```                                                                                                          
                                                                                                                      
         [1;36m2[0m. Build the image into the active minikube profile [1m([0mthe Pod uses imagePullPolicy: Never so the local image  
         name must match[1m)[0m. Replace the context and Dockerfile path as needed [1m([0mhere using the provided paths[1m)[0m.         
         ```bash                                                                                                      
         [33mPROFILE[0m=$[1m{[0mMINIKUBE_PROFILE:-$[1m([0mkubectl config current-context[1m)[0m[1m}[0m                                               
         minikube -p [32m"$PROFILE"[0m image build -t kube-readiness-transitive-dependency-app:latest -f                     
         [35m/home/adibam/KubeLLM/debug_assistant_latest/troubleshooting/readiness_missing_dependency_transitive/[0m[95mDockerfil[0m
         [95me[0m [35m/home/adibam/KubeLLM/debug_assistant_latest/troubleshooting/[0m[95mreadiness_missing_dependency_transitive[0m        
         ```                                                                                                          
                                                                                                                      
         [1;36m3[0m. Recreate the Pod so it picks up the rebuilt image [1m([0mdelete then apply the manifest[1m)[0m.                       
         ```bash                                                                                                      
         kubectl delete pod readiness-transitive-dependency-app --ignore-not-found                                    
         kubectl apply -f                                                                                             
         [35m/home/adibam/KubeLLM/debug_assistant_latest/troubleshooting/readiness_missing_dependency_transitive/[0m[95mreadiness[0m
         [95m_missing_dependency_transitive.yaml[0m                                                                          
         ```                                                                                                          
                                                                                                                      
         [1;36m4[0m. Verify the Pod starts and check logs to confirm the ModuleNotFoundError is resolved.                      
         ```bash                                                                                                      
         kubectl get pod readiness-transitive-dependency-app -o wide                                                  
         kubectl logs readiness-transitive-dependency-app                                                             
         ```                                                                                                          
                                                                                                                      
         The relevant configuration file is located in this path:                                                     
         [35m/home/adibam/KubeLLM/debug_assistant_latest/troubleshooting/readiness_missing_dependency_transitive/[0m[95mreadiness[0m
         [95m_missing_dependency_transitive.yaml[0m                                                                          
         You can update these files if necessary. If any files are updated, make sure to delete and reapply the       
         configuration file.                                                                                          
         Do not use live feed flags when checking the logs such as [32m'kubectl logs -f'[0m                                  
         ### Tool Usage Rules                                                                                         
         - Do not attempt many commands in one tool call.                                                             
         - Never repeat a tool call that has already been executed successfully in this run.                          
         - If you need the result of a previous tool call, use the provided output rather than re-invoking it.        
         - Keep the tool call as simple as possible to avoid errors.                                                  
         - Do not run long-lived or background commands such as `kubectl port-forward`, `Start-Process`, or `kubectl  
         logs -f`; prefer single-shot commands that exit on their own.                                                
         - Do not use `kubectl port-forward`, background verification, `kubectl logs -f`, or `kubectl get -w`.        
         - For reachability checks, use the access path defined by the scenario: if a Service exists, verify via      
         Service/endpoints/service-routed access; if no Service exists, use bounded direct checks such as `kubectl    
         exec` with an in-container one-shot HTTP request.                                                            
         - Prefer one-shot application checks such as `kubectl exec [1m<[0m[1;95mpod[0m[39m> -- python3 -c [0m[32m"import urllib.request; [0m      
         [32mprint[0m[32m([0m[32murllib.request.urlopen[0m[32m([0m[32m'http://127.0.0.1:<port[0m[32m>[0m[32m/'[0m[32m)[0m[32m.getcode[0m[32m([0m[32m)[0m[32m)[0m[32m"[0m` when Python is available in the        
         container.                                                                                                   
                                                                                                                      
[32mDEBUG   [0m ============== assistant ==============                                                                      
[32mDEBUG   [0m Tool Calls: [1m[[0m                                                                                                
           [1m{[0m                                                                                                          
             [32m"type"[0m: [32m"function"[0m,                                                                                      
             [32m"function"[0m: [1m{[0m                                                                                            
               [32m"name"[0m: [32m"run_shell_command"[0m,                                                                           
               [32m"arguments"[0m: [32m"[0m[32m{[0m[32m\"command\": \"cat [0m                                                                     
         [32m/home/adibam/KubeLLM/debug_assistant_latest/troubleshooting/readiness_missing_dependency_transitive/Dockerfil[0m
         [32me\"[0m[32m}[0m[32m"[0m                                                                                                        
             [1m}[0m                                                                                                        
           [1m}[0m,                                                                                                         
           [1m{[0m                                                                                                          
             [32m"type"[0m: [32m"function"[0m,                                                                                      
             [32m"function"[0m: [1m{[0m                                                                                            
               [32m"name"[0m: [32m"run_shell_command"[0m,                                                                           
               [32m"arguments"[0m: [32m"[0m[32m{[0m[32m\"command\": \"kubectl get pods -A 2>/dev/null; kubectl config current-context\"[0m[32m}[0m[32m"[0m      
             [1m}[0m                                                                                                        
           [1m}[0m                                                                                                          
         [1m][0m                                                                                                            
[32mDEBUG   [0m ============== tool ==============                                                                           
[32mDEBUG   [0m FROM ubuntu:[1;36m20.04[0m                                                                                            
         RUN apt-get update && apt-get install -y python3 python3-pip && rm -rf [35m/var/lib/apt/lists/[0m*                  
         WORKDIR [35m/[0m[95mapp[0m                                                                                                 
         COPY helper_config.py [35m/app/[0m[95mhelper_config.py[0m                                                                  
         COPY server.py [35m/app/[0m[95mserver.py[0m                                                                                
         EXPOSE [1;36m8080[0m                                                                                                  
         CMD [1m[[0m[32m"python3"[0m, [32m"server.py"[0m[1m][0m                                                                                 
                                                                                                                      
[32mDEBUG   [0m ============== tool ==============                                                                           
[32mDEBUG   [0m NAMESPACE     NAME                                  READY   STATUS             RESTARTS      AGE             
         default       readiness-transitive-dependency-app   [1;36m0[0m/[1;36m1[0m     CrashLoopBackOff   [1;36m3[0m [1m([0m34s ago[1m)[0m   77s             
         kube-system   coredns-6f6b679f8f-5zkx6              [1;36m1[0m/[1;36m1[0m     Running            [1;36m3[0m [1m([0m22d ago[1m)[0m   23d             
         kube-system   etcd-minikube                         [1;36m1[0m/[1;36m1[0m     Running            [1;36m3[0m [1m([0m22d ago[1m)[0m   23d             
         kube-system   kube-apiserver-minikube               [1;36m1[0m/[1;36m1[0m     Running            [1;36m3[0m [1m([0m22d ago[1m)[0m   23d             
         kube-system   kube-controller-manager-minikube      [1;36m1[0m/[1;36m1[0m     Running            [1;36m3[0m [1m([0m22d ago[1m)[0m   23d             
         kube-system   kube-proxy-28xkt                      [1;36m1[0m/[1;36m1[0m     Running            [1;36m3[0m [1m([0m22d ago[1m)[0m   23d             
         kube-system   kube-scheduler-minikube               [1;36m1[0m/[1;36m1[0m     Running            [1;36m3[0m [1m([0m22d ago[1m)[0m   23d             
         kube-system   storage-provisioner                   [1;36m1[0m/[1;36m1[0m     Running            [1;36m6[0m [1m([0m22d ago[1m)[0m   23d             
         minikube                                                                                                     
                                                                                                                      
[32mDEBUG   [0m ============== assistant ==============                                                                      
[32mDEBUG   [0m Tool Calls: [1m[[0m                                                                                                
           [1m{[0m                                                                                                          
             [32m"type"[0m: [32m"function"[0m,                                                                                      
             [32m"function"[0m: [1m{[0m                                                                                            
               [32m"name"[0m: [32m"run_shell_command"[0m,                                                                           
               [32m"arguments"[0m: [32m"[0m[32m{[0m[32m\"command\": \"cat [0m                                                                     
         [32m/home/adibam/KubeLLM/debug_assistant_latest/troubleshooting/readiness_missing_dependency_transitive/Dockerfil[0m
         [32me; echo ---; cat [0m                                                                                            
         [32m/home/adibam/KubeLLM/debug_assistant_latest/troubleshooting/readiness_missing_dependency_transitive/server.py[0m
         [32m; echo ---; cat [0m                                                                                             
         [32m/home/adibam/KubeLLM/debug_assistant_latest/troubleshooting/readiness_missing_dependency_transitive/helper_co[0m
         [32mnfig.py\"[0m[32m}[0m[32m"[0m                                                                                                  
             [1m}[0m                                                                                                        
           [1m}[0m,                                                                                                         
           [1m{[0m                                                                                                          
             [32m"type"[0m: [32m"function"[0m,                                                                                      
             [32m"function"[0m: [1m{[0m                                                                                            
               [32m"name"[0m: [32m"run_shell_command"[0m,                                                                           
               [32m"arguments"[0m: [32m"[0m[32m{[0m[32m\"command\": \"kubectl logs readiness-transitive-dependency-app --[0m[32mtail[0m[32m=[0m[32m50[0m[32m\"[0m[32m}[0m[32m"[0m           
             [1m}[0m                                                                                                        
           [1m}[0m                                                                                                          
         [1m][0m                                                                                                            
[32mDEBUG   [0m ============== tool ==============                                                                           
[32mDEBUG   [0m FROM ubuntu:[1;36m20.04[0m                                                                                            
         RUN apt-get update && apt-get install -y python3 python3-pip && rm -rf [35m/var/lib/apt/lists/[0m*                  
         WORKDIR [35m/[0m[95mapp[0m                                                                                                 
         COPY helper_config.py [35m/app/[0m[95mhelper_config.py[0m                                                                  
         COPY server.py [35m/app/[0m[95mserver.py[0m                                                                                
         EXPOSE [1;36m8080[0m                                                                                                  
         CMD [1m[[0m[32m"python3"[0m, [32m"server.py"[0m[1m][0m                                                                                 
         ---                                                                                                          
         from http.server import HTTPServer, BaseHTTPRequestHandler                                                   
         from helper_config import STATUS_TEXT                                                                        
                                                                                                                      
         class [1;35mHandler[0m[1m([0mBaseHTTPRequestHandler[1m)[0m:                                                                       
             def [1;35mdo_[0m[1;33mGET[0m[1m([0mself[1m)[0m:                                                                                        
                 if self.path == [32m"/ready"[0m:                                                                            
                     [1;35mself.send_response[0m[1m([0m[1;36m200[0m[1m)[0m                                                                          
                     [1;35mself.end_headers[0m[1m([0m[1m)[0m                                                                               
                     [1;35mself.wfile.write[0m[1m([0m[1;35mstr[0m[1m([0mSTATUS_TEXT[1m)[0m[1;35m.encode[0m[1m([0m[1m)[0m[1m)[0m                                                      
                 else:                                                                                                
                     [1;35mself.send_response[0m[1m([0m[1;36m200[0m[1m)[0m                                                                          
                     [1;35mself.end_headers[0m[1m([0m[1m)[0m                                                                               
                     [1;35mself.wfile.write[0m[1m([0m[32mb"ok"[0m[1m)[0m                                                                          
         [1;35mHTTPServer[0m[1m([0m[1m([0m[32m"0.0.0.0"[0m, [1;36m8080[0m[1m)[0m, Handler[1m)[0m[1;35m.serve_forever[0m[1m([0m[1m)[0m                                                       
         ---                                                                                                          
         import requests                                                                                              
         STATUS_TEXT = requests.codes.ok                                                                              
                                                                                                                      
[32mDEBUG   [0m ============== tool ==============                                                                           
[32mDEBUG   [0m Traceback [1m([0mmost recent call last[1m)[0m:                                                                           
           File [32m"server.py"[0m, line [1;36m2[0m, in [1m<[0m[1;95mmodule[0m[39m>[0m                                                                      
         [39m    from helper_config import STATUS_TEXT[0m                                                                    
         [39m  File [0m[32m"/app/helper_config.py"[0m[39m, line [0m[1;36m1[0m[39m, in <module[0m[1m>[0m                                                          
             import requests                                                                                          
         ModuleNotFoundError: No module named [32m'requests'[0m                                                              
                                                                                                                      
[32mDEBUG   [0m ============== assistant ==============                                                                      
[32mDEBUG   [0m Tool Calls: [1m[[0m                                                                                                
           [1m{[0m                                                                                                          
             [32m"type"[0m: [32m"function"[0m,                                                                                      
             [32m"function"[0m: [1m{[0m                                                                                            
               [32m"name"[0m: [32m"run_shell_command"[0m,                                                                           
               [32m"arguments"[0m: [32m"[0m[32m{[0m[32m\"command\": \"sed -i 's|apt-get update && apt-get install -y python3 python3-pip && rm [0m
         [32m-rf /var/lib/apt/lists/\\\\*|apt-get update && apt-get install -y python3 python3-pip && pip3 install [0m       
         [32mrequests && rm -rf /var/lib/apt/lists/*|' [0m                                                                   
         [32m/home/adibam/KubeLLM/debug_assistant_latest/troubleshooting/readiness_missing_dependency_transitive/Dockerfil[0m
         [32me && cat [0m                                                                                                    
         [32m/home/adibam/KubeLLM/debug_assistant_latest/troubleshooting/readiness_missing_dependency_transitive/Dockerfil[0m
         [32me\"[0m[32m}[0m[32m"[0m                                                                                                        
             [1m}[0m                                                                                                        
           [1m}[0m                                                                                                          
         [1m][0m                                                                                                            
[32mDEBUG   [0m ============== tool ==============                                                                           
[32mDEBUG   [0m FROM ubuntu:[1;36m20.04[0m                                                                                            
         RUN apt-get update apt-get update && apt-get install -y python3 python3-pip && rm -rf                        
         [35m/var/lib/apt/lists/[0m*apt-get update && apt-get install -y python3 python3-pip && rm -rf [35m/var/lib/apt/lists/[0m*  
         apt-get install -y python3 python3-pip apt-get update && apt-get install -y python3 python3-pip && rm -rf    
         [35m/var/lib/apt/lists/[0m*apt-get update && apt-get install -y python3 python3-pip && rm -rf [35m/var/lib/apt/lists/[0m*  
         pip3 install requests apt-get update && apt-get install -y python3 python3-pip && rm -rf                     
         [35m/var/lib/apt/lists/[0m*apt-get update && apt-get install -y python3 python3-pip && rm -rf [35m/var/lib/apt/lists/[0m*  
         rm -rf [35m/var/lib/apt/lists/[0m*                                                                                  
         WORKDIR [35m/[0m[95mapp[0m                                                                                                 
         COPY helper_config.py [35m/app/[0m[95mhelper_config.py[0m                                                                  
         COPY server.py [35m/app/[0m[95mserver.py[0m                                                                                
         EXPOSE [1;36m8080[0m                                                                                                  
         CMD [1m[[0m[32m"python3"[0m, [32m"server.py"[0m[1m][0m                                                                                 
                                                                                                                      
[32mDEBUG   [0m ============== assistant ==============                                                                      
[32mDEBUG   [0m Tool Calls: [1m[[0m                                                                                                
           [1m{[0m                                                                                                          
             [32m"type"[0m: [32m"function"[0m,                                                                                      
             [32m"function"[0m: [1m{[0m                                                                                            
               [32m"name"[0m: [32m"run_shell_command"[0m,                                                                           
               [32m"arguments"[0m: [32m"[0m[32m{[0m[32m\"command\": \"cat > [0m                                                                   
         [32m/home/adibam/KubeLLM/debug_assistant_latest/troubleshooting/readiness_missing_dependency_transitive/Dockerfil[0m
         [32me <<'EOF'\\nFROM ubuntu:20.04\\nRUN apt-get update && apt-get install -y python3 python3-pip && pip3 install [0m
         [32mrequests && rm -rf /var/lib/apt/lists/*\\nWORKDIR /app\\nCOPY helper_config.py /app/helper_config.py\\nCOPY [0m 
         [32mserver.py /app/server.py\\nEXPOSE 8080\\nCMD [0m[32m[[0m[32m\\\"python3\\\", \\\"server.py\\\"[0m[32m][0m[32m\\nEOF\\ncat [0m               
         [32m/home/adibam/KubeLLM/debug_assistant_latest/troubleshooting/readiness_missing_dependency_transitive/Dockerfil[0m
         [32me\"[0m[32m}[0m[32m"[0m                                                                                                        
             [1m}[0m                                                                                                        
           [1m}[0m                                                                                                          
         [1m][0m                                                                                                            
[32mDEBUG   [0m ============== tool ==============                                                                           
[32mDEBUG   [0m FROM ubuntu:[1;36m20.04[0m                                                                                            
         RUN apt-get update && apt-get install -y python3 python3-pip && pip3 install requests && rm -rf              
         [35m/var/lib/apt/lists/[0m*                                                                                         
         WORKDIR [35m/[0m[95mapp[0m                                                                                                 
         COPY helper_config.py [35m/app/[0m[95mhelper_config.py[0m                                                                  
         COPY server.py [35m/app/[0m[95mserver.py[0m                                                                                
         EXPOSE [1;36m8080[0m                                                                                                  
         CMD [1m[[0m[32m"python3"[0m, [32m"server.py"[0m[1m][0m                                                                                 
                                                                                                                      
[32mDEBUG   [0m ============== assistant ==============                                                                      
[32mDEBUG   [0m The Dockerfile is now correctly updated. Let me build the image into the active minikube profile.            
[32mDEBUG   [0m Tool Calls: [1m[[0m                                                                                                
           [1m{[0m                                                                                                          
             [32m"type"[0m: [32m"function"[0m,                                                                                      
             [32m"function"[0m: [1m{[0m                                                                                            
               [32m"name"[0m: [32m"run_shell_command"[0m,                                                                           
               [32m"arguments"[0m: [32m"[0m[32m{[0m[32m\"command\": \"cat [0m                                                                     
         [32m/home/adibam/KubeLLM/debug_assistant_latest/troubleshooting/readiness_missing_dependency_transitive/readiness[0m
         [32m_missing_dependency_transitive.yaml; echo ---; kubectl config current-context\"[0m[32m}[0m[32m"[0m                            
             [1m}[0m                                                                                                        
           [1m}[0m                                                                                                          
         [1m][0m                                                                                                            
[32mDEBUG   [0m ============== tool ==============                                                                           
[32mDEBUG   [0m apiVersion: v1                                                                                               
         kind: Pod                                                                                                    
         metadata:                                                                                                    
           name: readiness-transitive-dependency-app                                                                  
           labels:                                                                                                    
             app: readiness-transitive-dependency-app                                                                 
         spec:                                                                                                        
           containers:                                                                                                
           - name: app                                                                                                
             image: kube-readiness-transitive-dependency-app:latest                                                   
             imagePullPolicy: Never                                                                                   
             ports:                                                                                                   
             - containerPort: [1;36m8080[0m                                                                                    
             readinessProbe:                                                                                          
               httpGet:                                                                                               
                 path: [35m/[0m[95mready[0m                                                                                         
                 port: [1;36m8080[0m                                                                                           
               initialDelaySeconds: [1;36m2[0m                                                                                 
               periodSeconds: [1;36m3[0m                                                                                       
         ---                                                                                                          
         minikube                                                                                                     
                                                                                                                      
[32mDEBUG   [0m ============== assistant ==============                                                                      
[32mDEBUG   [0m Now let me build the image into the active minikube profile.                                                 
[32mDEBUG   [0m Tool Calls: [1m[[0m                                                                                                
           [1m{[0m                                                                                                          
             [32m"type"[0m: [32m"function"[0m,                                                                                      
             [32m"function"[0m: [1m{[0m                                                                                            
               [32m"name"[0m: [32m"run_shell_command"[0m,                                                                           
               [32m"arguments"[0m: [32m"[0m[32m{[0m[32m\"command\": \"minikube -p minikube image build -t [0m                                     
         [32mkube-readiness-transitive-dependency-app:latest -f [0m                                                          
         [32m/home/adibam/KubeLLM/debug_assistant_latest/troubleshooting/readiness_missing_dependency_transitive/Dockerfil[0m
         [32me /home/adibam/KubeLLM/debug_assistant_latest/troubleshooting/readiness_missing_dependency_transitive\"[0m[32m}[0m[32m"[0m    
             [1m}[0m                                                                                                        
           [1m}[0m                                                                                                          
         [1m][0m                                                                                                            
[32mDEBUG   [0m ============== tool ==============                                                                           
[32mDEBUG   [0m ============== assistant ==============                                                                      
[32mDEBUG   [0m The image built successfully. Now let me recreate the Pod to pick up the rebuilt image.                      
[32mDEBUG   [0m Tool Calls: [1m[[0m                                                                                                
           [1m{[0m                                                                                                          
             [32m"type"[0m: [32m"function"[0m,                                                                                      
             [32m"function"[0m: [1m{[0m                                                                                            
               [32m"name"[0m: [32m"run_shell_command"[0m,                                                                           
               [32m"arguments"[0m: [32m"[0m[32m{[0m[32m\"command\": \"kubectl delete pod readiness-transitive-dependency-app [0m                  
         [32m--ignore-not-found\"[0m[32m}[0m[32m"[0m                                                                                       
             [1m}[0m                                                                                                        
           [1m}[0m                                                                                                          
         [1m][0m                                                                                                            
[32mDEBUG   [0m ============== tool ==============                                                                           
[32mDEBUG   [0m pod [32m"readiness-transitive-dependency-app"[0m deleted from default namespace                                     
                                                                                                                      
[32mDEBUG   [0m ============== assistant ==============                                                                      
[32mDEBUG   [0m Tool Calls: [1m[[0m                                                                                                
           [1m{[0m                                                                                                          
             [32m"type"[0m: [32m"function"[0m,                                                                                      
             [32m"function"[0m: [1m{[0m                                                                                            
               [32m"name"[0m: [32m"run_shell_command"[0m,                                                                           
               [32m"arguments"[0m: [32m"[0m[32m{[0m[32m\"command\": \"kubectl apply -f [0m                                                        
         [32m/home/adibam/KubeLLM/debug_assistant_latest/troubleshooting/readiness_missing_dependency_transitive/readiness[0m
         [32m_missing_dependency_transitive.yaml\"[0m[32m}[0m[32m"[0m                                                                      
             [1m}[0m                                                                                                        
           [1m}[0m                                                                                                          
         [1m][0m                                                                                                            
[32mDEBUG   [0m ============== tool ==============                                                                           
[32mDEBUG   [0m pod/readiness-transitive-dependency-app created                                                              
                                                                                                                      
[32mDEBUG   [0m ============== assistant ==============                                                                      
[32mDEBUG   [0m Let me wait a moment for the pod to start, then verify its status and logs.                                  
[32mDEBUG   [0m Tool Calls: [1m[[0m                                                                                                
           [1m{[0m                                                                                                          
             [32m"type"[0m: [32m"function"[0m,                                                                                      
             [32m"function"[0m: [1m{[0m                                                                                            
               [32m"name"[0m: [32m"run_shell_command"[0m,                                                                           
               [32m"arguments"[0m: [32m"[0m[32m{[0m[32m\"command\": \"sleep 5 && kubectl get pod readiness-transitive-dependency-app -o [0m       
         [32mwide\"[0m[32m}[0m[32m"[0m                                                                                                     
             [1m}[0m                                                                                                        
           [1m}[0m                                                                                                          
         [1m][0m                                                                                                            
[32mDEBUG   [0m **************** METRICS START ****************                                                              
[32mDEBUG   [0m * Time to generate response:   [1;36m11.[0m7500s                                                                      
[32mDEBUG   [0m * Tokens per second:           [1;36m6.8085[0m tokens/s                                                               
[32mDEBUG   [0m * Input tokens:                [1;36m2774[0m                                                                          
[32mDEBUG   [0m * Output tokens:               [1;36m80[0m                                                                            
[32mDEBUG   [0m * Total tokens:                [1;36m2854[0m                                                                          
[32mDEBUG   [0m **************** METRICS END ******************                                                              
[32mDEBUG   [0m Getting function run_shell_command                                                                           
[32mDEBUG   [0m Running: [1;35mrun_shell_command[0m[1m([0m[33mcommand[0m=[35msleep[0m [1;36m5[0m && kubectl get pod readiness-transitive-dependency-app -o wide[1m)[0m   
[34mINFO    [0m Running shell command: sleep [1;36m5[0m && kubectl get pod readiness-transitive-dependency-app -o wide                
[32mDEBUG   [0m Return code: [1;36m0[0m                                                                                               
[32mDEBUG   [0m ---------- Ollama Response Start ----------                                                                  
[32mDEBUG   [0m ============== system ==============                                                                         
[32mDEBUG   [0m ## Instructions                                                                                              
         - If all and only all commands fail to execute, declare that there was an error in trying to solve the issue,
         and end that statement with this token: [1m<[0m[1;95m|ERROR|[0m[39m>.[0m                                                           
         [39m- You have solved this issue only when the original user-visible problem is fixed in the live cluster. Verify[0m
         [39mthe relevant Kubernetes resources and application behavior with commands before declaring success; pod [0m      
         [39mRunning/Ready status alone is not sufficient unless the original problem is only pod startup.[0m                
         [39m- After every step, check whether the original problem is fixed in the live cluster. If you changed [0m         
         [39mmanifests, images, or cluster configuration, apply the change and verify the live resource state reflects it [0m
         [39mbefore declaring success.[0m                                                                                    
         [39m- If you believe you have met the goal, declare that you have solved the user's issue, and end that statement[0m
         [39mwith this token: <|SOLVED|>.[0m                                                                                 
         [39m- If the steps do not solve the issue, or if you need more information, declare that you cannot solve the [0m   
         [39missue, and end that statement with this token: <|FAILED|>.[0m                                                   
         [39m- Do not use live feed flags when checking the logs such as [0m[32m'kubectl logs -f'[0m                                
         [39m- Do not use commands like vim or vi[0m                                                                         
         [39m- Do not use commands that open up editors like [0m[32m'kubectl edit'[0m                                               
         [39m- Use markdown to format your answers.[0m                                                                       
                                                                                                                      
         [39m## Guidelines[0m                                                                                                
         [39mIf a command invocation is successful but gives no stdout nor stderr, then that is because that invocation [0m  
         [39mresulted in no output to stdout or stderr.[0m                                                                   
         [39mIf a command contains a placeholder name surrounded in angle brackets such as <pod_name>, for example, then [0m 
         [39m**do not** run that command as-is. First run a `kubectl get` command to find a real name to replace the [0m     
         [39mplaceholder name, then run the suggested command with the replaced name of the resource. For example, if you [0m
         [39msee `kubectl logs <pod_name[0m[1m>[0m -n example_namespace`, first run `kubectl get pods -n example_namespace` and use
         the name of the first pod you see.                                                                           
         Do not use live feed flags when checking the logs such as [32m'kubectl logs -f'[0m                                  
         If you do not conclude on an answer or a code then try again please.                                         
         Do not use commands like vim or vi                                                                           
         Do not use commands that open up editors like [32m'kubectl edit'[0m                                                 
[32mDEBUG   [0m ============== user ==============                                                                           
[32mDEBUG   [0m Perform the actions suggested here:                                                                          
         [1;36m1[0m. Update the Dockerfile to install the missing Python dependency [1m([0mrequests[1m)[0m. This edits the existing RUN    
         line to install requests via pip3.                                                                           
         ```bash                                                                                                      
         sed -i [32m's|apt-get update && apt-get install -y python3 python3-pip && rm -rf /var/lib/apt/lists/*|apt-get [0m   
         [32mupdate && apt-get install -y python3 python3-pip && pip3 install requests && rm -rf /var/lib/apt/lists/*|'[0m   
         [35m/home/adibam/KubeLLM/debug_assistant_latest/troubleshooting/readiness_missing_dependency_transitive/[0m[95mDockerfil[0m
         [95me[0m                                                                                                            
         ```                                                                                                          
                                                                                                                      
         [1;36m2[0m. Build the image into the active minikube profile [1m([0mthe Pod uses imagePullPolicy: Never so the local image  
         name must match[1m)[0m. Replace the context and Dockerfile path as needed [1m([0mhere using the provided paths[1m)[0m.         
         ```bash                                                                                                      
         [33mPROFILE[0m=$[1m{[0mMINIKUBE_PROFILE:-$[1m([0mkubectl config current-context[1m)[0m[1m}[0m                                               
         minikube -p [32m"$PROFILE"[0m image build -t kube-readiness-transitive-dependency-app:latest -f                     
         [35m/home/adibam/KubeLLM/debug_assistant_latest/troubleshooting/readiness_missing_dependency_transitive/[0m[95mDockerfil[0m
         [95me[0m [35m/home/adibam/KubeLLM/debug_assistant_latest/troubleshooting/[0m[95mreadiness_missing_dependency_transitive[0m        
         ```                                                                                                          
                                                                                                                      
         [1;36m3[0m. Recreate the Pod so it picks up the rebuilt image [1m([0mdelete then apply the manifest[1m)[0m.                       
         ```bash                                                                                                      
         kubectl delete pod readiness-transitive-dependency-app --ignore-not-found                                    
         kubectl apply -f                                                                                             
         [35m/home/adibam/KubeLLM/debug_assistant_latest/troubleshooting/readiness_missing_dependency_transitive/[0m[95mreadiness[0m
         [95m_missing_dependency_transitive.yaml[0m                                                                          
         ```                                                                                                          
                                                                                                                      
         [1;36m4[0m. Verify the Pod starts and check logs to confirm the ModuleNotFoundError is resolved.                      
         ```bash                                                                                                      
         kubectl get pod readiness-transitive-dependency-app -o wide                                                  
         kubectl logs readiness-transitive-dependency-app                                                             
         ```                                                                                                          
                                                                                                                      
         The relevant configuration file is located in this path:                                                     
         [35m/home/adibam/KubeLLM/debug_assistant_latest/troubleshooting/readiness_missing_dependency_transitive/[0m[95mreadiness[0m
         [95m_missing_dependency_transitive.yaml[0m                                                                          
         You can update these files if necessary. If any files are updated, make sure to delete and reapply the       
         configuration file.                                                                                          
         Do not use live feed flags when checking the logs such as [32m'kubectl logs -f'[0m                                  
         ### Tool Usage Rules                                                                                         
         - Do not attempt many commands in one tool call.                                                             
         - Never repeat a tool call that has already been executed successfully in this run.                          
         - If you need the result of a previous tool call, use the provided output rather than re-invoking it.        
         - Keep the tool call as simple as possible to avoid errors.                                                  
         - Do not run long-lived or background commands such as `kubectl port-forward`, `Start-Process`, or `kubectl  
         logs -f`; prefer single-shot commands that exit on their own.                                                
         - Do not use `kubectl port-forward`, background verification, `kubectl logs -f`, or `kubectl get -w`.        
         - For reachability checks, use the access path defined by the scenario: if a Service exists, verify via      
         Service/endpoints/service-routed access; if no Service exists, use bounded direct checks such as `kubectl    
         exec` with an in-container one-shot HTTP request.                                                            
         - Prefer one-shot application checks such as `kubectl exec [1m<[0m[1;95mpod[0m[39m> -- python3 -c [0m[32m"import urllib.request; [0m      
         [32mprint[0m[32m([0m[32murllib.request.urlopen[0m[32m([0m[32m'http://127.0.0.1:<port[0m[32m>[0m[32m/'[0m[32m)[0m[32m.getcode[0m[32m([0m[32m)[0m[32m)[0m[32m"[0m` when Python is available in the        
         container.                                                                                                   
                                                                                                                      
[32mDEBUG   [0m ============== assistant ==============                                                                      
[32mDEBUG   [0m Tool Calls: [1m[[0m                                                                                                
           [1m{[0m                                                                                                          
             [32m"type"[0m: [32m"function"[0m,                                                                                      
             [32m"function"[0m: [1m{[0m                                                                                            
               [32m"name"[0m: [32m"run_shell_command"[0m,                                                                           
               [32m"arguments"[0m: [32m"[0m[32m{[0m[32m\"command\": \"cat [0m                                                                     
         [32m/home/adibam/KubeLLM/debug_assistant_latest/troubleshooting/readiness_missing_dependency_transitive/Dockerfil[0m
         [32me\"[0m[32m}[0m[32m"[0m                                                                                                        
             [1m}[0m                                                                                                        
           [1m}[0m,                                                                                                         
           [1m{[0m                                                                                                          
             [32m"type"[0m: [32m"function"[0m,                                                                                      
             [32m"function"[0m: [1m{[0m                                                                                            
               [32m"name"[0m: [32m"run_shell_command"[0m,                                                                           
               [32m"arguments"[0m: [32m"[0m[32m{[0m[32m\"command\": \"kubectl get pods -A 2>/dev/null; kubectl config current-context\"[0m[32m}[0m[32m"[0m      
             [1m}[0m                                                                                                        
           [1m}[0m                                                                                                          
         [1m][0m                                                                                                            
[32mDEBUG   [0m ============== tool ==============                                                                           
[32mDEBUG   [0m FROM ubuntu:[1;36m20.04[0m                                                                                            
         RUN apt-get update && apt-get install -y python3 python3-pip && rm -rf [35m/var/lib/apt/lists/[0m*                  
         WORKDIR [35m/[0m[95mapp[0m                                                                                                 
         COPY helper_config.py [35m/app/[0m[95mhelper_config.py[0m                                                                  
         COPY server.py [35m/app/[0m[95mserver.py[0m                                                                                
         EXPOSE [1;36m8080[0m                                                                                                  
         CMD [1m[[0m[32m"python3"[0m, [32m"server.py"[0m[1m][0m                                                                                 
                                                                                                                      
[32mDEBUG   [0m ============== tool ==============                                                                           
[32mDEBUG   [0m NAMESPACE     NAME                                  READY   STATUS             RESTARTS      AGE             
         default       readiness-transitive-dependency-app   [1;36m0[0m/[1;36m1[0m     CrashLoopBackOff   [1;36m3[0m [1m([0m34s ago[1m)[0m   77s             
         kube-system   coredns-6f6b679f8f-5zkx6              [1;36m1[0m/[1;36m1[0m     Running            [1;36m3[0m [1m([0m22d ago[1m)[0m   23d             
         kube-system   etcd-minikube                         [1;36m1[0m/[1;36m1[0m     Running            [1;36m3[0m [1m([0m22d ago[1m)[0m   23d             
         kube-system   kube-apiserver-minikube               [1;36m1[0m/[1;36m1[0m     Running            [1;36m3[0m [1m([0m22d ago[1m)[0m   23d             
         kube-system   kube-controller-manager-minikube      [1;36m1[0m/[1;36m1[0m     Running            [1;36m3[0m [1m([0m22d ago[1m)[0m   23d             
         kube-system   kube-proxy-28xkt                      [1;36m1[0m/[1;36m1[0m     Running            [1;36m3[0m [1m([0m22d ago[1m)[0m   23d             
         kube-system   kube-scheduler-minikube               [1;36m1[0m/[1;36m1[0m     Running            [1;36m3[0m [1m([0m22d ago[1m)[0m   23d             
         kube-system   storage-provisioner                   [1;36m1[0m/[1;36m1[0m     Running            [1;36m6[0m [1m([0m22d ago[1m)[0m   23d             
         minikube                                                                                                     
                                                                                                                      
[32mDEBUG   [0m ============== assistant ==============                                                                      
[32mDEBUG   [0m Tool Calls: [1m[[0m                                                                                                
           [1m{[0m                                                                                                          
             [32m"type"[0m: [32m"function"[0m,                                                                                      
             [32m"function"[0m: [1m{[0m                                                                                            
               [32m"name"[0m: [32m"run_shell_command"[0m,                                                                           
               [32m"arguments"[0m: [32m"[0m[32m{[0m[32m\"command\": \"cat [0m                                                                     
         [32m/home/adibam/KubeLLM/debug_assistant_latest/troubleshooting/readiness_missing_dependency_transitive/Dockerfil[0m
         [32me; echo ---; cat [0m                                                                                            
         [32m/home/adibam/KubeLLM/debug_assistant_latest/troubleshooting/readiness_missing_dependency_transitive/server.py[0m
         [32m; echo ---; cat [0m                                                                                             
         [32m/home/adibam/KubeLLM/debug_assistant_latest/troubleshooting/readiness_missing_dependency_transitive/helper_co[0m
         [32mnfig.py\"[0m[32m}[0m[32m"[0m                                                                                                  
             [1m}[0m                                                                                                        
           [1m}[0m,                                                                                                         
           [1m{[0m                                                                                                          
             [32m"type"[0m: [32m"function"[0m,                                                                                      
             [32m"function"[0m: [1m{[0m                                                                                            
               [32m"name"[0m: [32m"run_shell_command"[0m,                                                                           
               [32m"arguments"[0m: [32m"[0m[32m{[0m[32m\"command\": \"kubectl logs readiness-transitive-dependency-app --[0m[32mtail[0m[32m=[0m[32m50[0m[32m\"[0m[32m}[0m[32m"[0m           
             [1m}[0m                                                                                                        
           [1m}[0m                                                                                                          
         [1m][0m                                                                                                            
[32mDEBUG   [0m ============== tool ==============                                                                           
[32mDEBUG   [0m FROM ubuntu:[1;36m20.04[0m                                                                                            
         RUN apt-get update && apt-get install -y python3 python3-pip && rm -rf [35m/var/lib/apt/lists/[0m*                  
         WORKDIR [35m/[0m[95mapp[0m                                                                                                 
         COPY helper_config.py [35m/app/[0m[95mhelper_config.py[0m                                                                  
         COPY server.py [35m/app/[0m[95mserver.py[0m                                                                                
         EXPOSE [1;36m8080[0m                                                                                                  
         CMD [1m[[0m[32m"python3"[0m, [32m"server.py"[0m[1m][0m                                                                                 
         ---                                                                                                          
         from http.server import HTTPServer, BaseHTTPRequestHandler                                                   
         from helper_config import STATUS_TEXT                                                                        
                                                                                                                      
         class [1;35mHandler[0m[1m([0mBaseHTTPRequestHandler[1m)[0m:                                                                       
             def [1;35mdo_[0m[1;33mGET[0m[1m([0mself[1m)[0m:                                                                                        
                 if self.path == [32m"/ready"[0m:                                                                            
                     [1;35mself.send_response[0m[1m([0m[1;36m200[0m[1m)[0m                                                                          
                     [1;35mself.end_headers[0m[1m([0m[1m)[0m                                                                               
                     [1;35mself.wfile.write[0m[1m([0m[1;35mstr[0m[1m([0mSTATUS_TEXT[1m)[0m[1;35m.encode[0m[1m([0m[1m)[0m[1m)[0m                                                      
                 else:                                                                                                
                     [1;35mself.send_response[0m[1m([0m[1;36m200[0m[1m)[0m                                                                          
                     [1;35mself.end_headers[0m[1m([0m[1m)[0m                                                                               
                     [1;35mself.wfile.write[0m[1m([0m[32mb"ok"[0m[1m)[0m                                                                          
         [1;35mHTTPServer[0m[1m([0m[1m([0m[32m"0.0.0.0"[0m, [1;36m8080[0m[1m)[0m, Handler[1m)[0m[1;35m.serve_forever[0m[1m([0m[1m)[0m                                                       
         ---                                                                                                          
         import requests                                                                                              
         STATUS_TEXT = requests.codes.ok                                                                              
                                                                                                                      
[32mDEBUG   [0m ============== tool ==============                                                                           
[32mDEBUG   [0m Traceback [1m([0mmost recent call last[1m)[0m:                                                                           
           File [32m"server.py"[0m, line [1;36m2[0m, in [1m<[0m[1;95mmodule[0m[39m>[0m                                                                      
         [39m    from helper_config import STATUS_TEXT[0m                                                                    
         [39m  File [0m[32m"/app/helper_config.py"[0m[39m, line [0m[1;36m1[0m[39m, in <module[0m[1m>[0m                                                          
             import requests                                                                                          
         ModuleNotFoundError: No module named [32m'requests'[0m                                                              
                                                                                                                      
[32mDEBUG   [0m ============== assistant ==============                                                                      
[32mDEBUG   [0m Tool Calls: [1m[[0m                                                                                                
           [1m{[0m                                                                                                          
             [32m"type"[0m: [32m"function"[0m,                                                                                      
             [32m"function"[0m: [1m{[0m                                                                                            
               [32m"name"[0m: [32m"run_shell_command"[0m,                                                                           
               [32m"arguments"[0m: [32m"[0m[32m{[0m[32m\"command\": \"sed -i 's|apt-get update && apt-get install -y python3 python3-pip && rm [0m
         [32m-rf /var/lib/apt/lists/\\\\*|apt-get update && apt-get install -y python3 python3-pip && pip3 install [0m       
         [32mrequests && rm -rf /var/lib/apt/lists/*|' [0m                                                                   
         [32m/home/adibam/KubeLLM/debug_assistant_latest/troubleshooting/readiness_missing_dependency_transitive/Dockerfil[0m
         [32me && cat [0m                                                                                                    
         [32m/home/adibam/KubeLLM/debug_assistant_latest/troubleshooting/readiness_missing_dependency_transitive/Dockerfil[0m
         [32me\"[0m[32m}[0m[32m"[0m                                                                                                        
             [1m}[0m                                                                                                        
           [1m}[0m                                                                                                          
         [1m][0m                                                                                                            
[32mDEBUG   [0m ============== tool ==============                                                                           
[32mDEBUG   [0m FROM ubuntu:[1;36m20.04[0m                                                                                            
         RUN apt-get update apt-get update && apt-get install -y python3 python3-pip && rm -rf                        
         [35m/var/lib/apt/lists/[0m*apt-get update && apt-get install -y python3 python3-pip && rm -rf [35m/var/lib/apt/lists/[0m*  
         apt-get install -y python3 python3-pip apt-get update && apt-get install -y python3 python3-pip && rm -rf    
         [35m/var/lib/apt/lists/[0m*apt-get update && apt-get install -y python3 python3-pip && rm -rf [35m/var/lib/apt/lists/[0m*  
         pip3 install requests apt-get update && apt-get install -y python3 python3-pip && rm -rf                     
         [35m/var/lib/apt/lists/[0m*apt-get update && apt-get install -y python3 python3-pip && rm -rf [35m/var/lib/apt/lists/[0m*  
         rm -rf [35m/var/lib/apt/lists/[0m*                                                                                  
         WORKDIR [35m/[0m[95mapp[0m                                                                                                 
         COPY helper_config.py [35m/app/[0m[95mhelper_config.py[0m                                                                  
         COPY server.py [35m/app/[0m[95mserver.py[0m                                                                                
         EXPOSE [1;36m8080[0m                                                                                                  
         CMD [1m[[0m[32m"python3"[0m, [32m"server.py"[0m[1m][0m                                                                                 
                                                                                                                      
[32mDEBUG   [0m ============== assistant ==============                                                                      
[32mDEBUG   [0m Tool Calls: [1m[[0m                                                                                                
           [1m{[0m                                                                                                          
             [32m"type"[0m: [32m"function"[0m,                                                                                      
             [32m"function"[0m: [1m{[0m                                                                                            
               [32m"name"[0m: [32m"run_shell_command"[0m,                                                                           
               [32m"arguments"[0m: [32m"[0m[32m{[0m[32m\"command\": \"cat > [0m                                                                   
         [32m/home/adibam/KubeLLM/debug_assistant_latest/troubleshooting/readiness_missing_dependency_transitive/Dockerfil[0m
         [32me <<'EOF'\\nFROM ubuntu:20.04\\nRUN apt-get update && apt-get install -y python3 python3-pip && pip3 install [0m
         [32mrequests && rm -rf /var/lib/apt/lists/*\\nWORKDIR /app\\nCOPY helper_config.py /app/helper_config.py\\nCOPY [0m 
         [32mserver.py /app/server.py\\nEXPOSE 8080\\nCMD [0m[32m[[0m[32m\\\"python3\\\", \\\"server.py\\\"[0m[32m][0m[32m\\nEOF\\ncat [0m               
         [32m/home/adibam/KubeLLM/debug_assistant_latest/troubleshooting/readiness_missing_dependency_transitive/Dockerfil[0m
         [32me\"[0m[32m}[0m[32m"[0m                                                                                                        
             [1m}[0m                                                                                                        
           [1m}[0m                                                                                                          
         [1m][0m                                                                                                            
[32mDEBUG   [0m ============== tool ==============                                                                           
[32mDEBUG   [0m FROM ubuntu:[1;36m20.04[0m                                                                                            
         RUN apt-get update && apt-get install -y python3 python3-pip && pip3 install requests && rm -rf              
         [35m/var/lib/apt/lists/[0m*                                                                                         
         WORKDIR [35m/[0m[95mapp[0m                                                                                                 
         COPY helper_config.py [35m/app/[0m[95mhelper_config.py[0m                                                                  
         COPY server.py [35m/app/[0m[95mserver.py[0m                                                                                
         EXPOSE [1;36m8080[0m                                                                                                  
         CMD [1m[[0m[32m"python3"[0m, [32m"server.py"[0m[1m][0m                                                                                 
                                                                                                                      
[32mDEBUG   [0m ============== assistant ==============                                                                      
[32mDEBUG   [0m The Dockerfile is now correctly updated. Let me build the image into the active minikube profile.            
[32mDEBUG   [0m Tool Calls: [1m[[0m                                                                                                
           [1m{[0m                                                                                                          
             [32m"type"[0m: [32m"function"[0m,                                                                                      
             [32m"function"[0m: [1m{[0m                                                                                            
               [32m"name"[0m: [32m"run_shell_command"[0m,                                                                           
               [32m"arguments"[0m: [32m"[0m[32m{[0m[32m\"command\": \"cat [0m                                                                     
         [32m/home/adibam/KubeLLM/debug_assistant_latest/troubleshooting/readiness_missing_dependency_transitive/readiness[0m
         [32m_missing_dependency_transitive.yaml; echo ---; kubectl config current-context\"[0m[32m}[0m[32m"[0m                            
             [1m}[0m                                                                                                        
           [1m}[0m                                                                                                          
         [1m][0m                                                                                                            
[32mDEBUG   [0m ============== tool ==============                                                                           
[32mDEBUG   [0m apiVersion: v1                                                                                               
         kind: Pod                                                                                                    
         metadata:                                                                                                    
           name: readiness-transitive-dependency-app                                                                  
           labels:                                                                                                    
             app: readiness-transitive-dependency-app                                                                 
         spec:                                                                                                        
           containers:                                                                                                
           - name: app                                                                                                
             image: kube-readiness-transitive-dependency-app:latest                                                   
             imagePullPolicy: Never                                                                                   
             ports:                                                                                                   
             - containerPort: [1;36m8080[0m                                                                                    
             readinessProbe:                                                                                          
               httpGet:                                                                                               
                 path: [35m/[0m[95mready[0m                                                                                         
                 port: [1;36m8080[0m                                                                                           
               initialDelaySeconds: [1;36m2[0m                                                                                 
               periodSeconds: [1;36m3[0m                                                                                       
         ---                                                                                                          
         minikube                                                                                                     
                                                                                                                      
[32mDEBUG   [0m ============== assistant ==============                                                                      
[32mDEBUG   [0m Now let me build the image into the active minikube profile.                                                 
[32mDEBUG   [0m Tool Calls: [1m[[0m                                                                                                
           [1m{[0m                                                                                                          
             [32m"type"[0m: [32m"function"[0m,                                                                                      
             [32m"function"[0m: [1m{[0m                                                                                            
               [32m"name"[0m: [32m"run_shell_command"[0m,                                                                           
               [32m"arguments"[0m: [32m"[0m[32m{[0m[32m\"command\": \"minikube -p minikube image build -t [0m                                     
         [32mkube-readiness-transitive-dependency-app:latest -f [0m                                                          
         [32m/home/adibam/KubeLLM/debug_assistant_latest/troubleshooting/readiness_missing_dependency_transitive/Dockerfil[0m
         [32me /home/adibam/KubeLLM/debug_assistant_latest/troubleshooting/readiness_missing_dependency_transitive\"[0m[32m}[0m[32m"[0m    
             [1m}[0m                                                                                                        
           [1m}[0m                                                                                                          
         [1m][0m                                                                                                            
[32mDEBUG   [0m ============== tool ==============                                                                           
[32mDEBUG   [0m ============== assistant ==============                                                                      
[32mDEBUG   [0m The image built successfully. Now let me recreate the Pod to pick up the rebuilt image.                      
[32mDEBUG   [0m Tool Calls: [1m[[0m                                                                                                
           [1m{[0m                                                                                                          
             [32m"type"[0m: [32m"function"[0m,                                                                                      
             [32m"function"[0m: [1m{[0m                                                                                            
               [32m"name"[0m: [32m"run_shell_command"[0m,                                                                           
               [32m"arguments"[0m: [32m"[0m[32m{[0m[32m\"command\": \"kubectl delete pod readiness-transitive-dependency-app [0m                  
         [32m--ignore-not-found\"[0m[32m}[0m[32m"[0m                                                                                       
             [1m}[0m                                                                                                        
           [1m}[0m                                                                                                          
         [1m][0m                                                                                                            
[32mDEBUG   [0m ============== tool ==============                                                                           
[32mDEBUG   [0m pod [32m"readiness-transitive-dependency-app"[0m deleted from default namespace                                     
                                                                                                                      
[32mDEBUG   [0m ============== assistant ==============                                                                      
[32mDEBUG   [0m Tool Calls: [1m[[0m                                                                                                
           [1m{[0m                                                                                                          
             [32m"type"[0m: [32m"function"[0m,                                                                                      
             [32m"function"[0m: [1m{[0m                                                                                            
               [32m"name"[0m: [32m"run_shell_command"[0m,                                                                           
               [32m"arguments"[0m: [32m"[0m[32m{[0m[32m\"command\": \"kubectl apply -f [0m                                                        
         [32m/home/adibam/KubeLLM/debug_assistant_latest/troubleshooting/readiness_missing_dependency_transitive/readiness[0m
         [32m_missing_dependency_transitive.yaml\"[0m[32m}[0m[32m"[0m                                                                      
             [1m}[0m                                                                                                        
           [1m}[0m                                                                                                          
         [1m][0m                                                                                                            
[32mDEBUG   [0m ============== tool ==============                                                                           
[32mDEBUG   [0m pod/readiness-transitive-dependency-app created                                                              
                                                                                                                      
[32mDEBUG   [0m ============== assistant ==============                                                                      
[32mDEBUG   [0m Let me wait a moment for the pod to start, then verify its status and logs.                                  
[32mDEBUG   [0m Tool Calls: [1m[[0m                                                                                                
           [1m{[0m                                                                                                          
             [32m"type"[0m: [32m"function"[0m,                                                                                      
             [32m"function"[0m: [1m{[0m                                                                                            
               [32m"name"[0m: [32m"run_shell_command"[0m,                                                                           
               [32m"arguments"[0m: [32m"[0m[32m{[0m[32m\"command\": \"sleep 5 && kubectl get pod readiness-transitive-dependency-app -o [0m       
         [32mwide\"[0m[32m}[0m[32m"[0m                                                                                                     
             [1m}[0m                                                                                                        
           [1m}[0m                                                                                                          
         [1m][0m                                                                                                            
[32mDEBUG   [0m ============== tool ==============                                                                           
[32mDEBUG   [0m NAME                                  READY   STATUS             RESTARTS      AGE   IP             NODE     
         NOMINATED NODE   READINESS GATES                                                                             
         readiness-transitive-dependency-app   [1;36m0[0m/[1;36m1[0m     CrashLoopBackOff   [1;36m2[0m [1m([0m25s ago[1m)[0m   42s   [1;92m10.244.2.180[0m   minikube 
         [1m<[0m[1;95mnone[0m[39m>           <none[0m[1m>[0m                                                                                      
                                                                                                                      
[32mDEBUG   [0m ============== assistant ==============                                                                      
[32mDEBUG   [0m Tool Calls: [1m[[0m                                                                                                
           [1m{[0m                                                                                                          
             [32m"type"[0m: [32m"function"[0m,                                                                                      
             [32m"function"[0m: [1m{[0m                                                                                            
               [32m"name"[0m: [32m"run_shell_command"[0m,                                                                           
               [32m"arguments"[0m: [32m"[0m[32m{[0m[32m\"command\": \"kubectl logs readiness-transitive-dependency-app\"[0m[32m}[0m[32m"[0m                     
             [1m}[0m                                                                                                        
           [1m}[0m                                                                                                          
         [1m][0m                                                                                                            
[32mDEBUG   [0m **************** METRICS START ****************                                                              
[32mDEBUG   [0m * Time to generate response:   [1;36m7.[0m6113s                                                                       
[32mDEBUG   [0m * Tokens per second:           [1;36m6.0437[0m tokens/s                                                               
[32mDEBUG   [0m * Input tokens:                [1;36m2893[0m                                                                          
[32mDEBUG   [0m * Output tokens:               [1;36m46[0m                                                                            
[32mDEBUG   [0m * Total tokens:                [1;36m2939[0m                                                                          
[32mDEBUG   [0m **************** METRICS END ******************                                                              
[32mDEBUG   [0m Getting function run_shell_command                                                                           
[32mDEBUG   [0m Running: [1;35mrun_shell_command[0m[1m([0m[33mcommand[0m=[35mkubectl[0m logs readiness-transitive-dependency-app[1m)[0m                         
[34mINFO    [0m Running shell command: kubectl logs readiness-transitive-dependency-app                                      
[32mDEBUG   [0m Return code: [1;36m0[0m                                                                                               
[32mDEBUG   [0m ---------- Ollama Response Start ----------                                                                  
[32mDEBUG   [0m ============== system ==============                                                                         
[32mDEBUG   [0m ## Instructions                                                                                              
         - If all and only all commands fail to execute, declare that there was an error in trying to solve the issue,
         and end that statement with this token: [1m<[0m[1;95m|ERROR|[0m[39m>.[0m                                                           
         [39m- You have solved this issue only when the original user-visible problem is fixed in the live cluster. Verify[0m
         [39mthe relevant Kubernetes resources and application behavior with commands before declaring success; pod [0m      
         [39mRunning/Ready status alone is not sufficient unless the original problem is only pod startup.[0m                
         [39m- After every step, check whether the original problem is fixed in the live cluster. If you changed [0m         
         [39mmanifests, images, or cluster configuration, apply the change and verify the live resource state reflects it [0m
         [39mbefore declaring success.[0m                                                                                    
         [39m- If you believe you have met the goal, declare that you have solved the user's issue, and end that statement[0m
         [39mwith this token: <|SOLVED|>.[0m                                                                                 
         [39m- If the steps do not solve the issue, or if you need more information, declare that you cannot solve the [0m   
         [39missue, and end that statement with this token: <|FAILED|>.[0m                                                   
         [39m- Do not use live feed flags when checking the logs such as [0m[32m'kubectl logs -f'[0m                                
         [39m- Do not use commands like vim or vi[0m                                                                         
         [39m- Do not use commands that open up editors like [0m[32m'kubectl edit'[0m                                               
         [39m- Use markdown to format your answers.[0m                                                                       
                                                                                                                      
         [39m## Guidelines[0m                                                                                                
         [39mIf a command invocation is successful but gives no stdout nor stderr, then that is because that invocation [0m  
         [39mresulted in no output to stdout or stderr.[0m                                                                   
         [39mIf a command contains a placeholder name surrounded in angle brackets such as <pod_name>, for example, then [0m 
         [39m**do not** run that command as-is. First run a `kubectl get` command to find a real name to replace the [0m     
         [39mplaceholder name, then run the suggested command with the replaced name of the resource. For example, if you [0m
         [39msee `kubectl logs <pod_name[0m[1m>[0m -n example_namespace`, first run `kubectl get pods -n example_namespace` and use
         the name of the first pod you see.                                                                           
         Do not use live feed flags when checking the logs such as [32m'kubectl logs -f'[0m                                  
         If you do not conclude on an answer or a code then try again please.                                         
         Do not use commands like vim or vi                                                                           
         Do not use commands that open up editors like [32m'kubectl edit'[0m                                                 
[32mDEBUG   [0m ============== user ==============                                                                           
[32mDEBUG   [0m Perform the actions suggested here:                                                                          
         [1;36m1[0m. Update the Dockerfile to install the missing Python dependency [1m([0mrequests[1m)[0m. This edits the existing RUN    
         line to install requests via pip3.                                                                           
         ```bash                                                                                                      
         sed -i [32m's|apt-get update && apt-get install -y python3 python3-pip && rm -rf /var/lib/apt/lists/*|apt-get [0m   
         [32mupdate && apt-get install -y python3 python3-pip && pip3 install requests && rm -rf /var/lib/apt/lists/*|'[0m   
         [35m/home/adibam/KubeLLM/debug_assistant_latest/troubleshooting/readiness_missing_dependency_transitive/[0m[95mDockerfil[0m
         [95me[0m                                                                                                            
         ```                                                                                                          
                                                                                                                      
         [1;36m2[0m. Build the image into the active minikube profile [1m([0mthe Pod uses imagePullPolicy: Never so the local image  
         name must match[1m)[0m. Replace the context and Dockerfile path as needed [1m([0mhere using the provided paths[1m)[0m.         
         ```bash                                                                                                      
         [33mPROFILE[0m=$[1m{[0mMINIKUBE_PROFILE:-$[1m([0mkubectl config current-context[1m)[0m[1m}[0m                                               
         minikube -p [32m"$PROFILE"[0m image build -t kube-readiness-transitive-dependency-app:latest -f                     
         [35m/home/adibam/KubeLLM/debug_assistant_latest/troubleshooting/readiness_missing_dependency_transitive/[0m[95mDockerfil[0m
         [95me[0m [35m/home/adibam/KubeLLM/debug_assistant_latest/troubleshooting/[0m[95mreadiness_missing_dependency_transitive[0m        
         ```                                                                                                          
                                                                                                                      
         [1;36m3[0m. Recreate the Pod so it picks up the rebuilt image [1m([0mdelete then apply the manifest[1m)[0m.                       
         ```bash                                                                                                      
         kubectl delete pod readiness-transitive-dependency-app --ignore-not-found                                    
         kubectl apply -f                                                                                             
         [35m/home/adibam/KubeLLM/debug_assistant_latest/troubleshooting/readiness_missing_dependency_transitive/[0m[95mreadiness[0m
         [95m_missing_dependency_transitive.yaml[0m                                                                          
         ```                                                                                                          
                                                                                                                      
         [1;36m4[0m. Verify the Pod starts and check logs to confirm the ModuleNotFoundError is resolved.                      
         ```bash                                                                                                      
         kubectl get pod readiness-transitive-dependency-app -o wide                                                  
         kubectl logs readiness-transitive-dependency-app                                                             
         ```                                                                                                          
                                                                                                                      
         The relevant configuration file is located in this path:                                                     
         [35m/home/adibam/KubeLLM/debug_assistant_latest/troubleshooting/readiness_missing_dependency_transitive/[0m[95mreadiness[0m
         [95m_missing_dependency_transitive.yaml[0m                                                                          
         You can update these files if necessary. If any files are updated, make sure to delete and reapply the       
         configuration file.                                                                                          
         Do not use live feed flags when checking the logs such as [32m'kubectl logs -f'[0m                                  
         ### Tool Usage Rules                                                                                         
         - Do not attempt many commands in one tool call.                                                             
         - Never repeat a tool call that has already been executed successfully in this run.                          
         - If you need the result of a previous tool call, use the provided output rather than re-invoking it.        
         - Keep the tool call as simple as possible to avoid errors.                                                  
         - Do not run long-lived or background commands such as `kubectl port-forward`, `Start-Process`, or `kubectl  
         logs -f`; prefer single-shot commands that exit on their own.                                                
         - Do not use `kubectl port-forward`, background verification, `kubectl logs -f`, or `kubectl get -w`.        
         - For reachability checks, use the access path defined by the scenario: if a Service exists, verify via      
         Service/endpoints/service-routed access; if no Service exists, use bounded direct checks such as `kubectl    
         exec` with an in-container one-shot HTTP request.                                                            
         - Prefer one-shot application checks such as `kubectl exec [1m<[0m[1;95mpod[0m[39m> -- python3 -c [0m[32m"import urllib.request; [0m      
         [32mprint[0m[32m([0m[32murllib.request.urlopen[0m[32m([0m[32m'http://127.0.0.1:<port[0m[32m>[0m[32m/'[0m[32m)[0m[32m.getcode[0m[32m([0m[32m)[0m[32m)[0m[32m"[0m` when Python is available in the        
         container.                                                                                                   
                                                                                                                      
[32mDEBUG   [0m ============== assistant ==============                                                                      
[32mDEBUG   [0m Tool Calls: [1m[[0m                                                                                                
           [1m{[0m                                                                                                          
             [32m"type"[0m: [32m"function"[0m,                                                                                      
             [32m"function"[0m: [1m{[0m                                                                                            
               [32m"name"[0m: [32m"run_shell_command"[0m,                                                                           
               [32m"arguments"[0m: [32m"[0m[32m{[0m[32m\"command\": \"cat [0m                                                                     
         [32m/home/adibam/KubeLLM/debug_assistant_latest/troubleshooting/readiness_missing_dependency_transitive/Dockerfil[0m
         [32me\"[0m[32m}[0m[32m"[0m                                                                                                        
             [1m}[0m                                                                                                        
           [1m}[0m,                                                                                                         
           [1m{[0m                                                                                                          
             [32m"type"[0m: [32m"function"[0m,                                                                                      
             [32m"function"[0m: [1m{[0m                                                                                            
               [32m"name"[0m: [32m"run_shell_command"[0m,                                                                           
               [32m"arguments"[0m: [32m"[0m[32m{[0m[32m\"command\": \"kubectl get pods -A 2>/dev/null; kubectl config current-context\"[0m[32m}[0m[32m"[0m      
             [1m}[0m                                                                                                        
           [1m}[0m                                                                                                          
         [1m][0m                                                                                                            
[32mDEBUG   [0m ============== tool ==============                                                                           
[32mDEBUG   [0m FROM ubuntu:[1;36m20.04[0m                                                                                            
         RUN apt-get update && apt-get install -y python3 python3-pip && rm -rf [35m/var/lib/apt/lists/[0m*                  
         WORKDIR [35m/[0m[95mapp[0m                                                                                                 
         COPY helper_config.py [35m/app/[0m[95mhelper_config.py[0m                                                                  
         COPY server.py [35m/app/[0m[95mserver.py[0m                                                                                
         EXPOSE [1;36m8080[0m                                                                                                  
         CMD [1m[[0m[32m"python3"[0m, [32m"server.py"[0m[1m][0m                                                                                 
                                                                                                                      
[32mDEBUG   [0m ============== tool ==============                                                                           
[32mDEBUG   [0m NAMESPACE     NAME                                  READY   STATUS             RESTARTS      AGE             
         default       readiness-transitive-dependency-app   [1;36m0[0m/[1;36m1[0m     CrashLoopBackOff   [1;36m3[0m [1m([0m34s ago[1m)[0m   77s             
         kube-system   coredns-6f6b679f8f-5zkx6              [1;36m1[0m/[1;36m1[0m     Running            [1;36m3[0m [1m([0m22d ago[1m)[0m   23d             
         kube-system   etcd-minikube                         [1;36m1[0m/[1;36m1[0m     Running            [1;36m3[0m [1m([0m22d ago[1m)[0m   23d             
         kube-system   kube-apiserver-minikube               [1;36m1[0m/[1;36m1[0m     Running            [1;36m3[0m [1m([0m22d ago[1m)[0m   23d             
         kube-system   kube-controller-manager-minikube      [1;36m1[0m/[1;36m1[0m     Running            [1;36m3[0m [1m([0m22d ago[1m)[0m   23d             
         kube-system   kube-proxy-28xkt                      [1;36m1[0m/[1;36m1[0m     Running            [1;36m3[0m [1m([0m22d ago[1m)[0m   23d             
         kube-system   kube-scheduler-minikube               [1;36m1[0m/[1;36m1[0m     Running            [1;36m3[0m [1m([0m22d ago[1m)[0m   23d             
         kube-system   storage-provisioner                   [1;36m1[0m/[1;36m1[0m     Running            [1;36m6[0m [1m([0m22d ago[1m)[0m   23d             
         minikube                                                                                                     
                                                                                                                      
[32mDEBUG   [0m ============== assistant ==============                                                                      
[32mDEBUG   [0m Tool Calls: [1m[[0m                                                                                                
           [1m{[0m                                                                                                          
             [32m"type"[0m: [32m"function"[0m,                                                                                      
             [32m"function"[0m: [1m{[0m                                                                                            
               [32m"name"[0m: [32m"run_shell_command"[0m,                                                                           
               [32m"arguments"[0m: [32m"[0m[32m{[0m[32m\"command\": \"cat [0m                                                                     
         [32m/home/adibam/KubeLLM/debug_assistant_latest/troubleshooting/readiness_missing_dependency_transitive/Dockerfil[0m
         [32me; echo ---; cat [0m                                                                                            
         [32m/home/adibam/KubeLLM/debug_assistant_latest/troubleshooting/readiness_missing_dependency_transitive/server.py[0m
         [32m; echo ---; cat [0m                                                                                             
         [32m/home/adibam/KubeLLM/debug_assistant_latest/troubleshooting/readiness_missing_dependency_transitive/helper_co[0m
         [32mnfig.py\"[0m[32m}[0m[32m"[0m                                                                                                  
             [1m}[0m                                                                                                        
           [1m}[0m,                                                                                                         
           [1m{[0m                                                                                                          
             [32m"type"[0m: [32m"function"[0m,                                                                                      
             [32m"function"[0m: [1m{[0m                                                                                            
               [32m"name"[0m: [32m"run_shell_command"[0m,                                                                           
               [32m"arguments"[0m: [32m"[0m[32m{[0m[32m\"command\": \"kubectl logs readiness-transitive-dependency-app --[0m[32mtail[0m[32m=[0m[32m50[0m[32m\"[0m[32m}[0m[32m"[0m           
             [1m}[0m                                                                                                        
           [1m}[0m                                                                                                          
         [1m][0m                                                                                                            
[32mDEBUG   [0m ============== tool ==============                                                                           
[32mDEBUG   [0m FROM ubuntu:[1;36m20.04[0m                                                                                            
         RUN apt-get update && apt-get install -y python3 python3-pip && rm -rf [35m/var/lib/apt/lists/[0m*                  
         WORKDIR [35m/[0m[95mapp[0m                                                                                                 
         COPY helper_config.py [35m/app/[0m[95mhelper_config.py[0m                                                                  
         COPY server.py [35m/app/[0m[95mserver.py[0m                                                                                
         EXPOSE [1;36m8080[0m                                                                                                  
         CMD [1m[[0m[32m"python3"[0m, [32m"server.py"[0m[1m][0m                                                                                 
         ---                                                                                                          
         from http.server import HTTPServer, BaseHTTPRequestHandler                                                   
         from helper_config import STATUS_TEXT                                                                        
                                                                                                                      
         class [1;35mHandler[0m[1m([0mBaseHTTPRequestHandler[1m)[0m:                                                                       
             def [1;35mdo_[0m[1;33mGET[0m[1m([0mself[1m)[0m:                                                                                        
                 if self.path == [32m"/ready"[0m:                                                                            
                     [1;35mself.send_response[0m[1m([0m[1;36m200[0m[1m)[0m                                                                          
                     [1;35mself.end_headers[0m[1m([0m[1m)[0m                                                                               
                     [1;35mself.wfile.write[0m[1m([0m[1;35mstr[0m[1m([0mSTATUS_TEXT[1m)[0m[1;35m.encode[0m[1m([0m[1m)[0m[1m)[0m                                                      
                 else:                                                                                                
                     [1;35mself.send_response[0m[1m([0m[1;36m200[0m[1m)[0m                                                                          
                     [1;35mself.end_headers[0m[1m([0m[1m)[0m                                                                               
                     [1;35mself.wfile.write[0m[1m([0m[32mb"ok"[0m[1m)[0m                                                                          
         [1;35mHTTPServer[0m[1m([0m[1m([0m[32m"0.0.0.0"[0m, [1;36m8080[0m[1m)[0m, Handler[1m)[0m[1;35m.serve_forever[0m[1m([0m[1m)[0m                                                       
         ---                                                                                                          
         import requests                                                                                              
         STATUS_TEXT = requests.codes.ok                                                                              
                                                                                                                      
[32mDEBUG   [0m ============== tool ==============                                                                           
[32mDEBUG   [0m Traceback [1m([0mmost recent call last[1m)[0m:                                                                           
           File [32m"server.py"[0m, line [1;36m2[0m, in [1m<[0m[1;95mmodule[0m[39m>[0m                                                                      
         [39m    from helper_config import STATUS_TEXT[0m                                                                    
         [39m  File [0m[32m"/app/helper_config.py"[0m[39m, line [0m[1;36m1[0m[39m, in <module[0m[1m>[0m                                                          
             import requests                                                                                          
         ModuleNotFoundError: No module named [32m'requests'[0m                                                              
                                                                                                                      
[32mDEBUG   [0m ============== assistant ==============                                                                      
[32mDEBUG   [0m Tool Calls: [1m[[0m                                                                                                
           [1m{[0m                                                                                                          
             [32m"type"[0m: [32m"function"[0m,                                                                                      
             [32m"function"[0m: [1m{[0m                                                                                            
               [32m"name"[0m: [32m"run_shell_command"[0m,                                                                           
               [32m"arguments"[0m: [32m"[0m[32m{[0m[32m\"command\": \"sed -i 's|apt-get update && apt-get install -y python3 python3-pip && rm [0m
         [32m-rf /var/lib/apt/lists/\\\\*|apt-get update && apt-get install -y python3 python3-pip && pip3 install [0m       
         [32mrequests && rm -rf /var/lib/apt/lists/*|' [0m                                                                   
         [32m/home/adibam/KubeLLM/debug_assistant_latest/troubleshooting/readiness_missing_dependency_transitive/Dockerfil[0m
         [32me && cat [0m                                                                                                    
         [32m/home/adibam/KubeLLM/debug_assistant_latest/troubleshooting/readiness_missing_dependency_transitive/Dockerfil[0m
         [32me\"[0m[32m}[0m[32m"[0m                                                                                                        
             [1m}[0m                                                                                                        
           [1m}[0m                                                                                                          
         [1m][0m                                                                                                            
[32mDEBUG   [0m ============== tool ==============                                                                           
[32mDEBUG   [0m FROM ubuntu:[1;36m20.04[0m                                                                                            
         RUN apt-get update apt-get update && apt-get install -y python3 python3-pip && rm -rf                        
         [35m/var/lib/apt/lists/[0m*apt-get update && apt-get install -y python3 python3-pip && rm -rf [35m/var/lib/apt/lists/[0m*  
         apt-get install -y python3 python3-pip apt-get update && apt-get install -y python3 python3-pip && rm -rf    
         [35m/var/lib/apt/lists/[0m*apt-get update && apt-get install -y python3 python3-pip && rm -rf [35m/var/lib/apt/lists/[0m*  
         pip3 install requests apt-get update && apt-get install -y python3 python3-pip && rm -rf                     
         [35m/var/lib/apt/lists/[0m*apt-get update && apt-get install -y python3 python3-pip && rm -rf [35m/var/lib/apt/lists/[0m*  
         rm -rf [35m/var/lib/apt/lists/[0m*                                                                                  
         WORKDIR [35m/[0m[95mapp[0m                                                                                                 
         COPY helper_config.py [35m/app/[0m[95mhelper_config.py[0m                                                                  
         COPY server.py [35m/app/[0m[95mserver.py[0m                                                                                
         EXPOSE [1;36m8080[0m                                                                                                  
         CMD [1m[[0m[32m"python3"[0m, [32m"server.py"[0m[1m][0m                                                                                 
                                                                                                                      
[32mDEBUG   [0m ============== assistant ==============                                                                      
[32mDEBUG   [0m Tool Calls: [1m[[0m                                                                                                
           [1m{[0m                                                                                                          
             [32m"type"[0m: [32m"function"[0m,                                                                                      
             [32m"function"[0m: [1m{[0m                                                                                            
               [32m"name"[0m: [32m"run_shell_command"[0m,                                                                           
               [32m"arguments"[0m: [32m"[0m[32m{[0m[32m\"command\": \"cat > [0m                                                                   
         [32m/home/adibam/KubeLLM/debug_assistant_latest/troubleshooting/readiness_missing_dependency_transitive/Dockerfil[0m
         [32me <<'EOF'\\nFROM ubuntu:20.04\\nRUN apt-get update && apt-get install -y python3 python3-pip && pip3 install [0m
         [32mrequests && rm -rf /var/lib/apt/lists/*\\nWORKDIR /app\\nCOPY helper_config.py /app/helper_config.py\\nCOPY [0m 
         [32mserver.py /app/server.py\\nEXPOSE 8080\\nCMD [0m[32m[[0m[32m\\\"python3\\\", \\\"server.py\\\"[0m[32m][0m[32m\\nEOF\\ncat [0m               
         [32m/home/adibam/KubeLLM/debug_assistant_latest/troubleshooting/readiness_missing_dependency_transitive/Dockerfil[0m
         [32me\"[0m[32m}[0m[32m"[0m                                                                                                        
             [1m}[0m                                                                                                        
           [1m}[0m                                                                                                          
         [1m][0m                                                                                                            
[32mDEBUG   [0m ============== tool ==============                                                                           
[32mDEBUG   [0m FROM ubuntu:[1;36m20.04[0m                                                                                            
         RUN apt-get update && apt-get install -y python3 python3-pip && pip3 install requests && rm -rf              
         [35m/var/lib/apt/lists/[0m*                                                                                         
         WORKDIR [35m/[0m[95mapp[0m                                                                                                 
         COPY helper_config.py [35m/app/[0m[95mhelper_config.py[0m                                                                  
         COPY server.py [35m/app/[0m[95mserver.py[0m                                                                                
         EXPOSE [1;36m8080[0m                                                                                                  
         CMD [1m[[0m[32m"python3"[0m, [32m"server.py"[0m[1m][0m                                                                                 
                                                                                                                      
[32mDEBUG   [0m ============== assistant ==============                                                                      
[32mDEBUG   [0m The Dockerfile is now correctly updated. Let me build the image into the active minikube profile.            
[32mDEBUG   [0m Tool Calls: [1m[[0m                                                                                                
           [1m{[0m                                                                                                          
             [32m"type"[0m: [32m"function"[0m,                                                                                      
             [32m"function"[0m: [1m{[0m                                                                                            
               [32m"name"[0m: [32m"run_shell_command"[0m,                                                                           
               [32m"arguments"[0m: [32m"[0m[32m{[0m[32m\"command\": \"cat [0m                                                                     
         [32m/home/adibam/KubeLLM/debug_assistant_latest/troubleshooting/readiness_missing_dependency_transitive/readiness[0m
         [32m_missing_dependency_transitive.yaml; echo ---; kubectl config current-context\"[0m[32m}[0m[32m"[0m                            
             [1m}[0m                                                                                                        
           [1m}[0m                                                                                                          
         [1m][0m                                                                                                            
[32mDEBUG   [0m ============== tool ==============                                                                           
[32mDEBUG   [0m apiVersion: v1                                                                                               
         kind: Pod                                                                                                    
         metadata:                                                                                                    
           name: readiness-transitive-dependency-app                                                                  
           labels:                                                                                                    
             app: readiness-transitive-dependency-app                                                                 
         spec:                                                                                                        
           containers:                                                                                                
           - name: app                                                                                                
             image: kube-readiness-transitive-dependency-app:latest                                                   
             imagePullPolicy: Never                                                                                   
             ports:                                                                                                   
             - containerPort: [1;36m8080[0m                                                                                    
             readinessProbe:                                                                                          
               httpGet:                                                                                               
                 path: [35m/[0m[95mready[0m                                                                                         
                 port: [1;36m8080[0m                                                                                           
               initialDelaySeconds: [1;36m2[0m                                                                                 
               periodSeconds: [1;36m3[0m                                                                                       
         ---                                                                                                          
         minikube                                                                                                     
                                                                                                                      
[32mDEBUG   [0m ============== assistant ==============                                                                      
[32mDEBUG   [0m Now let me build the image into the active minikube profile.                                                 
[32mDEBUG   [0m Tool Calls: [1m[[0m                                                                                                
           [1m{[0m                                                                                                          
             [32m"type"[0m: [32m"function"[0m,                                                                                      
             [32m"function"[0m: [1m{[0m                                                                                            
               [32m"name"[0m: [32m"run_shell_command"[0m,                                                                           
               [32m"arguments"[0m: [32m"[0m[32m{[0m[32m\"command\": \"minikube -p minikube image build -t [0m                                     
         [32mkube-readiness-transitive-dependency-app:latest -f [0m                                                          
         [32m/home/adibam/KubeLLM/debug_assistant_latest/troubleshooting/readiness_missing_dependency_transitive/Dockerfil[0m
         [32me /home/adibam/KubeLLM/debug_assistant_latest/troubleshooting/readiness_missing_dependency_transitive\"[0m[32m}[0m[32m"[0m    
             [1m}[0m                                                                                                        
           [1m}[0m                                                                                                          
         [1m][0m                                                                                                            
[32mDEBUG   [0m ============== tool ==============                                                                           
[32mDEBUG   [0m ============== assistant ==============                                                                      
[32mDEBUG   [0m The image built successfully. Now let me recreate the Pod to pick up the rebuilt image.                      
[32mDEBUG   [0m Tool Calls: [1m[[0m                                                                                                
           [1m{[0m                                                                                                          
             [32m"type"[0m: [32m"function"[0m,                                                                                      
             [32m"function"[0m: [1m{[0m                                                                                            
               [32m"name"[0m: [32m"run_shell_command"[0m,                                                                           
               [32m"arguments"[0m: [32m"[0m[32m{[0m[32m\"command\": \"kubectl delete pod readiness-transitive-dependency-app [0m                  
         [32m--ignore-not-found\"[0m[32m}[0m[32m"[0m                                                                                       
             [1m}[0m                                                                                                        
           [1m}[0m                                                                                                          
         [1m][0m                                                                                                            
[32mDEBUG   [0m ============== tool ==============                                                                           
[32mDEBUG   [0m pod [32m"readiness-transitive-dependency-app"[0m deleted from default namespace                                     
                                                                                                                      
[32mDEBUG   [0m ============== assistant ==============                                                                      
[32mDEBUG   [0m Tool Calls: [1m[[0m                                                                                                
           [1m{[0m                                                                                                          
             [32m"type"[0m: [32m"function"[0m,                                                                                      
             [32m"function"[0m: [1m{[0m                                                                                            
               [32m"name"[0m: [32m"run_shell_command"[0m,                                                                           
               [32m"arguments"[0m: [32m"[0m[32m{[0m[32m\"command\": \"kubectl apply -f [0m                                                        
         [32m/home/adibam/KubeLLM/debug_assistant_latest/troubleshooting/readiness_missing_dependency_transitive/readiness[0m
         [32m_missing_dependency_transitive.yaml\"[0m[32m}[0m[32m"[0m                                                                      
             [1m}[0m                                                                                                        
           [1m}[0m                                                                                                          
         [1m][0m                                                                                                            
[32mDEBUG   [0m ============== tool ==============                                                                           
[32mDEBUG   [0m pod/readiness-transitive-dependency-app created                                                              
                                                                                                                      
[32mDEBUG   [0m ============== assistant ==============                                                                      
[32mDEBUG   [0m Let me wait a moment for the pod to start, then verify its status and logs.                                  
[32mDEBUG   [0m Tool Calls: [1m[[0m                                                                                                
           [1m{[0m                                                                                                          
             [32m"type"[0m: [32m"function"[0m,                                                                                      
             [32m"function"[0m: [1m{[0m                                                                                            
               [32m"name"[0m: [32m"run_shell_command"[0m,                                                                           
               [32m"arguments"[0m: [32m"[0m[32m{[0m[32m\"command\": \"sleep 5 && kubectl get pod readiness-transitive-dependency-app -o [0m       
         [32mwide\"[0m[32m}[0m[32m"[0m                                                                                                     
             [1m}[0m                                                                                                        
           [1m}[0m                                                                                                          
         [1m][0m                                                                                                            
[32mDEBUG   [0m ============== tool ==============                                                                           
[32mDEBUG   [0m NAME                                  READY   STATUS             RESTARTS      AGE   IP             NODE     
         NOMINATED NODE   READINESS GATES                                                                             
         readiness-transitive-dependency-app   [1;36m0[0m/[1;36m1[0m     CrashLoopBackOff   [1;36m2[0m [1m([0m25s ago[1m)[0m   42s   [1;92m10.244.2.180[0m   minikube 
         [1m<[0m[1;95mnone[0m[39m>           <none[0m[1m>[0m                                                                                      
                                                                                                                      
[32mDEBUG   [0m ============== assistant ==============                                                                      
[32mDEBUG   [0m Tool Calls: [1m[[0m                                                                                                
           [1m{[0m                                                                                                          
             [32m"type"[0m: [32m"function"[0m,                                                                                      
             [32m"function"[0m: [1m{[0m                                                                                            
               [32m"name"[0m: [32m"run_shell_command"[0m,                                                                           
               [32m"arguments"[0m: [32m"[0m[32m{[0m[32m\"command\": \"kubectl logs readiness-transitive-dependency-app\"[0m[32m}[0m[32m"[0m                     
             [1m}[0m                                                                                                        
           [1m}[0m                                                                                                          
         [1m][0m                                                                                                            
[32mDEBUG   [0m ============== tool ==============                                                                           
[32mDEBUG   [0m Traceback [1m([0mmost recent call last[1m)[0m:                                                                           
           File [32m"server.py"[0m, line [1;36m2[0m, in [1m<[0m[1;95mmodule[0m[39m>[0m                                                                      
         [39m    from helper_config import STATUS_TEXT[0m                                                                    
         [39m  File [0m[32m"/app/helper_config.py"[0m[39m, line [0m[1;36m1[0m[39m, in <module[0m[1m>[0m                                                          
             import requests                                                                                          
         ModuleNotFoundError: No module named [32m'requests'[0m                                                              
                                                                                                                      
[32mDEBUG   [0m ============== assistant ==============                                                                      
[32mDEBUG   [0m Tool Calls: [1m[[0m                                                                                                
           [1m{[0m                                                                                                          
             [32m"type"[0m: [32m"function"[0m,                                                                                      
             [32m"function"[0m: [1m{[0m                                                                                            
               [32m"name"[0m: [32m"run_shell_command"[0m,                                                                           
               [32m"arguments"[0m: [32m"[0m[32m{[0m[32m\"command\": \"minikube -p minikube image ls | grep -i kube-readiness\"[0m[32m}[0m[32m"[0m               
             [1m}[0m                                                                                                        
           [1m}[0m                                                                                                          
         [1m][0m                                                                                                            
[32mDEBUG   [0m **************** METRICS START ****************                                                              
[32mDEBUG   [0m * Time to generate response:   [1;36m22.[0m9310s                                                                      
[32mDEBUG   [0m * Tokens per second:           [1;36m5.5384[0m tokens/s                                                               
[32mDEBUG   [0m * Input tokens:                [1;36m2973[0m                                                                          
[32mDEBUG   [0m * Output tokens:               [1;36m127[0m                                                                           
[32mDEBUG   [0m * Total tokens:                [1;36m3100[0m                                                                          
[32mDEBUG   [0m **************** METRICS END ******************                                                              
[32mDEBUG   [0m Getting function run_shell_command                                                                           
[32mDEBUG   [0m Running: [1;35mrun_shell_command[0m[1m([0m[33mcommand[0m=[35mminikube[0m -p minikube image ls | grep -i kube-readiness[1m)[0m                   
[34mINFO    [0m Running shell command: minikube -p minikube image ls | grep -i kube-readiness                                
[32mDEBUG   [0m Return code: [1;36m0[0m                                                                                               
[32mDEBUG   [0m ---------- Ollama Response Start ----------                                                                  
[32mDEBUG   [0m ============== system ==============                                                                         
[32mDEBUG   [0m ## Instructions                                                                                              
         - If all and only all commands fail to execute, declare that there was an error in trying to solve the issue,
         and end that statement with this token: [1m<[0m[1;95m|ERROR|[0m[39m>.[0m                                                           
         [39m- You have solved this issue only when the original user-visible problem is fixed in the live cluster. Verify[0m
         [39mthe relevant Kubernetes resources and application behavior with commands before declaring success; pod [0m      
         [39mRunning/Ready status alone is not sufficient unless the original problem is only pod startup.[0m                
         [39m- After every step, check whether the original problem is fixed in the live cluster. If you changed [0m         
         [39mmanifests, images, or cluster configuration, apply the change and verify the live resource state reflects it [0m
         [39mbefore declaring success.[0m                                                                                    
         [39m- If you believe you have met the goal, declare that you have solved the user's issue, and end that statement[0m
         [39mwith this token: <|SOLVED|>.[0m                                                                                 
         [39m- If the steps do not solve the issue, or if you need more information, declare that you cannot solve the [0m   
         [39missue, and end that statement with this token: <|FAILED|>.[0m                                                   
         [39m- Do not use live feed flags when checking the logs such as [0m[32m'kubectl logs -f'[0m                                
         [39m- Do not use commands like vim or vi[0m                                                                         
         [39m- Do not use commands that open up editors like [0m[32m'kubectl edit'[0m                                               
         [39m- Use markdown to format your answers.[0m                                                                       
                                                                                                                      
         [39m## Guidelines[0m                                                                                                
         [39mIf a command invocation is successful but gives no stdout nor stderr, then that is because that invocation [0m  
         [39mresulted in no output to stdout or stderr.[0m                                                                   
         [39mIf a command contains a placeholder name surrounded in angle brackets such as <pod_name>, for example, then [0m 
         [39m**do not** run that command as-is. First run a `kubectl get` command to find a real name to replace the [0m     
         [39mplaceholder name, then run the suggested command with the replaced name of the resource. For example, if you [0m
         [39msee `kubectl logs <pod_name[0m[1m>[0m -n example_namespace`, first run `kubectl get pods -n example_namespace` and use
         the name of the first pod you see.                                                                           
         Do not use live feed flags when checking the logs such as [32m'kubectl logs -f'[0m                                  
         If you do not conclude on an answer or a code then try again please.                                         
         Do not use commands like vim or vi                                                                           
         Do not use commands that open up editors like [32m'kubectl edit'[0m                                                 
[32mDEBUG   [0m ============== user ==============                                                                           
[32mDEBUG   [0m Perform the actions suggested here:                                                                          
         [1;36m1[0m. Update the Dockerfile to install the missing Python dependency [1m([0mrequests[1m)[0m. This edits the existing RUN    
         line to install requests via pip3.                                                                           
         ```bash                                                                                                      
         sed -i [32m's|apt-get update && apt-get install -y python3 python3-pip && rm -rf /var/lib/apt/lists/*|apt-get [0m   
         [32mupdate && apt-get install -y python3 python3-pip && pip3 install requests && rm -rf /var/lib/apt/lists/*|'[0m   
         [35m/home/adibam/KubeLLM/debug_assistant_latest/troubleshooting/readiness_missing_dependency_transitive/[0m[95mDockerfil[0m
         [95me[0m                                                                                                            
         ```                                                                                                          
                                                                                                                      
         [1;36m2[0m. Build the image into the active minikube profile [1m([0mthe Pod uses imagePullPolicy: Never so the local image  
         name must match[1m)[0m. Replace the context and Dockerfile path as needed [1m([0mhere using the provided paths[1m)[0m.         
         ```bash                                                                                                      
         [33mPROFILE[0m=$[1m{[0mMINIKUBE_PROFILE:-$[1m([0mkubectl config current-context[1m)[0m[1m}[0m                                               
         minikube -p [32m"$PROFILE"[0m image build -t kube-readiness-transitive-dependency-app:latest -f                     
         [35m/home/adibam/KubeLLM/debug_assistant_latest/troubleshooting/readiness_missing_dependency_transitive/[0m[95mDockerfil[0m
         [95me[0m [35m/home/adibam/KubeLLM/debug_assistant_latest/troubleshooting/[0m[95mreadiness_missing_dependency_transitive[0m        
         ```                                                                                                          
                                                                                                                      
         [1;36m3[0m. Recreate the Pod so it picks up the rebuilt image [1m([0mdelete then apply the manifest[1m)[0m.                       
         ```bash                                                                                                      
         kubectl delete pod readiness-transitive-dependency-app --ignore-not-found                                    
         kubectl apply -f                                                                                             
         [35m/home/adibam/KubeLLM/debug_assistant_latest/troubleshooting/readiness_missing_dependency_transitive/[0m[95mreadiness[0m
         [95m_missing_dependency_transitive.yaml[0m                                                                          
         ```                                                                                                          
                                                                                                                      
         [1;36m4[0m. Verify the Pod starts and check logs to confirm the ModuleNotFoundError is resolved.                      
         ```bash                                                                                                      
         kubectl get pod readiness-transitive-dependency-app -o wide                                                  
         kubectl logs readiness-transitive-dependency-app                                                             
         ```                                                                                                          
                                                                                                                      
         The relevant configuration file is located in this path:                                                     
         [35m/home/adibam/KubeLLM/debug_assistant_latest/troubleshooting/readiness_missing_dependency_transitive/[0m[95mreadiness[0m
         [95m_missing_dependency_transitive.yaml[0m                                                                          
         You can update these files if necessary. If any files are updated, make sure to delete and reapply the       
         configuration file.                                                                                          
         Do not use live feed flags when checking the logs such as [32m'kubectl logs -f'[0m                                  
         ### Tool Usage Rules                                                                                         
         - Do not attempt many commands in one tool call.                                                             
         - Never repeat a tool call that has already been executed successfully in this run.                          
         - If you need the result of a previous tool call, use the provided output rather than re-invoking it.        
         - Keep the tool call as simple as possible to avoid errors.                                                  
         - Do not run long-lived or background commands such as `kubectl port-forward`, `Start-Process`, or `kubectl  
         logs -f`; prefer single-shot commands that exit on their own.                                                
         - Do not use `kubectl port-forward`, background verification, `kubectl logs -f`, or `kubectl get -w`.        
         - For reachability checks, use the access path defined by the scenario: if a Service exists, verify via      
         Service/endpoints/service-routed access; if no Service exists, use bounded direct checks such as `kubectl    
         exec` with an in-container one-shot HTTP request.                                                            
         - Prefer one-shot application checks such as `kubectl exec [1m<[0m[1;95mpod[0m[39m> -- python3 -c [0m[32m"import urllib.request; [0m      
         [32mprint[0m[32m([0m[32murllib.request.urlopen[0m[32m([0m[32m'http://127.0.0.1:<port[0m[32m>[0m[32m/'[0m[32m)[0m[32m.getcode[0m[32m([0m[32m)[0m[32m)[0m[32m"[0m` when Python is available in the        
         container.                                                                                                   
                                                                                                                      
[32mDEBUG   [0m ============== assistant ==============                                                                      
[32mDEBUG   [0m Tool Calls: [1m[[0m                                                                                                
           [1m{[0m                                                                                                          
             [32m"type"[0m: [32m"function"[0m,                                                                                      
             [32m"function"[0m: [1m{[0m                                                                                            
               [32m"name"[0m: [32m"run_shell_command"[0m,                                                                           
               [32m"arguments"[0m: [32m"[0m[32m{[0m[32m\"command\": \"cat [0m                                                                     
         [32m/home/adibam/KubeLLM/debug_assistant_latest/troubleshooting/readiness_missing_dependency_transitive/Dockerfil[0m
         [32me\"[0m[32m}[0m[32m"[0m                                                                                                        
             [1m}[0m                                                                                                        
           [1m}[0m,                                                                                                         
           [1m{[0m                                                                                                          
             [32m"type"[0m: [32m"function"[0m,                                                                                      
             [32m"function"[0m: [1m{[0m                                                                                            
               [32m"name"[0m: [32m"run_shell_command"[0m,                                                                           
               [32m"arguments"[0m: [32m"[0m[32m{[0m[32m\"command\": \"kubectl get pods -A 2>/dev/null; kubectl config current-context\"[0m[32m}[0m[32m"[0m      
             [1m}[0m                                                                                                        
           [1m}[0m                                                                                                          
         [1m][0m                                                                                                            
[32mDEBUG   [0m ============== tool ==============                                                                           
[32mDEBUG   [0m FROM ubuntu:[1;36m20.04[0m                                                                                            
         RUN apt-get update && apt-get install -y python3 python3-pip && rm -rf [35m/var/lib/apt/lists/[0m*                  
         WORKDIR [35m/[0m[95mapp[0m                                                                                                 
         COPY helper_config.py [35m/app/[0m[95mhelper_config.py[0m                                                                  
         COPY server.py [35m/app/[0m[95mserver.py[0m                                                                                
         EXPOSE [1;36m8080[0m                                                                                                  
         CMD [1m[[0m[32m"python3"[0m, [32m"server.py"[0m[1m][0m                                                                                 
                                                                                                                      
[32mDEBUG   [0m ============== tool ==============                                                                           
[32mDEBUG   [0m NAMESPACE     NAME                                  READY   STATUS             RESTARTS      AGE             
         default       readiness-transitive-dependency-app   [1;36m0[0m/[1;36m1[0m     CrashLoopBackOff   [1;36m3[0m [1m([0m34s ago[1m)[0m   77s             
         kube-system   coredns-6f6b679f8f-5zkx6              [1;36m1[0m/[1;36m1[0m     Running            [1;36m3[0m [1m([0m22d ago[1m)[0m   23d             
         kube-system   etcd-minikube                         [1;36m1[0m/[1;36m1[0m     Running            [1;36m3[0m [1m([0m22d ago[1m)[0m   23d             
         kube-system   kube-apiserver-minikube               [1;36m1[0m/[1;36m1[0m     Running            [1;36m3[0m [1m([0m22d ago[1m)[0m   23d             
         kube-system   kube-controller-manager-minikube      [1;36m1[0m/[1;36m1[0m     Running            [1;36m3[0m [1m([0m22d ago[1m)[0m   23d             
         kube-system   kube-proxy-28xkt                      [1;36m1[0m/[1;36m1[0m     Running            [1;36m3[0m [1m([0m22d ago[1m)[0m   23d             
         kube-system   kube-scheduler-minikube               [1;36m1[0m/[1;36m1[0m     Running            [1;36m3[0m [1m([0m22d ago[1m)[0m   23d             
         kube-system   storage-provisioner                   [1;36m1[0m/[1;36m1[0m     Running            [1;36m6[0m [1m([0m22d ago[1m)[0m   23d             
         minikube                                                                                                     
                                                                                                                      
[32mDEBUG   [0m ============== assistant ==============                                                                      
[32mDEBUG   [0m Tool Calls: [1m[[0m                                                                                                
           [1m{[0m                                                                                                          
             [32m"type"[0m: [32m"function"[0m,                                                                                      
             [32m"function"[0m: [1m{[0m                                                                                            
               [32m"name"[0m: [32m"run_shell_command"[0m,                                                                           
               [32m"arguments"[0m: [32m"[0m[32m{[0m[32m\"command\": \"cat [0m                                                                     
         [32m/home/adibam/KubeLLM/debug_assistant_latest/troubleshooting/readiness_missing_dependency_transitive/Dockerfil[0m
         [32me; echo ---; cat [0m                                                                                            
         [32m/home/adibam/KubeLLM/debug_assistant_latest/troubleshooting/readiness_missing_dependency_transitive/server.py[0m
         [32m; echo ---; cat [0m                                                                                             
         [32m/home/adibam/KubeLLM/debug_assistant_latest/troubleshooting/readiness_missing_dependency_transitive/helper_co[0m
         [32mnfig.py\"[0m[32m}[0m[32m"[0m                                                                                                  
             [1m}[0m                                                                                                        
           [1m}[0m,                                                                                                         
           [1m{[0m                                                                                                          
             [32m"type"[0m: [32m"function"[0m,                                                                                      
             [32m"function"[0m: [1m{[0m                                                                                            
               [32m"name"[0m: [32m"run_shell_command"[0m,                                                                           
               [32m"arguments"[0m: [32m"[0m[32m{[0m[32m\"command\": \"kubectl logs readiness-transitive-dependency-app --[0m[32mtail[0m[32m=[0m[32m50[0m[32m\"[0m[32m}[0m[32m"[0m           
             [1m}[0m                                                                                                        
           [1m}[0m                                                                                                          
         [1m][0m                                                                                                            
[32mDEBUG   [0m ============== tool ==============                                                                           
[32mDEBUG   [0m FROM ubuntu:[1;36m20.04[0m                                                                                            
         RUN apt-get update && apt-get install -y python3 python3-pip && rm -rf [35m/var/lib/apt/lists/[0m*                  
         WORKDIR [35m/[0m[95mapp[0m                                                                                                 
         COPY helper_config.py [35m/app/[0m[95mhelper_config.py[0m                                                                  
         COPY server.py [35m/app/[0m[95mserver.py[0m                                                                                
         EXPOSE [1;36m8080[0m                                                                                                  
         CMD [1m[[0m[32m"python3"[0m, [32m"server.py"[0m[1m][0m                                                                                 
         ---                                                                                                          
         from http.server import HTTPServer, BaseHTTPRequestHandler                                                   
         from helper_config import STATUS_TEXT                                                                        
                                                                                                                      
         class [1;35mHandler[0m[1m([0mBaseHTTPRequestHandler[1m)[0m:                                                                       
             def [1;35mdo_[0m[1;33mGET[0m[1m([0mself[1m)[0m:                                                                                        
                 if self.path == [32m"/ready"[0m:                                                                            
                     [1;35mself.send_response[0m[1m([0m[1;36m200[0m[1m)[0m                                                                          
                     [1;35mself.end_headers[0m[1m([0m[1m)[0m                                                                               
                     [1;35mself.wfile.write[0m[1m([0m[1;35mstr[0m[1m([0mSTATUS_TEXT[1m)[0m[1;35m.encode[0m[1m([0m[1m)[0m[1m)[0m                                                      
                 else:                                                                                                
                     [1;35mself.send_response[0m[1m([0m[1;36m200[0m[1m)[0m                                                                          
                     [1;35mself.end_headers[0m[1m([0m[1m)[0m                                                                               
                     [1;35mself.wfile.write[0m[1m([0m[32mb"ok"[0m[1m)[0m                                                                          
         [1;35mHTTPServer[0m[1m([0m[1m([0m[32m"0.0.0.0"[0m, [1;36m8080[0m[1m)[0m, Handler[1m)[0m[1;35m.serve_forever[0m[1m([0m[1m)[0m                                                       
         ---                                                                                                          
         import requests                                                                                              
         STATUS_TEXT = requests.codes.ok                                                                              
                                                                                                                      
[32mDEBUG   [0m ============== tool ==============                                                                           
[32mDEBUG   [0m Traceback [1m([0mmost recent call last[1m)[0m:                                                                           
           File [32m"server.py"[0m, line [1;36m2[0m, in [1m<[0m[1;95mmodule[0m[39m>[0m                                                                      
         [39m    from helper_config import STATUS_TEXT[0m                                                                    
         [39m  File [0m[32m"/app/helper_config.py"[0m[39m, line [0m[1;36m1[0m[39m, in <module[0m[1m>[0m                                                          
             import requests                                                                                          
         ModuleNotFoundError: No module named [32m'requests'[0m                                                              
                                                                                                                      
[32mDEBUG   [0m ============== assistant ==============                                                                      
[32mDEBUG   [0m Tool Calls: [1m[[0m                                                                                                
           [1m{[0m                                                                                                          
             [32m"type"[0m: [32m"function"[0m,                                                                                      
             [32m"function"[0m: [1m{[0m                                                                                            
               [32m"name"[0m: [32m"run_shell_command"[0m,                                                                           
               [32m"arguments"[0m: [32m"[0m[32m{[0m[32m\"command\": \"sed -i 's|apt-get update && apt-get install -y python3 python3-pip && rm [0m
         [32m-rf /var/lib/apt/lists/\\\\*|apt-get update && apt-get install -y python3 python3-pip && pip3 install [0m       
         [32mrequests && rm -rf /var/lib/apt/lists/*|' [0m                                                                   
         [32m/home/adibam/KubeLLM/debug_assistant_latest/troubleshooting/readiness_missing_dependency_transitive/Dockerfil[0m
         [32me && cat [0m                                                                                                    
         [32m/home/adibam/KubeLLM/debug_assistant_latest/troubleshooting/readiness_missing_dependency_transitive/Dockerfil[0m
         [32me\"[0m[32m}[0m[32m"[0m                                                                                                        
             [1m}[0m                                                                                                        
           [1m}[0m                                                                                                          
         [1m][0m                                                                                                            
[32mDEBUG   [0m ============== tool ==============                                                                           
[32mDEBUG   [0m FROM ubuntu:[1;36m20.04[0m                                                                                            
         RUN apt-get update apt-get update && apt-get install -y python3 python3-pip && rm -rf                        
         [35m/var/lib/apt/lists/[0m*apt-get update && apt-get install -y python3 python3-pip && rm -rf [35m/var/lib/apt/lists/[0m*  
         apt-get install -y python3 python3-pip apt-get update && apt-get install -y python3 python3-pip && rm -rf    
         [35m/var/lib/apt/lists/[0m*apt-get update && apt-get install -y python3 python3-pip && rm -rf [35m/var/lib/apt/lists/[0m*  
         pip3 install requests apt-get update && apt-get install -y python3 python3-pip && rm -rf                     
         [35m/var/lib/apt/lists/[0m*apt-get update && apt-get install -y python3 python3-pip && rm -rf [35m/var/lib/apt/lists/[0m*  
         rm -rf [35m/var/lib/apt/lists/[0m*                                                                                  
         WORKDIR [35m/[0m[95mapp[0m                                                                                                 
         COPY helper_config.py [35m/app/[0m[95mhelper_config.py[0m                                                                  
         COPY server.py [35m/app/[0m[95mserver.py[0m                                                                                
         EXPOSE [1;36m8080[0m                                                                                                  
         CMD [1m[[0m[32m"python3"[0m, [32m"server.py"[0m[1m][0m                                                                                 
                                                                                                                      
[32mDEBUG   [0m ============== assistant ==============                                                                      
[32mDEBUG   [0m Tool Calls: [1m[[0m                                                                                                
           [1m{[0m                                                                                                          
             [32m"type"[0m: [32m"function"[0m,                                                                                      
             [32m"function"[0m: [1m{[0m                                                                                            
               [32m"name"[0m: [32m"run_shell_command"[0m,                                                                           
               [32m"arguments"[0m: [32m"[0m[32m{[0m[32m\"command\": \"cat > [0m                                                                   
         [32m/home/adibam/KubeLLM/debug_assistant_latest/troubleshooting/readiness_missing_dependency_transitive/Dockerfil[0m
         [32me <<'EOF'\\nFROM ubuntu:20.04\\nRUN apt-get update && apt-get install -y python3 python3-pip && pip3 install [0m
         [32mrequests && rm -rf /var/lib/apt/lists/*\\nWORKDIR /app\\nCOPY helper_config.py /app/helper_config.py\\nCOPY [0m 
         [32mserver.py /app/server.py\\nEXPOSE 8080\\nCMD [0m[32m[[0m[32m\\\"python3\\\", \\\"server.py\\\"[0m[32m][0m[32m\\nEOF\\ncat [0m               
         [32m/home/adibam/KubeLLM/debug_assistant_latest/troubleshooting/readiness_missing_dependency_transitive/Dockerfil[0m
         [32me\"[0m[32m}[0m[32m"[0m                                                                                                        
             [1m}[0m                                                                                                        
           [1m}[0m                                                                                                          
         [1m][0m                                                                                                            
[32mDEBUG   [0m ============== tool ==============                                                                           
[32mDEBUG   [0m FROM ubuntu:[1;36m20.04[0m                                                                                            
         RUN apt-get update && apt-get install -y python3 python3-pip && pip3 install requests && rm -rf              
         [35m/var/lib/apt/lists/[0m*                                                                                         
         WORKDIR [35m/[0m[95mapp[0m                                                                                                 
         COPY helper_config.py [35m/app/[0m[95mhelper_config.py[0m                                                                  
         COPY server.py [35m/app/[0m[95mserver.py[0m                                                                                
         EXPOSE [1;36m8080[0m                                                                                                  
         CMD [1m[[0m[32m"python3"[0m, [32m"server.py"[0m[1m][0m                                                                                 
                                                                                                                      
[32mDEBUG   [0m ============== assistant ==============                                                                      
[32mDEBUG   [0m The Dockerfile is now correctly updated. Let me build the image into the active minikube profile.            
[32mDEBUG   [0m Tool Calls: [1m[[0m                                                                                                
           [1m{[0m                                                                                                          
             [32m"type"[0m: [32m"function"[0m,                                                                                      
             [32m"function"[0m: [1m{[0m                                                                                            
               [32m"name"[0m: [32m"run_shell_command"[0m,                                                                           
               [32m"arguments"[0m: [32m"[0m[32m{[0m[32m\"command\": \"cat [0m                                                                     
         [32m/home/adibam/KubeLLM/debug_assistant_latest/troubleshooting/readiness_missing_dependency_transitive/readiness[0m
         [32m_missing_dependency_transitive.yaml; echo ---; kubectl config current-context\"[0m[32m}[0m[32m"[0m                            
             [1m}[0m                                                                                                        
           [1m}[0m                                                                                                          
         [1m][0m                                                                                                            
[32mDEBUG   [0m ============== tool ==============                                                                           
[32mDEBUG   [0m apiVersion: v1                                                                                               
         kind: Pod                                                                                                    
         metadata:                                                                                                    
           name: readiness-transitive-dependency-app                                                                  
           labels:                                                                                                    
             app: readiness-transitive-dependency-app                                                                 
         spec:                                                                                                        
           containers:                                                                                                
           - name: app                                                                                                
             image: kube-readiness-transitive-dependency-app:latest                                                   
             imagePullPolicy: Never                                                                                   
             ports:                                                                                                   
             - containerPort: [1;36m8080[0m                                                                                    
             readinessProbe:                                                                                          
               httpGet:                                                                                               
                 path: [35m/[0m[95mready[0m                                                                                         
                 port: [1;36m8080[0m                                                                                           
               initialDelaySeconds: [1;36m2[0m                                                                                 
               periodSeconds: [1;36m3[0m                                                                                       
         ---                                                                                                          
         minikube                                                                                                     
                                                                                                                      
[32mDEBUG   [0m ============== assistant ==============                                                                      
[32mDEBUG   [0m Now let me build the image into the active minikube profile.                                                 
[32mDEBUG   [0m Tool Calls: [1m[[0m                                                                                                
           [1m{[0m                                                                                                          
             [32m"type"[0m: [32m"function"[0m,                                                                                      
             [32m"function"[0m: [1m{[0m                                                                                            
               [32m"name"[0m: [32m"run_shell_command"[0m,                                                                           
               [32m"arguments"[0m: [32m"[0m[32m{[0m[32m\"command\": \"minikube -p minikube image build -t [0m                                     
         [32mkube-readiness-transitive-dependency-app:latest -f [0m                                                          
         [32m/home/adibam/KubeLLM/debug_assistant_latest/troubleshooting/readiness_missing_dependency_transitive/Dockerfil[0m
         [32me /home/adibam/KubeLLM/debug_assistant_latest/troubleshooting/readiness_missing_dependency_transitive\"[0m[32m}[0m[32m"[0m    
             [1m}[0m                                                                                                        
           [1m}[0m                                                                                                          
         [1m][0m                                                                                                            
[32mDEBUG   [0m ============== tool ==============                                                                           
[32mDEBUG   [0m ============== assistant ==============                                                                      
[32mDEBUG   [0m The image built successfully. Now let me recreate the Pod to pick up the rebuilt image.                      
[32mDEBUG   [0m Tool Calls: [1m[[0m                                                                                                
           [1m{[0m                                                                                                          
             [32m"type"[0m: [32m"function"[0m,                                                                                      
             [32m"function"[0m: [1m{[0m                                                                                            
               [32m"name"[0m: [32m"run_shell_command"[0m,                                                                           
               [32m"arguments"[0m: [32m"[0m[32m{[0m[32m\"command\": \"kubectl delete pod readiness-transitive-dependency-app [0m                  
         [32m--ignore-not-found\"[0m[32m}[0m[32m"[0m                                                                                       
             [1m}[0m                                                                                                        
           [1m}[0m                                                                                                          
         [1m][0m                                                                                                            
[32mDEBUG   [0m ============== tool ==============                                                                           
[32mDEBUG   [0m pod [32m"readiness-transitive-dependency-app"[0m deleted from default namespace                                     
                                                                                                                      
[32mDEBUG   [0m ============== assistant ==============                                                                      
[32mDEBUG   [0m Tool Calls: [1m[[0m                                                                                                
           [1m{[0m                                                                                                          
             [32m"type"[0m: [32m"function"[0m,                                                                                      
             [32m"function"[0m: [1m{[0m                                                                                            
               [32m"name"[0m: [32m"run_shell_command"[0m,                                                                           
               [32m"arguments"[0m: [32m"[0m[32m{[0m[32m\"command\": \"kubectl apply -f [0m                                                        
         [32m/home/adibam/KubeLLM/debug_assistant_latest/troubleshooting/readiness_missing_dependency_transitive/readiness[0m
         [32m_missing_dependency_transitive.yaml\"[0m[32m}[0m[32m"[0m                                                                      
             [1m}[0m                                                                                                        
           [1m}[0m                                                                                                          
         [1m][0m                                                                                                            
[32mDEBUG   [0m ============== tool ==============                                                                           
[32mDEBUG   [0m pod/readiness-transitive-dependency-app created                                                              
                                                                                                                      
[32mDEBUG   [0m ============== assistant ==============                                                                      
[32mDEBUG   [0m Let me wait a moment for the pod to start, then verify its status and logs.                                  
[32mDEBUG   [0m Tool Calls: [1m[[0m                                                                                                
           [1m{[0m                                                                                                          
             [32m"type"[0m: [32m"function"[0m,                                                                                      
             [32m"function"[0m: [1m{[0m                                                                                            
               [32m"name"[0m: [32m"run_shell_command"[0m,                                                                           
               [32m"arguments"[0m: [32m"[0m[32m{[0m[32m\"command\": \"sleep 5 && kubectl get pod readiness-transitive-dependency-app -o [0m       
         [32mwide\"[0m[32m}[0m[32m"[0m                                                                                                     
             [1m}[0m                                                                                                        
           [1m}[0m                                                                                                          
         [1m][0m                                                                                                            
[32mDEBUG   [0m ============== tool ==============                                                                           
[32mDEBUG   [0m NAME                                  READY   STATUS             RESTARTS      AGE   IP             NODE     
         NOMINATED NODE   READINESS GATES                                                                             
         readiness-transitive-dependency-app   [1;36m0[0m/[1;36m1[0m     CrashLoopBackOff   [1;36m2[0m [1m([0m25s ago[1m)[0m   42s   [1;92m10.244.2.180[0m   minikube 
         [1m<[0m[1;95mnone[0m[39m>           <none[0m[1m>[0m                                                                                      
                                                                                                                      
[32mDEBUG   [0m ============== assistant ==============                                                                      
[32mDEBUG   [0m Tool Calls: [1m[[0m                                                                                                
           [1m{[0m                                                                                                          
             [32m"type"[0m: [32m"function"[0m,                                                                                      
             [32m"function"[0m: [1m{[0m                                                                                            
               [32m"name"[0m: [32m"run_shell_command"[0m,                                                                           
               [32m"arguments"[0m: [32m"[0m[32m{[0m[32m\"command\": \"kubectl logs readiness-transitive-dependency-app\"[0m[32m}[0m[32m"[0m                     
             [1m}[0m                                                                                                        
           [1m}[0m                                                                                                          
         [1m][0m                                                                                                            
[32mDEBUG   [0m ============== tool ==============                                                                           
[32mDEBUG   [0m Traceback [1m([0mmost recent call last[1m)[0m:                                                                           
           File [32m"server.py"[0m, line [1;36m2[0m, in [1m<[0m[1;95mmodule[0m[39m>[0m                                                                      
         [39m    from helper_config import STATUS_TEXT[0m                                                                    
         [39m  File [0m[32m"/app/helper_config.py"[0m[39m, line [0m[1;36m1[0m[39m, in <module[0m[1m>[0m                                                          
             import requests                                                                                          
         ModuleNotFoundError: No module named [32m'requests'[0m                                                              
                                                                                                                      
[32mDEBUG   [0m ============== assistant ==============                                                                      
[32mDEBUG   [0m Tool Calls: [1m[[0m                                                                                                
           [1m{[0m                                                                                                          
             [32m"type"[0m: [32m"function"[0m,                                                                                      
             [32m"function"[0m: [1m{[0m                                                                                            
               [32m"name"[0m: [32m"run_shell_command"[0m,                                                                           
               [32m"arguments"[0m: [32m"[0m[32m{[0m[32m\"command\": \"minikube -p minikube image ls | grep -i kube-readiness\"[0m[32m}[0m[32m"[0m               
             [1m}[0m                                                                                                        
           [1m}[0m                                                                                                          
         [1m][0m                                                                                                            
[32mDEBUG   [0m ============== tool ==============                                                                           
[32mDEBUG   [0m docker.io/library/kube-readiness-transitive-dependency-app:latest                                            
         docker.io/library/kube-readiness-slow-start-app:latest                                                       
         docker.io/library/kube-readiness-missing-dependency-app:latest                                               
                                                                                                                      
[32mDEBUG   [0m ============== assistant ==============                                                                      
[32mDEBUG   [0m Tool Calls: [1m[[0m                                                                                                
           [1m{[0m                                                                                                          
             [32m"type"[0m: [32m"function"[0m,                                                                                      
             [32m"function"[0m: [1m{[0m                                                                                            
               [32m"name"[0m: [32m"run_shell_command"[0m,                                                                           
               [32m"arguments"[0m: [32m"[0m[32m{[0m[32m\"command\": \"kubectl get pod readiness-transitive-dependency-app -o [0m                  
         [32mjsonpath[0m[32m='[0m[32m{[0m[32m.spec.containers[0m[32m[[0m[32m*[0m[32m][0m[32m.image[0m[32m}[0m[32m'\"[0m[32m}[0m[32m"[0m                                                                   
             [1m}[0m                                                                                                        
           [1m}[0m                                                                                                          
         [1m][0m                                                                                                            
[32mDEBUG   [0m **************** METRICS START ****************                                                              
[32mDEBUG   [0m * Time to generate response:   [1;36m29.[0m2893s                                                                      
[32mDEBUG   [0m * Tokens per second:           [1;36m5.5993[0m tokens/s                                                               
[32mDEBUG   [0m * Input tokens:                [1;36m3034[0m                                                                          
[32mDEBUG   [0m * Output tokens:               [1;36m164[0m                                                                           
[32mDEBUG   [0m * Total tokens:                [1;36m3198[0m                                                                          
[32mDEBUG   [0m **************** METRICS END ******************                                                              
[32mDEBUG   [0m Getting function run_shell_command                                                                           
[32mDEBUG   [0m Running: [1;35mrun_shell_command[0m[1m([0m[33mcommand[0m=[35mkubectl[0m get pod readiness-transitive-dependency-app -o                    
         [33mjsonpath[0m=[32m'[0m[32m{[0m[32m.spec.containers[0m[32m[[0m[32m*[0m[32m][0m[32m.image[0m[32m}[0m[32m'[0m[1m)[0m                                                                      
[34mINFO    [0m Running shell command: kubectl get pod readiness-transitive-dependency-app -o                                
         [33mjsonpath[0m=[32m'[0m[32m{[0m[32m.spec.containers[0m[32m[[0m[32m*[0m[32m][0m[32m.image[0m[32m}[0m[32m'[0m                                                                       
[32mDEBUG   [0m Return code: [1;36m0[0m                                                                                               
[32mDEBUG   [0m ---------- Ollama Response Start ----------                                                                  
[32mDEBUG   [0m ============== system ==============                                                                         
[32mDEBUG   [0m ## Instructions                                                                                              
         - If all and only all commands fail to execute, declare that there was an error in trying to solve the issue,
         and end that statement with this token: [1m<[0m[1;95m|ERROR|[0m[39m>.[0m                                                           
         [39m- You have solved this issue only when the original user-visible problem is fixed in the live cluster. Verify[0m
         [39mthe relevant Kubernetes resources and application behavior with commands before declaring success; pod [0m      
         [39mRunning/Ready status alone is not sufficient unless the original problem is only pod startup.[0m                
         [39m- After every step, check whether the original problem is fixed in the live cluster. If you changed [0m         
         [39mmanifests, images, or cluster configuration, apply the change and verify the live resource state reflects it [0m
         [39mbefore declaring success.[0m                                                                                    
         [39m- If you believe you have met the goal, declare that you have solved the user's issue, and end that statement[0m
         [39mwith this token: <|SOLVED|>.[0m                                                                                 
         [39m- If the steps do not solve the issue, or if you need more information, declare that you cannot solve the [0m   
         [39missue, and end that statement with this token: <|FAILED|>.[0m                                                   
         [39m- Do not use live feed flags when checking the logs such as [0m[32m'kubectl logs -f'[0m                                
         [39m- Do not use commands like vim or vi[0m                                                                         
         [39m- Do not use commands that open up editors like [0m[32m'kubectl edit'[0m                                               
         [39m- Use markdown to format your answers.[0m                                                                       
                                                                                                                      
         [39m## Guidelines[0m                                                                                                
         [39mIf a command invocation is successful but gives no stdout nor stderr, then that is because that invocation [0m  
         [39mresulted in no output to stdout or stderr.[0m                                                                   
         [39mIf a command contains a placeholder name surrounded in angle brackets such as <pod_name>, for example, then [0m 
         [39m**do not** run that command as-is. First run a `kubectl get` command to find a real name to replace the [0m     
         [39mplaceholder name, then run the suggested command with the replaced name of the resource. For example, if you [0m
         [39msee `kubectl logs <pod_name[0m[1m>[0m -n example_namespace`, first run `kubectl get pods -n example_namespace` and use
         the name of the first pod you see.                                                                           
         Do not use live feed flags when checking the logs such as [32m'kubectl logs -f'[0m                                  
         If you do not conclude on an answer or a code then try again please.                                         
         Do not use commands like vim or vi                                                                           
         Do not use commands that open up editors like [32m'kubectl edit'[0m                                                 
[32mDEBUG   [0m ============== user ==============                                                                           
[32mDEBUG   [0m Perform the actions suggested here:                                                                          
         [1;36m1[0m. Update the Dockerfile to install the missing Python dependency [1m([0mrequests[1m)[0m. This edits the existing RUN    
         line to install requests via pip3.                                                                           
         ```bash                                                                                                      
         sed -i [32m's|apt-get update && apt-get install -y python3 python3-pip && rm -rf /var/lib/apt/lists/*|apt-get [0m   
         [32mupdate && apt-get install -y python3 python3-pip && pip3 install requests && rm -rf /var/lib/apt/lists/*|'[0m   
         [35m/home/adibam/KubeLLM/debug_assistant_latest/troubleshooting/readiness_missing_dependency_transitive/[0m[95mDockerfil[0m
         [95me[0m                                                                                                            
         ```                                                                                                          
                                                                                                                      
         [1;36m2[0m. Build the image into the active minikube profile [1m([0mthe Pod uses imagePullPolicy: Never so the local image  
         name must match[1m)[0m. Replace the context and Dockerfile path as needed [1m([0mhere using the provided paths[1m)[0m.         
         ```bash                                                                                                      
         [33mPROFILE[0m=$[1m{[0mMINIKUBE_PROFILE:-$[1m([0mkubectl config current-context[1m)[0m[1m}[0m                                               
         minikube -p [32m"$PROFILE"[0m image build -t kube-readiness-transitive-dependency-app:latest -f                     
         [35m/home/adibam/KubeLLM/debug_assistant_latest/troubleshooting/readiness_missing_dependency_transitive/[0m[95mDockerfil[0m
         [95me[0m [35m/home/adibam/KubeLLM/debug_assistant_latest/troubleshooting/[0m[95mreadiness_missing_dependency_transitive[0m        
         ```                                                                                                          
                                                                                                                      
         [1;36m3[0m. Recreate the Pod so it picks up the rebuilt image [1m([0mdelete then apply the manifest[1m)[0m.                       
         ```bash                                                                                                      
         kubectl delete pod readiness-transitive-dependency-app --ignore-not-found                                    
         kubectl apply -f                                                                                             
         [35m/home/adibam/KubeLLM/debug_assistant_latest/troubleshooting/readiness_missing_dependency_transitive/[0m[95mreadiness[0m
         [95m_missing_dependency_transitive.yaml[0m                                                                          
         ```                                                                                                          
                                                                                                                      
         [1;36m4[0m. Verify the Pod starts and check logs to confirm the ModuleNotFoundError is resolved.                      
         ```bash                                                                                                      
         kubectl get pod readiness-transitive-dependency-app -o wide                                                  
         kubectl logs readiness-transitive-dependency-app                                                             
         ```                                                                                                          
                                                                                                                      
         The relevant configuration file is located in this path:                                                     
         [35m/home/adibam/KubeLLM/debug_assistant_latest/troubleshooting/readiness_missing_dependency_transitive/[0m[95mreadiness[0m
         [95m_missing_dependency_transitive.yaml[0m                                                                          
         You can update these files if necessary. If any files are updated, make sure to delete and reapply the       
         configuration file.                                                                                          
         Do not use live feed flags when checking the logs such as [32m'kubectl logs -f'[0m                                  
         ### Tool Usage Rules                                                                                         
         - Do not attempt many commands in one tool call.                                                             
         - Never repeat a tool call that has already been executed successfully in this run.                          
         - If you need the result of a previous tool call, use the provided output rather than re-invoking it.        
         - Keep the tool call as simple as possible to avoid errors.                                                  
         - Do not run long-lived or background commands such as `kubectl port-forward`, `Start-Process`, or `kubectl  
         logs -f`; prefer single-shot commands that exit on their own.                                                
         - Do not use `kubectl port-forward`, background verification, `kubectl logs -f`, or `kubectl get -w`.        
         - For reachability checks, use the access path defined by the scenario: if a Service exists, verify via      
         Service/endpoints/service-routed access; if no Service exists, use bounded direct checks such as `kubectl    
         exec` with an in-container one-shot HTTP request.                                                            
         - Prefer one-shot application checks such as `kubectl exec [1m<[0m[1;95mpod[0m[39m> -- python3 -c [0m[32m"import urllib.request; [0m      
         [32mprint[0m[32m([0m[32murllib.request.urlopen[0m[32m([0m[32m'http://127.0.0.1:<port[0m[32m>[0m[32m/'[0m[32m)[0m[32m.getcode[0m[32m([0m[32m)[0m[32m)[0m[32m"[0m` when Python is available in the        
         container.                                                                                                   
                                                                                                                      
[32mDEBUG   [0m ============== assistant ==============                                                                      
[32mDEBUG   [0m Tool Calls: [1m[[0m                                                                                                
           [1m{[0m                                                                                                          
             [32m"type"[0m: [32m"function"[0m,                                                                                      
             [32m"function"[0m: [1m{[0m                                                                                            
               [32m"name"[0m: [32m"run_shell_command"[0m,                                                                           
               [32m"arguments"[0m: [32m"[0m[32m{[0m[32m\"command\": \"cat [0m                                                                     
         [32m/home/adibam/KubeLLM/debug_assistant_latest/troubleshooting/readiness_missing_dependency_transitive/Dockerfil[0m
         [32me\"[0m[32m}[0m[32m"[0m                                                                                                        
             [1m}[0m                                                                                                        
           [1m}[0m,                                                                                                         
           [1m{[0m                                                                                                          
             [32m"type"[0m: [32m"function"[0m,                                                                                      
             [32m"function"[0m: [1m{[0m                                                                                            
               [32m"name"[0m: [32m"run_shell_command"[0m,                                                                           
               [32m"arguments"[0m: [32m"[0m[32m{[0m[32m\"command\": \"kubectl get pods -A 2>/dev/null; kubectl config current-context\"[0m[32m}[0m[32m"[0m      
             [1m}[0m                                                                                                        
           [1m}[0m                                                                                                          
         [1m][0m                                                                                                            
[32mDEBUG   [0m ============== tool ==============                                                                           
[32mDEBUG   [0m FROM ubuntu:[1;36m20.04[0m                                                                                            
         RUN apt-get update && apt-get install -y python3 python3-pip && rm -rf [35m/var/lib/apt/lists/[0m*                  
         WORKDIR [35m/[0m[95mapp[0m                                                                                                 
         COPY helper_config.py [35m/app/[0m[95mhelper_config.py[0m                                                                  
         COPY server.py [35m/app/[0m[95mserver.py[0m                                                                                
         EXPOSE [1;36m8080[0m                                                                                                  
         CMD [1m[[0m[32m"python3"[0m, [32m"server.py"[0m[1m][0m                                                                                 
                                                                                                                      
[32mDEBUG   [0m ============== tool ==============                                                                           
[32mDEBUG   [0m NAMESPACE     NAME                                  READY   STATUS             RESTARTS      AGE             
         default       readiness-transitive-dependency-app   [1;36m0[0m/[1;36m1[0m     CrashLoopBackOff   [1;36m3[0m [1m([0m34s ago[1m)[0m   77s             
         kube-system   coredns-6f6b679f8f-5zkx6              [1;36m1[0m/[1;36m1[0m     Running            [1;36m3[0m [1m([0m22d ago[1m)[0m   23d             
         kube-system   etcd-minikube                         [1;36m1[0m/[1;36m1[0m     Running            [1;36m3[0m [1m([0m22d ago[1m)[0m   23d             
         kube-system   kube-apiserver-minikube               [1;36m1[0m/[1;36m1[0m     Running            [1;36m3[0m [1m([0m22d ago[1m)[0m   23d             
         kube-system   kube-controller-manager-minikube      [1;36m1[0m/[1;36m1[0m     Running            [1;36m3[0m [1m([0m22d ago[1m)[0m   23d             
         kube-system   kube-proxy-28xkt                      [1;36m1[0m/[1;36m1[0m     Running            [1;36m3[0m [1m([0m22d ago[1m)[0m   23d             
         kube-system   kube-scheduler-minikube               [1;36m1[0m/[1;36m1[0m     Running            [1;36m3[0m [1m([0m22d ago[1m)[0m   23d             
         kube-system   storage-provisioner                   [1;36m1[0m/[1;36m1[0m     Running            [1;36m6[0m [1m([0m22d ago[1m)[0m   23d             
         minikube                                                                                                     
                                                                                                                      
[32mDEBUG   [0m ============== assistant ==============                                                                      
[32mDEBUG   [0m Tool Calls: [1m[[0m                                                                                                
           [1m{[0m                                                                                                          
             [32m"type"[0m: [32m"function"[0m,                                                                                      
             [32m"function"[0m: [1m{[0m                                                                                            
               [32m"name"[0m: [32m"run_shell_command"[0m,                                                                           
               [32m"arguments"[0m: [32m"[0m[32m{[0m[32m\"command\": \"cat [0m                                                                     
         [32m/home/adibam/KubeLLM/debug_assistant_latest/troubleshooting/readiness_missing_dependency_transitive/Dockerfil[0m
         [32me; echo ---; cat [0m                                                                                            
         [32m/home/adibam/KubeLLM/debug_assistant_latest/troubleshooting/readiness_missing_dependency_transitive/server.py[0m
         [32m; echo ---; cat [0m                                                                                             
         [32m/home/adibam/KubeLLM/debug_assistant_latest/troubleshooting/readiness_missing_dependency_transitive/helper_co[0m
         [32mnfig.py\"[0m[32m}[0m[32m"[0m                                                                                                  
             [1m}[0m                                                                                                        
           [1m}[0m,                                                                                                         
           [1m{[0m                                                                                                          
             [32m"type"[0m: [32m"function"[0m,                                                                                      
             [32m"function"[0m: [1m{[0m                                                                                            
               [32m"name"[0m: [32m"run_shell_command"[0m,                                                                           
               [32m"arguments"[0m: [32m"[0m[32m{[0m[32m\"command\": \"kubectl logs readiness-transitive-dependency-app --[0m[32mtail[0m[32m=[0m[32m50[0m[32m\"[0m[32m}[0m[32m"[0m           
             [1m}[0m                                                                                                        
           [1m}[0m                                                                                                          
         [1m][0m                                                                                                            
[32mDEBUG   [0m ============== tool ==============                                                                           
[32mDEBUG   [0m FROM ubuntu:[1;36m20.04[0m                                                                                            
         RUN apt-get update && apt-get install -y python3 python3-pip && rm -rf [35m/var/lib/apt/lists/[0m*                  
         WORKDIR [35m/[0m[95mapp[0m                                                                                                 
         COPY helper_config.py [35m/app/[0m[95mhelper_config.py[0m                                                                  
         COPY server.py [35m/app/[0m[95mserver.py[0m                                                                                
         EXPOSE [1;36m8080[0m                                                                                                  
         CMD [1m[[0m[32m"python3"[0m, [32m"server.py"[0m[1m][0m                                                                                 
         ---                                                                                                          
         from http.server import HTTPServer, BaseHTTPRequestHandler                                                   
         from helper_config import STATUS_TEXT                                                                        
                                                                                                                      
         class [1;35mHandler[0m[1m([0mBaseHTTPRequestHandler[1m)[0m:                                                                       
             def [1;35mdo_[0m[1;33mGET[0m[1m([0mself[1m)[0m:                                                                                        
                 if self.path == [32m"/ready"[0m:                                                                            
                     [1;35mself.send_response[0m[1m([0m[1;36m200[0m[1m)[0m                                                                          
                     [1;35mself.end_headers[0m[1m([0m[1m)[0m                                                                               
                     [1;35mself.wfile.write[0m[1m([0m[1;35mstr[0m[1m([0mSTATUS_TEXT[1m)[0m[1;35m.encode[0m[1m([0m[1m)[0m[1m)[0m                                                      
                 else:                                                                                                
                     [1;35mself.send_response[0m[1m([0m[1;36m200[0m[1m)[0m                                                                          
                     [1;35mself.end_headers[0m[1m([0m[1m)[0m                                                                               
                     [1;35mself.wfile.write[0m[1m([0m[32mb"ok"[0m[1m)[0m                                                                          
         [1;35mHTTPServer[0m[1m([0m[1m([0m[32m"0.0.0.0"[0m, [1;36m8080[0m[1m)[0m, Handler[1m)[0m[1;35m.serve_forever[0m[1m([0m[1m)[0m                                                       
         ---                                                                                                          
         import requests                                                                                              
         STATUS_TEXT = requests.codes.ok                                                                              
                                                                                                                      
[32mDEBUG   [0m ============== tool ==============                                                                           
[32mDEBUG   [0m Traceback [1m([0mmost recent call last[1m)[0m:                                                                           
           File [32m"server.py"[0m, line [1;36m2[0m, in [1m<[0m[1;95mmodule[0m[39m>[0m                                                                      
         [39m    from helper_config import STATUS_TEXT[0m                                                                    
         [39m  File [0m[32m"/app/helper_config.py"[0m[39m, line [0m[1;36m1[0m[39m, in <module[0m[1m>[0m                                                          
             import requests                                                                                          
         ModuleNotFoundError: No module named [32m'requests'[0m                                                              
                                                                                                                      
[32mDEBUG   [0m ============== assistant ==============                                                                      
[32mDEBUG   [0m Tool Calls: [1m[[0m                                                                                                
           [1m{[0m                                                                                                          
             [32m"type"[0m: [32m"function"[0m,                                                                                      
             [32m"function"[0m: [1m{[0m                                                                                            
               [32m"name"[0m: [32m"run_shell_command"[0m,                                                                           
               [32m"arguments"[0m: [32m"[0m[32m{[0m[32m\"command\": \"sed -i 's|apt-get update && apt-get install -y python3 python3-pip && rm [0m
         [32m-rf /var/lib/apt/lists/\\\\*|apt-get update && apt-get install -y python3 python3-pip && pip3 install [0m       
         [32mrequests && rm -rf /var/lib/apt/lists/*|' [0m                                                                   
         [32m/home/adibam/KubeLLM/debug_assistant_latest/troubleshooting/readiness_missing_dependency_transitive/Dockerfil[0m
         [32me && cat [0m                                                                                                    
         [32m/home/adibam/KubeLLM/debug_assistant_latest/troubleshooting/readiness_missing_dependency_transitive/Dockerfil[0m
         [32me\"[0m[32m}[0m[32m"[0m                                                                                                        
             [1m}[0m                                                                                                        
           [1m}[0m                                                                                                          
         [1m][0m                                                                                                            
[32mDEBUG   [0m ============== tool ==============                                                                           
[32mDEBUG   [0m FROM ubuntu:[1;36m20.04[0m                                                                                            
         RUN apt-get update apt-get update && apt-get install -y python3 python3-pip && rm -rf                        
         [35m/var/lib/apt/lists/[0m*apt-get update && apt-get install -y python3 python3-pip && rm -rf [35m/var/lib/apt/lists/[0m*  
         apt-get install -y python3 python3-pip apt-get update && apt-get install -y python3 python3-pip && rm -rf    
         [35m/var/lib/apt/lists/[0m*apt-get update && apt-get install -y python3 python3-pip && rm -rf [35m/var/lib/apt/lists/[0m*  
         pip3 install requests apt-get update && apt-get install -y python3 python3-pip && rm -rf                     
         [35m/var/lib/apt/lists/[0m*apt-get update && apt-get install -y python3 python3-pip && rm -rf [35m/var/lib/apt/lists/[0m*  
         rm -rf [35m/var/lib/apt/lists/[0m*                                                                                  
         WORKDIR [35m/[0m[95mapp[0m                                                                                                 
         COPY helper_config.py [35m/app/[0m[95mhelper_config.py[0m                                                                  
         COPY server.py [35m/app/[0m[95mserver.py[0m                                                                                
         EXPOSE [1;36m8080[0m                                                                                                  
         CMD [1m[[0m[32m"python3"[0m, [32m"server.py"[0m[1m][0m                                                                                 
                                                                                                                      
[32mDEBUG   [0m ============== assistant ==============                                                                      
[32mDEBUG   [0m Tool Calls: [1m[[0m                                                                                                
           [1m{[0m                                                                                                          
             [32m"type"[0m: [32m"function"[0m,                                                                                      
             [32m"function"[0m: [1m{[0m                                                                                            
               [32m"name"[0m: [32m"run_shell_command"[0m,                                                                           
               [32m"arguments"[0m: [32m"[0m[32m{[0m[32m\"command\": \"cat > [0m                                                                   
         [32m/home/adibam/KubeLLM/debug_assistant_latest/troubleshooting/readiness_missing_dependency_transitive/Dockerfil[0m
         [32me <<'EOF'\\nFROM ubuntu:20.04\\nRUN apt-get update && apt-get install -y python3 python3-pip && pip3 install [0m
         [32mrequests && rm -rf /var/lib/apt/lists/*\\nWORKDIR /app\\nCOPY helper_config.py /app/helper_config.py\\nCOPY [0m 
         [32mserver.py /app/server.py\\nEXPOSE 8080\\nCMD [0m[32m[[0m[32m\\\"python3\\\", \\\"server.py\\\"[0m[32m][0m[32m\\nEOF\\ncat [0m               
         [32m/home/adibam/KubeLLM/debug_assistant_latest/troubleshooting/readiness_missing_dependency_transitive/Dockerfil[0m
         [32me\"[0m[32m}[0m[32m"[0m                                                                                                        
             [1m}[0m                                                                                                        
           [1m}[0m                                                                                                          
         [1m][0m                                                                                                            
[32mDEBUG   [0m ============== tool ==============                                                                           
[32mDEBUG   [0m FROM ubuntu:[1;36m20.04[0m                                                                                            
         RUN apt-get update && apt-get install -y python3 python3-pip && pip3 install requests && rm -rf              
         [35m/var/lib/apt/lists/[0m*                                                                                         
         WORKDIR [35m/[0m[95mapp[0m                                                                                                 
         COPY helper_config.py [35m/app/[0m[95mhelper_config.py[0m                                                                  
         COPY server.py [35m/app/[0m[95mserver.py[0m                                                                                
         EXPOSE [1;36m8080[0m                                                                                                  
         CMD [1m[[0m[32m"python3"[0m, [32m"server.py"[0m[1m][0m                                                                                 
                                                                                                                      
[32mDEBUG   [0m ============== assistant ==============                                                                      
[32mDEBUG   [0m The Dockerfile is now correctly updated. Let me build the image into the active minikube profile.            
[32mDEBUG   [0m Tool Calls: [1m[[0m                                                                                                
           [1m{[0m                                                                                                          
             [32m"type"[0m: [32m"function"[0m,                                                                                      
             [32m"function"[0m: [1m{[0m                                                                                            
               [32m"name"[0m: [32m"run_shell_command"[0m,                                                                           
               [32m"arguments"[0m: [32m"[0m[32m{[0m[32m\"command\": \"cat [0m                                                                     
         [32m/home/adibam/KubeLLM/debug_assistant_latest/troubleshooting/readiness_missing_dependency_transitive/readiness[0m
         [32m_missing_dependency_transitive.yaml; echo ---; kubectl config current-context\"[0m[32m}[0m[32m"[0m                            
             [1m}[0m                                                                                                        
           [1m}[0m                                                                                                          
         [1m][0m                                                                                                            
[32mDEBUG   [0m ============== tool ==============                                                                           
[32mDEBUG   [0m apiVersion: v1                                                                                               
         kind: Pod                                                                                                    
         metadata:                                                                                                    
           name: readiness-transitive-dependency-app                                                                  
           labels:                                                                                                    
             app: readiness-transitive-dependency-app                                                                 
         spec:                                                                                                        
           containers:                                                                                                
           - name: app                                                                                                
             image: kube-readiness-transitive-dependency-app:latest                                                   
             imagePullPolicy: Never                                                                                   
             ports:                                                                                                   
             - containerPort: [1;36m8080[0m                                                                                    
             readinessProbe:                                                                                          
               httpGet:                                                                                               
                 path: [35m/[0m[95mready[0m                                                                                         
                 port: [1;36m8080[0m                                                                                           
               initialDelaySeconds: [1;36m2[0m                                                                                 
               periodSeconds: [1;36m3[0m                                                                                       
         ---                                                                                                          
         minikube                                                                                                     
                                                                                                                      
[32mDEBUG   [0m ============== assistant ==============                                                                      
[32mDEBUG   [0m Now let me build the image into the active minikube profile.                                                 
[32mDEBUG   [0m Tool Calls: [1m[[0m                                                                                                
           [1m{[0m                                                                                                          
             [32m"type"[0m: [32m"function"[0m,                                                                                      
             [32m"function"[0m: [1m{[0m                                                                                            
               [32m"name"[0m: [32m"run_shell_command"[0m,                                                                           
               [32m"arguments"[0m: [32m"[0m[32m{[0m[32m\"command\": \"minikube -p minikube image build -t [0m                                     
         [32mkube-readiness-transitive-dependency-app:latest -f [0m                                                          
         [32m/home/adibam/KubeLLM/debug_assistant_latest/troubleshooting/readiness_missing_dependency_transitive/Dockerfil[0m
         [32me /home/adibam/KubeLLM/debug_assistant_latest/troubleshooting/readiness_missing_dependency_transitive\"[0m[32m}[0m[32m"[0m    
             [1m}[0m                                                                                                        
           [1m}[0m                                                                                                          
         [1m][0m                                                                                                            
[32mDEBUG   [0m ============== tool ==============                                                                           
[32mDEBUG   [0m ============== assistant ==============                                                                      
[32mDEBUG   [0m The image built successfully. Now let me recreate the Pod to pick up the rebuilt image.                      
[32mDEBUG   [0m Tool Calls: [1m[[0m                                                                                                
           [1m{[0m                                                                                                          
             [32m"type"[0m: [32m"function"[0m,                                                                                      
             [32m"function"[0m: [1m{[0m                                                                                            
               [32m"name"[0m: [32m"run_shell_command"[0m,                                                                           
               [32m"arguments"[0m: [32m"[0m[32m{[0m[32m\"command\": \"kubectl delete pod readiness-transitive-dependency-app [0m                  
         [32m--ignore-not-found\"[0m[32m}[0m[32m"[0m                                                                                       
             [1m}[0m                                                                                                        
           [1m}[0m                                                                                                          
         [1m][0m                                                                                                            
[32mDEBUG   [0m ============== tool ==============                                                                           
[32mDEBUG   [0m pod [32m"readiness-transitive-dependency-app"[0m deleted from default namespace                                     
                                                                                                                      
[32mDEBUG   [0m ============== assistant ==============                                                                      
[32mDEBUG   [0m Tool Calls: [1m[[0m                                                                                                
           [1m{[0m                                                                                                          
             [32m"type"[0m: [32m"function"[0m,                                                                                      
             [32m"function"[0m: [1m{[0m                                                                                            
               [32m"name"[0m: [32m"run_shell_command"[0m,                                                                           
               [32m"arguments"[0m: [32m"[0m[32m{[0m[32m\"command\": \"kubectl apply -f [0m                                                        
         [32m/home/adibam/KubeLLM/debug_assistant_latest/troubleshooting/readiness_missing_dependency_transitive/readiness[0m
         [32m_missing_dependency_transitive.yaml\"[0m[32m}[0m[32m"[0m                                                                      
             [1m}[0m                                                                                                        
           [1m}[0m                                                                                                          
         [1m][0m                                                                                                            
[32mDEBUG   [0m ============== tool ==============                                                                           
[32mDEBUG   [0m pod/readiness-transitive-dependency-app created                                                              
                                                                                                                      
[32mDEBUG   [0m ============== assistant ==============                                                                      
[32mDEBUG   [0m Let me wait a moment for the pod to start, then verify its status and logs.                                  
[32mDEBUG   [0m Tool Calls: [1m[[0m                                                                                                
           [1m{[0m                                                                                                          
             [32m"type"[0m: [32m"function"[0m,                                                                                      
             [32m"function"[0m: [1m{[0m                                                                                            
               [32m"name"[0m: [32m"run_shell_command"[0m,                                                                           
               [32m"arguments"[0m: [32m"[0m[32m{[0m[32m\"command\": \"sleep 5 && kubectl get pod readiness-transitive-dependency-app -o [0m       
         [32mwide\"[0m[32m}[0m[32m"[0m                                                                                                     
             [1m}[0m                                                                                                        
           [1m}[0m                                                                                                          
         [1m][0m                                                                                                            
[32mDEBUG   [0m ============== tool ==============                                                                           
[32mDEBUG   [0m NAME                                  READY   STATUS             RESTARTS      AGE   IP             NODE     
         NOMINATED NODE   READINESS GATES                                                                             
         readiness-transitive-dependency-app   [1;36m0[0m/[1;36m1[0m     CrashLoopBackOff   [1;36m2[0m [1m([0m25s ago[1m)[0m   42s   [1;92m10.244.2.180[0m   minikube 
         [1m<[0m[1;95mnone[0m[39m>           <none[0m[1m>[0m                                                                                      
                                                                                                                      
[32mDEBUG   [0m ============== assistant ==============                                                                      
[32mDEBUG   [0m Tool Calls: [1m[[0m                                                                                                
           [1m{[0m                                                                                                          
             [32m"type"[0m: [32m"function"[0m,                                                                                      
             [32m"function"[0m: [1m{[0m                                                                                            
               [32m"name"[0m: [32m"run_shell_command"[0m,                                                                           
               [32m"arguments"[0m: [32m"[0m[32m{[0m[32m\"command\": \"kubectl logs readiness-transitive-dependency-app\"[0m[32m}[0m[32m"[0m                     
             [1m}[0m                                                                                                        
           [1m}[0m                                                                                                          
         [1m][0m                                                                                                            
[32mDEBUG   [0m ============== tool ==============                                                                           
[32mDEBUG   [0m Traceback [1m([0mmost recent call last[1m)[0m:                                                                           
           File [32m"server.py"[0m, line [1;36m2[0m, in [1m<[0m[1;95mmodule[0m[39m>[0m                                                                      
         [39m    from helper_config import STATUS_TEXT[0m                                                                    
         [39m  File [0m[32m"/app/helper_config.py"[0m[39m, line [0m[1;36m1[0m[39m, in <module[0m[1m>[0m                                                          
             import requests                                                                                          
         ModuleNotFoundError: No module named [32m'requests'[0m                                                              
                                                                                                                      
[32mDEBUG   [0m ============== assistant ==============                                                                      
[32mDEBUG   [0m Tool Calls: [1m[[0m                                                                                                
           [1m{[0m                                                                                                          
             [32m"type"[0m: [32m"function"[0m,                                                                                      
             [32m"function"[0m: [1m{[0m                                                                                            
               [32m"name"[0m: [32m"run_shell_command"[0m,                                                                           
               [32m"arguments"[0m: [32m"[0m[32m{[0m[32m\"command\": \"minikube -p minikube image ls | grep -i kube-readiness\"[0m[32m}[0m[32m"[0m               
             [1m}[0m                                                                                                        
           [1m}[0m                                                                                                          
         [1m][0m                                                                                                            
[32mDEBUG   [0m ============== tool ==============                                                                           
[32mDEBUG   [0m docker.io/library/kube-readiness-transitive-dependency-app:latest                                            
         docker.io/library/kube-readiness-slow-start-app:latest                                                       
         docker.io/library/kube-readiness-missing-dependency-app:latest                                               
                                                                                                                      
[32mDEBUG   [0m ============== assistant ==============                                                                      
[32mDEBUG   [0m Tool Calls: [1m[[0m                                                                                                
           [1m{[0m                                                                                                          
             [32m"type"[0m: [32m"function"[0m,                                                                                      
             [32m"function"[0m: [1m{[0m                                                                                            
               [32m"name"[0m: [32m"run_shell_command"[0m,                                                                           
               [32m"arguments"[0m: [32m"[0m[32m{[0m[32m\"command\": \"kubectl get pod readiness-transitive-dependency-app -o [0m                  
         [32mjsonpath[0m[32m='[0m[32m{[0m[32m.spec.containers[0m[32m[[0m[32m*[0m[32m][0m[32m.image[0m[32m}[0m[32m'\"[0m[32m}[0m[32m"[0m                                                                   
             [1m}[0m                                                                                                        
           [1m}[0m                                                                                                          
         [1m][0m                                                                                                            
[32mDEBUG   [0m ============== tool ==============                                                                           
[32mDEBUG   [0m kube-readiness-transitive-dependency-app:latest                                                              
[32mDEBUG   [0m ============== assistant ==============                                                                      
[32mDEBUG   [0m The image exists but the pod still fails. Let me inspect the image to see if requests was actually installed.
[32mDEBUG   [0m Tool Calls: [1m[[0m                                                                                                
           [1m{[0m                                                                                                          
             [32m"type"[0m: [32m"function"[0m,                                                                                      
             [32m"function"[0m: [1m{[0m                                                                                            
               [32m"name"[0m: [32m"run_shell_command"[0m,                                                                           
               [32m"arguments"[0m: [32m"[0m[32m{[0m[32m\"command\": \"docker run --rm kube-readiness-transitive-dependency-app:latest python3 [0m 
         [32m-c \\\"import requests; print[0m[32m([0m[32mrequests.__version__[0m[32m)[0m[32m\\\" 2>&1 | head -20\"[0m[32m}[0m[32m"[0m                                  
             [1m}[0m                                                                                                        
           [1m}[0m                                                                                                          
         [1m][0m                                                                                                            
[32mDEBUG   [0m **************** METRICS START ****************                                                              
[32mDEBUG   [0m * Time to generate response:   [1;36m39.[0m7838s                                                                      
[32mDEBUG   [0m * Tokens per second:           [1;36m6.0326[0m tokens/s                                                               
[32mDEBUG   [0m * Input tokens:                [1;36m3062[0m                                                                          
[32mDEBUG   [0m * Output tokens:               [1;36m240[0m                                                                           
[32mDEBUG   [0m * Total tokens:                [1;36m3302[0m                                                                          
[32mDEBUG   [0m **************** METRICS END ******************                                                              
[32mDEBUG   [0m Getting function run_shell_command                                                                           
[32mDEBUG   [0m Running: [1;35mrun_shell_command[0m[1m([0m[33mcommand[0m=[33m...[0m[1m)[0m                                                                      
[34mINFO    [0m Running shell command: docker run --rm kube-readiness-transitive-dependency-app:latest python3 -c [32m"import [0m   
         [32mrequests; print[0m[32m([0m[32mrequests.__version__[0m[32m)[0m[32m"[0m [1;36m2[0m>&[1;36m1[0m | head [1;36m-20[0m                                                       
[32mDEBUG   [0m Return code: [1;36m0[0m                                                                                               
[32mDEBUG   [0m ---------- Ollama Response Start ----------                                                                  
[32mDEBUG   [0m ============== system ==============                                                                         
[32mDEBUG   [0m ## Instructions                                                                                              
         - If all and only all commands fail to execute, declare that there was an error in trying to solve the issue,
         and end that statement with this token: [1m<[0m[1;95m|ERROR|[0m[39m>.[0m                                                           
         [39m- You have solved this issue only when the original user-visible problem is fixed in the live cluster. Verify[0m
         [39mthe relevant Kubernetes resources and application behavior with commands before declaring success; pod [0m      
         [39mRunning/Ready status alone is not sufficient unless the original problem is only pod startup.[0m                
         [39m- After every step, check whether the original problem is fixed in the live cluster. If you changed [0m         
         [39mmanifests, images, or cluster configuration, apply the change and verify the live resource state reflects it [0m
         [39mbefore declaring success.[0m                                                                                    
         [39m- If you believe you have met the goal, declare that you have solved the user's issue, and end that statement[0m
         [39mwith this token: <|SOLVED|>.[0m                                                                                 
         [39m- If the steps do not solve the issue, or if you need more information, declare that you cannot solve the [0m   
         [39missue, and end that statement with this token: <|FAILED|>.[0m                                                   
         [39m- Do not use live feed flags when checking the logs such as [0m[32m'kubectl logs -f'[0m                                
         [39m- Do not use commands like vim or vi[0m                                                                         
         [39m- Do not use commands that open up editors like [0m[32m'kubectl edit'[0m                                               
         [39m- Use markdown to format your answers.[0m                                                                       
                                                                                                                      
         [39m## Guidelines[0m                                                                                                
         [39mIf a command invocation is successful but gives no stdout nor stderr, then that is because that invocation [0m  
         [39mresulted in no output to stdout or stderr.[0m                                                                   
         [39mIf a command contains a placeholder name surrounded in angle brackets such as <pod_name>, for example, then [0m 
         [39m**do not** run that command as-is. First run a `kubectl get` command to find a real name to replace the [0m     
         [39mplaceholder name, then run the suggested command with the replaced name of the resource. For example, if you [0m
         [39msee `kubectl logs <pod_name[0m[1m>[0m -n example_namespace`, first run `kubectl get pods -n example_namespace` and use
         the name of the first pod you see.                                                                           
         Do not use live feed flags when checking the logs such as [32m'kubectl logs -f'[0m                                  
         If you do not conclude on an answer or a code then try again please.                                         
         Do not use commands like vim or vi                                                                           
         Do not use commands that open up editors like [32m'kubectl edit'[0m                                                 
[32mDEBUG   [0m ============== user ==============                                                                           
[32mDEBUG   [0m Perform the actions suggested here:                                                                          
         [1;36m1[0m. Update the Dockerfile to install the missing Python dependency [1m([0mrequests[1m)[0m. This edits the existing RUN    
         line to install requests via pip3.                                                                           
         ```bash                                                                                                      
         sed -i [32m's|apt-get update && apt-get install -y python3 python3-pip && rm -rf /var/lib/apt/lists/*|apt-get [0m   
         [32mupdate && apt-get install -y python3 python3-pip && pip3 install requests && rm -rf /var/lib/apt/lists/*|'[0m   
         [35m/home/adibam/KubeLLM/debug_assistant_latest/troubleshooting/readiness_missing_dependency_transitive/[0m[95mDockerfil[0m
         [95me[0m                                                                                                            
         ```                                                                                                          
                                                                                                                      
         [1;36m2[0m. Build the image into the active minikube profile [1m([0mthe Pod uses imagePullPolicy: Never so the local image  
         name must match[1m)[0m. Replace the context and Dockerfile path as needed [1m([0mhere using the provided paths[1m)[0m.         
         ```bash                                                                                                      
         [33mPROFILE[0m=$[1m{[0mMINIKUBE_PROFILE:-$[1m([0mkubectl config current-context[1m)[0m[1m}[0m                                               
         minikube -p [32m"$PROFILE"[0m image build -t kube-readiness-transitive-dependency-app:latest -f                     
         [35m/home/adibam/KubeLLM/debug_assistant_latest/troubleshooting/readiness_missing_dependency_transitive/[0m[95mDockerfil[0m
         [95me[0m [35m/home/adibam/KubeLLM/debug_assistant_latest/troubleshooting/[0m[95mreadiness_missing_dependency_transitive[0m        
         ```                                                                                                          
                                                                                                                      
         [1;36m3[0m. Recreate the Pod so it picks up the rebuilt image [1m([0mdelete then apply the manifest[1m)[0m.                       
         ```bash                                                                                                      
         kubectl delete pod readiness-transitive-dependency-app --ignore-not-found                                    
         kubectl apply -f                                                                                             
         [35m/home/adibam/KubeLLM/debug_assistant_latest/troubleshooting/readiness_missing_dependency_transitive/[0m[95mreadiness[0m
         [95m_missing_dependency_transitive.yaml[0m                                                                          
         ```                                                                                                          
                                                                                                                      
         [1;36m4[0m. Verify the Pod starts and check logs to confirm the ModuleNotFoundError is resolved.                      
         ```bash                                                                                                      
         kubectl get pod readiness-transitive-dependency-app -o wide                                                  
         kubectl logs readiness-transitive-dependency-app                                                             
         ```                                                                                                          
                                                                                                                      
         The relevant configuration file is located in this path:                                                     
         [35m/home/adibam/KubeLLM/debug_assistant_latest/troubleshooting/readiness_missing_dependency_transitive/[0m[95mreadiness[0m
         [95m_missing_dependency_transitive.yaml[0m                                                                          
         You can update these files if necessary. If any files are updated, make sure to delete and reapply the       
         configuration file.                                                                                          
         Do not use live feed flags when checking the logs such as [32m'kubectl logs -f'[0m                                  
         ### Tool Usage Rules                                                                                         
         - Do not attempt many commands in one tool call.                                                             
         - Never repeat a tool call that has already been executed successfully in this run.                          
         - If you need the result of a previous tool call, use the provided output rather than re-invoking it.        
         - Keep the tool call as simple as possible to avoid errors.                                                  
         - Do not run long-lived or background commands such as `kubectl port-forward`, `Start-Process`, or `kubectl  
         logs -f`; prefer single-shot commands that exit on their own.                                                
         - Do not use `kubectl port-forward`, background verification, `kubectl logs -f`, or `kubectl get -w`.        
         - For reachability checks, use the access path defined by the scenario: if a Service exists, verify via      
         Service/endpoints/service-routed access; if no Service exists, use bounded direct checks such as `kubectl    
         exec` with an in-container one-shot HTTP request.                                                            
         - Prefer one-shot application checks such as `kubectl exec [1m<[0m[1;95mpod[0m[39m> -- python3 -c [0m[32m"import urllib.request; [0m      
         [32mprint[0m[32m([0m[32murllib.request.urlopen[0m[32m([0m[32m'http://127.0.0.1:<port[0m[32m>[0m[32m/'[0m[32m)[0m[32m.getcode[0m[32m([0m[32m)[0m[32m)[0m[32m"[0m` when Python is available in the        
         container.                                                                                                   
                                                                                                                      
[32mDEBUG   [0m ============== assistant ==============                                                                      
[32mDEBUG   [0m Tool Calls: [1m[[0m                                                                                                
           [1m{[0m                                                                                                          
             [32m"type"[0m: [32m"function"[0m,                                                                                      
             [32m"function"[0m: [1m{[0m                                                                                            
               [32m"name"[0m: [32m"run_shell_command"[0m,                                                                           
               [32m"arguments"[0m: [32m"[0m[32m{[0m[32m\"command\": \"cat [0m                                                                     
         [32m/home/adibam/KubeLLM/debug_assistant_latest/troubleshooting/readiness_missing_dependency_transitive/Dockerfil[0m
         [32me\"[0m[32m}[0m[32m"[0m                                                                                                        
             [1m}[0m                                                                                                        
           [1m}[0m,                                                                                                         
           [1m{[0m                                                                                                          
             [32m"type"[0m: [32m"function"[0m,                                                                                      
             [32m"function"[0m: [1m{[0m                                                                                            
               [32m"name"[0m: [32m"run_shell_command"[0m,                                                                           
               [32m"arguments"[0m: [32m"[0m[32m{[0m[32m\"command\": \"kubectl get pods -A 2>/dev/null; kubectl config current-context\"[0m[32m}[0m[32m"[0m      
             [1m}[0m                                                                                                        
           [1m}[0m                                                                                                          
         [1m][0m                                                                                                            
[32mDEBUG   [0m ============== tool ==============                                                                           
[32mDEBUG   [0m FROM ubuntu:[1;36m20.04[0m                                                                                            
         RUN apt-get update && apt-get install -y python3 python3-pip && rm -rf [35m/var/lib/apt/lists/[0m*                  
         WORKDIR [35m/[0m[95mapp[0m                                                                                                 
         COPY helper_config.py [35m/app/[0m[95mhelper_config.py[0m                                                                  
         COPY server.py [35m/app/[0m[95mserver.py[0m                                                                                
         EXPOSE [1;36m8080[0m                                                                                                  
         CMD [1m[[0m[32m"python3"[0m, [32m"server.py"[0m[1m][0m                                                                                 
                                                                                                                      
[32mDEBUG   [0m ============== tool ==============                                                                           
[32mDEBUG   [0m NAMESPACE     NAME                                  READY   STATUS             RESTARTS      AGE             
         default       readiness-transitive-dependency-app   [1;36m0[0m/[1;36m1[0m     CrashLoopBackOff   [1;36m3[0m [1m([0m34s ago[1m)[0m   77s             
         kube-system   coredns-6f6b679f8f-5zkx6              [1;36m1[0m/[1;36m1[0m     Running            [1;36m3[0m [1m([0m22d ago[1m)[0m   23d             
         kube-system   etcd-minikube                         [1;36m1[0m/[1;36m1[0m     Running            [1;36m3[0m [1m([0m22d ago[1m)[0m   23d             
         kube-system   kube-apiserver-minikube               [1;36m1[0m/[1;36m1[0m     Running            [1;36m3[0m [1m([0m22d ago[1m)[0m   23d             
         kube-system   kube-controller-manager-minikube      [1;36m1[0m/[1;36m1[0m     Running            [1;36m3[0m [1m([0m22d ago[1m)[0m   23d             
         kube-system   kube-proxy-28xkt                      [1;36m1[0m/[1;36m1[0m     Running            [1;36m3[0m [1m([0m22d ago[1m)[0m   23d             
         kube-system   kube-scheduler-minikube               [1;36m1[0m/[1;36m1[0m     Running            [1;36m3[0m [1m([0m22d ago[1m)[0m   23d             
         kube-system   storage-provisioner                   [1;36m1[0m/[1;36m1[0m     Running            [1;36m6[0m [1m([0m22d ago[1m)[0m   23d             
         minikube                                                                                                     
                                                                                                                      
[32mDEBUG   [0m ============== assistant ==============                                                                      
[32mDEBUG   [0m Tool Calls: [1m[[0m                                                                                                
           [1m{[0m                                                                                                          
             [32m"type"[0m: [32m"function"[0m,                                                                                      
             [32m"function"[0m: [1m{[0m                                                                                            
               [32m"name"[0m: [32m"run_shell_command"[0m,                                                                           
               [32m"arguments"[0m: [32m"[0m[32m{[0m[32m\"command\": \"cat [0m                                                                     
         [32m/home/adibam/KubeLLM/debug_assistant_latest/troubleshooting/readiness_missing_dependency_transitive/Dockerfil[0m
         [32me; echo ---; cat [0m                                                                                            
         [32m/home/adibam/KubeLLM/debug_assistant_latest/troubleshooting/readiness_missing_dependency_transitive/server.py[0m
         [32m; echo ---; cat [0m                                                                                             
         [32m/home/adibam/KubeLLM/debug_assistant_latest/troubleshooting/readiness_missing_dependency_transitive/helper_co[0m
         [32mnfig.py\"[0m[32m}[0m[32m"[0m                                                                                                  
             [1m}[0m                                                                                                        
           [1m}[0m,                                                                                                         
           [1m{[0m                                                                                                          
             [32m"type"[0m: [32m"function"[0m,                                                                                      
             [32m"function"[0m: [1m{[0m                                                                                            
               [32m"name"[0m: [32m"run_shell_command"[0m,                                                                           
               [32m"arguments"[0m: [32m"[0m[32m{[0m[32m\"command\": \"kubectl logs readiness-transitive-dependency-app --[0m[32mtail[0m[32m=[0m[32m50[0m[32m\"[0m[32m}[0m[32m"[0m           
             [1m}[0m                                                                                                        
           [1m}[0m                                                                                                          
         [1m][0m                                                                                                            
[32mDEBUG   [0m ============== tool ==============                                                                           
[32mDEBUG   [0m FROM ubuntu:[1;36m20.04[0m                                                                                            
         RUN apt-get update && apt-get install -y python3 python3-pip && rm -rf [35m/var/lib/apt/lists/[0m*                  
         WORKDIR [35m/[0m[95mapp[0m                                                                                                 
         COPY helper_config.py [35m/app/[0m[95mhelper_config.py[0m                                                                  
         COPY server.py [35m/app/[0m[95mserver.py[0m                                                                                
         EXPOSE [1;36m8080[0m                                                                                                  
         CMD [1m[[0m[32m"python3"[0m, [32m"server.py"[0m[1m][0m                                                                                 
         ---                                                                                                          
         from http.server import HTTPServer, BaseHTTPRequestHandler                                                   
         from helper_config import STATUS_TEXT                                                                        
                                                                                                                      
         class [1;35mHandler[0m[1m([0mBaseHTTPRequestHandler[1m)[0m:                                                                       
             def [1;35mdo_[0m[1;33mGET[0m[1m([0mself[1m)[0m:                                                                                        
                 if self.path == [32m"/ready"[0m:                                                                            
                     [1;35mself.send_response[0m[1m([0m[1;36m200[0m[1m)[0m                                                                          
                     [1;35mself.end_headers[0m[1m([0m[1m)[0m                                                                               
                     [1;35mself.wfile.write[0m[1m([0m[1;35mstr[0m[1m([0mSTATUS_TEXT[1m)[0m[1;35m.encode[0m[1m([0m[1m)[0m[1m)[0m                                                      
                 else:                                                                                                
                     [1;35mself.send_response[0m[1m([0m[1;36m200[0m[1m)[0m                                                                          
                     [1;35mself.end_headers[0m[1m([0m[1m)[0m                                                                               
                     [1;35mself.wfile.write[0m[1m([0m[32mb"ok"[0m[1m)[0m                                                                          
         [1;35mHTTPServer[0m[1m([0m[1m([0m[32m"0.0.0.0"[0m, [1;36m8080[0m[1m)[0m, Handler[1m)[0m[1;35m.serve_forever[0m[1m([0m[1m)[0m                                                       
         ---                                                                                                          
         import requests                                                                                              
         STATUS_TEXT = requests.codes.ok                                                                              
                                                                                                                      
[32mDEBUG   [0m ============== tool ==============                                                                           
[32mDEBUG   [0m Traceback [1m([0mmost recent call last[1m)[0m:                                                                           
           File [32m"server.py"[0m, line [1;36m2[0m, in [1m<[0m[1;95mmodule[0m[39m>[0m                                                                      
         [39m    from helper_config import STATUS_TEXT[0m                                                                    
         [39m  File [0m[32m"/app/helper_config.py"[0m[39m, line [0m[1;36m1[0m[39m, in <module[0m[1m>[0m                                                          
             import requests                                                                                          
         ModuleNotFoundError: No module named [32m'requests'[0m                                                              
                                                                                                                      
[32mDEBUG   [0m ============== assistant ==============                                                                      
[32mDEBUG   [0m Tool Calls: [1m[[0m                                                                                                
           [1m{[0m                                                                                                          
             [32m"type"[0m: [32m"function"[0m,                                                                                      
             [32m"function"[0m: [1m{[0m                                                                                            
               [32m"name"[0m: [32m"run_shell_command"[0m,                                                                           
               [32m"arguments"[0m: [32m"[0m[32m{[0m[32m\"command\": \"sed -i 's|apt-get update && apt-get install -y python3 python3-pip && rm [0m
         [32m-rf /var/lib/apt/lists/\\\\*|apt-get update && apt-get install -y python3 python3-pip && pip3 install [0m       
         [32mrequests && rm -rf /var/lib/apt/lists/*|' [0m                                                                   
         [32m/home/adibam/KubeLLM/debug_assistant_latest/troubleshooting/readiness_missing_dependency_transitive/Dockerfil[0m
         [32me && cat [0m                                                                                                    
         [32m/home/adibam/KubeLLM/debug_assistant_latest/troubleshooting/readiness_missing_dependency_transitive/Dockerfil[0m
         [32me\"[0m[32m}[0m[32m"[0m                                                                                                        
             [1m}[0m                                                                                                        
           [1m}[0m                                                                                                          
         [1m][0m                                                                                                            
[32mDEBUG   [0m ============== tool ==============                                                                           
[32mDEBUG   [0m FROM ubuntu:[1;36m20.04[0m                                                                                            
         RUN apt-get update apt-get update && apt-get install -y python3 python3-pip && rm -rf                        
         [35m/var/lib/apt/lists/[0m*apt-get update && apt-get install -y python3 python3-pip && rm -rf [35m/var/lib/apt/lists/[0m*  
         apt-get install -y python3 python3-pip apt-get update && apt-get install -y python3 python3-pip && rm -rf    
         [35m/var/lib/apt/lists/[0m*apt-get update && apt-get install -y python3 python3-pip && rm -rf [35m/var/lib/apt/lists/[0m*  
         pip3 install requests apt-get update && apt-get install -y python3 python3-pip && rm -rf                     
         [35m/var/lib/apt/lists/[0m*apt-get update && apt-get install -y python3 python3-pip && rm -rf [35m/var/lib/apt/lists/[0m*  
         rm -rf [35m/var/lib/apt/lists/[0m*                                                                                  
         WORKDIR [35m/[0m[95mapp[0m                                                                                                 
         COPY helper_config.py [35m/app/[0m[95mhelper_config.py[0m                                                                  
         COPY server.py [35m/app/[0m[95mserver.py[0m                                                                                
         EXPOSE [1;36m8080[0m                                                                                                  
         CMD [1m[[0m[32m"python3"[0m, [32m"server.py"[0m[1m][0m                                                                                 
                                                                                                                      
[32mDEBUG   [0m ============== assistant ==============                                                                      
[32mDEBUG   [0m Tool Calls: [1m[[0m                                                                                                
           [1m{[0m                                                                                                          
             [32m"type"[0m: [32m"function"[0m,                                                                                      
             [32m"function"[0m: [1m{[0m                                                                                            
               [32m"name"[0m: [32m"run_shell_command"[0m,                                                                           
               [32m"arguments"[0m: [32m"[0m[32m{[0m[32m\"command\": \"cat > [0m                                                                   
         [32m/home/adibam/KubeLLM/debug_assistant_latest/troubleshooting/readiness_missing_dependency_transitive/Dockerfil[0m
         [32me <<'EOF'\\nFROM ubuntu:20.04\\nRUN apt-get update && apt-get install -y python3 python3-pip && pip3 install [0m
         [32mrequests && rm -rf /var/lib/apt/lists/*\\nWORKDIR /app\\nCOPY helper_config.py /app/helper_config.py\\nCOPY [0m 
         [32mserver.py /app/server.py\\nEXPOSE 8080\\nCMD [0m[32m[[0m[32m\\\"python3\\\", \\\"server.py\\\"[0m[32m][0m[32m\\nEOF\\ncat [0m               
         [32m/home/adibam/KubeLLM/debug_assistant_latest/troubleshooting/readiness_missing_dependency_transitive/Dockerfil[0m
         [32me\"[0m[32m}[0m[32m"[0m                                                                                                        
             [1m}[0m                                                                                                        
           [1m}[0m                                                                                                          
         [1m][0m                                                                                                            
[32mDEBUG   [0m ============== tool ==============                                                                           
[32mDEBUG   [0m FROM ubuntu:[1;36m20.04[0m                                                                                            
         RUN apt-get update && apt-get install -y python3 python3-pip && pip3 install requests && rm -rf              
         [35m/var/lib/apt/lists/[0m*                                                                                         
         WORKDIR [35m/[0m[95mapp[0m                                                                                                 
         COPY helper_config.py [35m/app/[0m[95mhelper_config.py[0m                                                                  
         COPY server.py [35m/app/[0m[95mserver.py[0m                                                                                
         EXPOSE [1;36m8080[0m                                                                                                  
         CMD [1m[[0m[32m"python3"[0m, [32m"server.py"[0m[1m][0m                                                                                 
                                                                                                                      
[32mDEBUG   [0m ============== assistant ==============                                                                      
[32mDEBUG   [0m The Dockerfile is now correctly updated. Let me build the image into the active minikube profile.            
[32mDEBUG   [0m Tool Calls: [1m[[0m                                                                                                
           [1m{[0m                                                                                                          
             [32m"type"[0m: [32m"function"[0m,                                                                                      
             [32m"function"[0m: [1m{[0m                                                                                            
               [32m"name"[0m: [32m"run_shell_command"[0m,                                                                           
               [32m"arguments"[0m: [32m"[0m[32m{[0m[32m\"command\": \"cat [0m                                                                     
         [32m/home/adibam/KubeLLM/debug_assistant_latest/troubleshooting/readiness_missing_dependency_transitive/readiness[0m
         [32m_missing_dependency_transitive.yaml; echo ---; kubectl config current-context\"[0m[32m}[0m[32m"[0m                            
             [1m}[0m                                                                                                        
           [1m}[0m                                                                                                          
         [1m][0m                                                                                                            
[32mDEBUG   [0m ============== tool ==============                                                                           
[32mDEBUG   [0m apiVersion: v1                                                                                               
         kind: Pod                                                                                                    
         metadata:                                                                                                    
           name: readiness-transitive-dependency-app                                                                  
           labels:                                                                                                    
             app: readiness-transitive-dependency-app                                                                 
         spec:                                                                                                        
           containers:                                                                                                
           - name: app                                                                                                
             image: kube-readiness-transitive-dependency-app:latest                                                   
             imagePullPolicy: Never                                                                                   
             ports:                                                                                                   
             - containerPort: [1;36m8080[0m                                                                                    
             readinessProbe:                                                                                          
               httpGet:                                                                                               
                 path: [35m/[0m[95mready[0m                                                                                         
                 port: [1;36m8080[0m                                                                                           
               initialDelaySeconds: [1;36m2[0m                                                                                 
               periodSeconds: [1;36m3[0m                                                                                       
         ---                                                                                                          
         minikube                                                                                                     
                                                                                                                      
[32mDEBUG   [0m ============== assistant ==============                                                                      
[32mDEBUG   [0m Now let me build the image into the active minikube profile.                                                 
[32mDEBUG   [0m Tool Calls: [1m[[0m                                                                                                
           [1m{[0m                                                                                                          
             [32m"type"[0m: [32m"function"[0m,                                                                                      
             [32m"function"[0m: [1m{[0m                                                                                            
               [32m"name"[0m: [32m"run_shell_command"[0m,                                                                           
               [32m"arguments"[0m: [32m"[0m[32m{[0m[32m\"command\": \"minikube -p minikube image build -t [0m                                     
         [32mkube-readiness-transitive-dependency-app:latest -f [0m                                                          
         [32m/home/adibam/KubeLLM/debug_assistant_latest/troubleshooting/readiness_missing_dependency_transitive/Dockerfil[0m
         [32me /home/adibam/KubeLLM/debug_assistant_latest/troubleshooting/readiness_missing_dependency_transitive\"[0m[32m}[0m[32m"[0m    
             [1m}[0m                                                                                                        
           [1m}[0m                                                                                                          
         [1m][0m                                                                                                            
[32mDEBUG   [0m ============== tool ==============                                                                           
[32mDEBUG   [0m ============== assistant ==============                                                                      
[32mDEBUG   [0m The image built successfully. Now let me recreate the Pod to pick up the rebuilt image.                      
[32mDEBUG   [0m Tool Calls: [1m[[0m                                                                                                
           [1m{[0m                                                                                                          
             [32m"type"[0m: [32m"function"[0m,                                                                                      
             [32m"function"[0m: [1m{[0m                                                                                            
               [32m"name"[0m: [32m"run_shell_command"[0m,                                                                           
               [32m"arguments"[0m: [32m"[0m[32m{[0m[32m\"command\": \"kubectl delete pod readiness-transitive-dependency-app [0m                  
         [32m--ignore-not-found\"[0m[32m}[0m[32m"[0m                                                                                       
             [1m}[0m                                                                                                        
           [1m}[0m                                                                                                          
         [1m][0m                                                                                                            
[32mDEBUG   [0m ============== tool ==============                                                                           
[32mDEBUG   [0m pod [32m"readiness-transitive-dependency-app"[0m deleted from default namespace                                     
                                                                                                                      
[32mDEBUG   [0m ============== assistant ==============                                                                      
[32mDEBUG   [0m Tool Calls: [1m[[0m                                                                                                
           [1m{[0m                                                                                                          
             [32m"type"[0m: [32m"function"[0m,                                                                                      
             [32m"function"[0m: [1m{[0m                                                                                            
               [32m"name"[0m: [32m"run_shell_command"[0m,                                                                           
               [32m"arguments"[0m: [32m"[0m[32m{[0m[32m\"command\": \"kubectl apply -f [0m                                                        
         [32m/home/adibam/KubeLLM/debug_assistant_latest/troubleshooting/readiness_missing_dependency_transitive/readiness[0m
         [32m_missing_dependency_transitive.yaml\"[0m[32m}[0m[32m"[0m                                                                      
             [1m}[0m                                                                                                        
           [1m}[0m                                                                                                          
         [1m][0m                                                                                                            
[32mDEBUG   [0m ============== tool ==============                                                                           
[32mDEBUG   [0m pod/readiness-transitive-dependency-app created                                                              
                                                                                                                      
[32mDEBUG   [0m ============== assistant ==============                                                                      
[32mDEBUG   [0m Let me wait a moment for the pod to start, then verify its status and logs.                                  
[32mDEBUG   [0m Tool Calls: [1m[[0m                                                                                                
           [1m{[0m                                                                                                          
             [32m"type"[0m: [32m"function"[0m,                                                                                      
             [32m"function"[0m: [1m{[0m                                                                                            
               [32m"name"[0m: [32m"run_shell_command"[0m,                                                                           
               [32m"arguments"[0m: [32m"[0m[32m{[0m[32m\"command\": \"sleep 5 && kubectl get pod readiness-transitive-dependency-app -o [0m       
         [32mwide\"[0m[32m}[0m[32m"[0m                                                                                                     
             [1m}[0m                                                                                                        
           [1m}[0m                                                                                                          
         [1m][0m                                                                                                            
[32mDEBUG   [0m ============== tool ==============                                                                           
[32mDEBUG   [0m NAME                                  READY   STATUS             RESTARTS      AGE   IP             NODE     
         NOMINATED NODE   READINESS GATES                                                                             
         readiness-transitive-dependency-app   [1;36m0[0m/[1;36m1[0m     CrashLoopBackOff   [1;36m2[0m [1m([0m25s ago[1m)[0m   42s   [1;92m10.244.2.180[0m   minikube 
         [1m<[0m[1;95mnone[0m[39m>           <none[0m[1m>[0m                                                                                      
                                                                                                                      
[32mDEBUG   [0m ============== assistant ==============                                                                      
[32mDEBUG   [0m Tool Calls: [1m[[0m                                                                                                
           [1m{[0m                                                                                                          
             [32m"type"[0m: [32m"function"[0m,                                                                                      
             [32m"function"[0m: [1m{[0m                                                                                            
               [32m"name"[0m: [32m"run_shell_command"[0m,                                                                           
               [32m"arguments"[0m: [32m"[0m[32m{[0m[32m\"command\": \"kubectl logs readiness-transitive-dependency-app\"[0m[32m}[0m[32m"[0m                     
             [1m}[0m                                                                                                        
           [1m}[0m                                                                                                          
         [1m][0m                                                                                                            
[32mDEBUG   [0m ============== tool ==============                                                                           
[32mDEBUG   [0m Traceback [1m([0mmost recent call last[1m)[0m:                                                                           
           File [32m"server.py"[0m, line [1;36m2[0m, in [1m<[0m[1;95mmodule[0m[39m>[0m                                                                      
         [39m    from helper_config import STATUS_TEXT[0m                                                                    
         [39m  File [0m[32m"/app/helper_config.py"[0m[39m, line [0m[1;36m1[0m[39m, in <module[0m[1m>[0m                                                          
             import requests                                                                                          
         ModuleNotFoundError: No module named [32m'requests'[0m                                                              
                                                                                                                      
[32mDEBUG   [0m ============== assistant ==============                                                                      
[32mDEBUG   [0m Tool Calls: [1m[[0m                                                                                                
           [1m{[0m                                                                                                          
             [32m"type"[0m: [32m"function"[0m,                                                                                      
             [32m"function"[0m: [1m{[0m                                                                                            
               [32m"name"[0m: [32m"run_shell_command"[0m,                                                                           
               [32m"arguments"[0m: [32m"[0m[32m{[0m[32m\"command\": \"minikube -p minikube image ls | grep -i kube-readiness\"[0m[32m}[0m[32m"[0m               
             [1m}[0m                                                                                                        
           [1m}[0m                                                                                                          
         [1m][0m                                                                                                            
[32mDEBUG   [0m ============== tool ==============                                                                           
[32mDEBUG   [0m docker.io/library/kube-readiness-transitive-dependency-app:latest                                            
         docker.io/library/kube-readiness-slow-start-app:latest                                                       
         docker.io/library/kube-readiness-missing-dependency-app:latest                                               
                                                                                                                      
[32mDEBUG   [0m ============== assistant ==============                                                                      
[32mDEBUG   [0m Tool Calls: [1m[[0m                                                                                                
           [1m{[0m                                                                                                          
             [32m"type"[0m: [32m"function"[0m,                                                                                      
             [32m"function"[0m: [1m{[0m                                                                                            
               [32m"name"[0m: [32m"run_shell_command"[0m,                                                                           
               [32m"arguments"[0m: [32m"[0m[32m{[0m[32m\"command\": \"kubectl get pod readiness-transitive-dependency-app -o [0m                  
         [32mjsonpath[0m[32m='[0m[32m{[0m[32m.spec.containers[0m[32m[[0m[32m*[0m[32m][0m[32m.image[0m[32m}[0m[32m'\"[0m[32m}[0m[32m"[0m                                                                   
             [1m}[0m                                                                                                        
           [1m}[0m                                                                                                          
         [1m][0m                                                                                                            
[32mDEBUG   [0m ============== tool ==============                                                                           
[32mDEBUG   [0m kube-readiness-transitive-dependency-app:latest                                                              
[32mDEBUG   [0m ============== assistant ==============                                                                      
[32mDEBUG   [0m The image exists but the pod still fails. Let me inspect the image to see if requests was actually installed.
[32mDEBUG   [0m Tool Calls: [1m[[0m                                                                                                
           [1m{[0m                                                                                                          
             [32m"type"[0m: [32m"function"[0m,                                                                                      
             [32m"function"[0m: [1m{[0m                                                                                            
               [32m"name"[0m: [32m"run_shell_command"[0m,                                                                           
               [32m"arguments"[0m: [32m"[0m[32m{[0m[32m\"command\": \"docker run --rm kube-readiness-transitive-dependency-app:latest python3 [0m 
         [32m-c \\\"import requests; print[0m[32m([0m[32mrequests.__version__[0m[32m)[0m[32m\\\" 2>&1 | head -20\"[0m[32m}[0m[32m"[0m                                  
             [1m}[0m                                                                                                        
           [1m}[0m                                                                                                          
         [1m][0m                                                                                                            
[32mDEBUG   [0m ============== tool ==============                                                                           
[32mDEBUG   [0m Unable to find image [32m'kube-readiness-transitive-dependency-app:latest'[0m locally                               
         docker: Error response from daemon: pull access denied for kube-readiness-transitive-dependency-app,         
         repository does not exist or may require [32m'docker login'[0m: denied: requested access to the resource is denied. 
         See [32m'docker run --help'[0m.                                                                                     
                                                                                                                      
[32mDEBUG   [0m ============== assistant ==============                                                                      
[32mDEBUG   [0m The minikube node can't find the image. Let me check minikube's docker environment.                          
[32mDEBUG   [0m Tool Calls: [1m[[0m                                                                                                
           [1m{[0m                                                                                                          
             [32m"type"[0m: [32m"function"[0m,                                                                                      
             [32m"function"[0m: [1m{[0m                                                                                            
               [32m"name"[0m: [32m"run_shell_command"[0m,                                                                           
               [32m"arguments"[0m: [32m"[0m[32m{[0m[32m\"command\": \"minikube ip; echo \\\"---\\\"; minikube -p minikube image ls | grep [0m     
         [32mtransitive\"[0m[32m}[0m[32m"[0m                                                                                               
             [1m}[0m                                                                                                        
           [1m}[0m                                                                                                          
         [1m][0m                                                                                                            
[32mDEBUG   [0m **************** METRICS START ****************                                                              
[32mDEBUG   [0m * Time to generate response:   [1;36m47.[0m0120s                                                                      
[32mDEBUG   [0m * Tokens per second:           [1;36m5.3178[0m tokens/s                                                               
[32mDEBUG   [0m * Input tokens:                [1;36m3169[0m                                                                          
[32mDEBUG   [0m * Output tokens:               [1;36m250[0m                                                                           
[32mDEBUG   [0m * Total tokens:                [1;36m3419[0m                                                                          
[32mDEBUG   [0m **************** METRICS END ******************                                                              
[32mDEBUG   [0m Getting function run_shell_command                                                                           
[32mDEBUG   [0m Running: [1;35mrun_shell_command[0m[1m([0m[33mcommand[0m=[35mminikube[0m ip; echo [32m"---"[0m; minikube -p minikube image ls | grep transitive[1m)[0m 
[34mINFO    [0m Running shell command: minikube ip; echo [32m"---"[0m; minikube -p minikube image ls | grep transitive              
[32mDEBUG   [0m Return code: [1;36m0[0m                                                                                               
[32mDEBUG   [0m ---------- Ollama Response Start ----------                                                                  
[32mDEBUG   [0m ============== system ==============                                                                         
[32mDEBUG   [0m ## Instructions                                                                                              
         - If all and only all commands fail to execute, declare that there was an error in trying to solve the issue,
         and end that statement with this token: [1m<[0m[1;95m|ERROR|[0m[39m>.[0m                                                           
         [39m- You have solved this issue only when the original user-visible problem is fixed in the live cluster. Verify[0m
         [39mthe relevant Kubernetes resources and application behavior with commands before declaring success; pod [0m      
         [39mRunning/Ready status alone is not sufficient unless the original problem is only pod startup.[0m                
         [39m- After every step, check whether the original problem is fixed in the live cluster. If you changed [0m         
         [39mmanifests, images, or cluster configuration, apply the change and verify the live resource state reflects it [0m
         [39mbefore declaring success.[0m                                                                                    
         [39m- If you believe you have met the goal, declare that you have solved the user's issue, and end that statement[0m
         [39mwith this token: <|SOLVED|>.[0m                                                                                 
         [39m- If the steps do not solve the issue, or if you need more information, declare that you cannot solve the [0m   
         [39missue, and end that statement with this token: <|FAILED|>.[0m                                                   
         [39m- Do not use live feed flags when checking the logs such as [0m[32m'kubectl logs -f'[0m                                
         [39m- Do not use commands like vim or vi[0m                                                                         
         [39m- Do not use commands that open up editors like [0m[32m'kubectl edit'[0m                                               
         [39m- Use markdown to format your answers.[0m                                                                       
                                                                                                                      
         [39m## Guidelines[0m                                                                                                
         [39mIf a command invocation is successful but gives no stdout nor stderr, then that is because that invocation [0m  
         [39mresulted in no output to stdout or stderr.[0m                                                                   
         [39mIf a command contains a placeholder name surrounded in angle brackets such as <pod_name>, for example, then [0m 
         [39m**do not** run that command as-is. First run a `kubectl get` command to find a real name to replace the [0m     
         [39mplaceholder name, then run the suggested command with the replaced name of the resource. For example, if you [0m
         [39msee `kubectl logs <pod_name[0m[1m>[0m -n example_namespace`, first run `kubectl get pods -n example_namespace` and use
         the name of the first pod you see.                                                                           
         Do not use live feed flags when checking the logs such as [32m'kubectl logs -f'[0m                                  
         If you do not conclude on an answer or a code then try again please.                                         
         Do not use commands like vim or vi                                                                           
         Do not use commands that open up editors like [32m'kubectl edit'[0m                                                 
[32mDEBUG   [0m ============== user ==============                                                                           
[32mDEBUG   [0m Perform the actions suggested here:                                                                          
         [1;36m1[0m. Update the Dockerfile to install the missing Python dependency [1m([0mrequests[1m)[0m. This edits the existing RUN    
         line to install requests via pip3.                                                                           
         ```bash                                                                                                      
         sed -i [32m's|apt-get update && apt-get install -y python3 python3-pip && rm -rf /var/lib/apt/lists/*|apt-get [0m   
         [32mupdate && apt-get install -y python3 python3-pip && pip3 install requests && rm -rf /var/lib/apt/lists/*|'[0m   
         [35m/home/adibam/KubeLLM/debug_assistant_latest/troubleshooting/readiness_missing_dependency_transitive/[0m[95mDockerfil[0m
         [95me[0m                                                                                                            
         ```                                                                                                          
                                                                                                                      
         [1;36m2[0m. Build the image into the active minikube profile [1m([0mthe Pod uses imagePullPolicy: Never so the local image  
         name must match[1m)[0m. Replace the context and Dockerfile path as needed [1m([0mhere using the provided paths[1m)[0m.         
         ```bash                                                                                                      
         [33mPROFILE[0m=$[1m{[0mMINIKUBE_PROFILE:-$[1m([0mkubectl config current-context[1m)[0m[1m}[0m                                               
         minikube -p [32m"$PROFILE"[0m image build -t kube-readiness-transitive-dependency-app:latest -f                     
         [35m/home/adibam/KubeLLM/debug_assistant_latest/troubleshooting/readiness_missing_dependency_transitive/[0m[95mDockerfil[0m
         [95me[0m [35m/home/adibam/KubeLLM/debug_assistant_latest/troubleshooting/[0m[95mreadiness_missing_dependency_transitive[0m        
         ```                                                                                                          
                                                                                                                      
         [1;36m3[0m. Recreate the Pod so it picks up the rebuilt image [1m([0mdelete then apply the manifest[1m)[0m.                       
         ```bash                                                                                                      
         kubectl delete pod readiness-transitive-dependency-app --ignore-not-found                                    
         kubectl apply -f                                                                                             
         [35m/home/adibam/KubeLLM/debug_assistant_latest/troubleshooting/readiness_missing_dependency_transitive/[0m[95mreadiness[0m
         [95m_missing_dependency_transitive.yaml[0m                                                                          
         ```                                                                                                          
                                                                                                                      
         [1;36m4[0m. Verify the Pod starts and check logs to confirm the ModuleNotFoundError is resolved.                      
         ```bash                                                                                                      
         kubectl get pod readiness-transitive-dependency-app -o wide                                                  
         kubectl logs readiness-transitive-dependency-app                                                             
         ```                                                                                                          
                                                                                                                      
         The relevant configuration file is located in this path:                                                     
         [35m/home/adibam/KubeLLM/debug_assistant_latest/troubleshooting/readiness_missing_dependency_transitive/[0m[95mreadiness[0m
         [95m_missing_dependency_transitive.yaml[0m                                                                          
         You can update these files if necessary. If any files are updated, make sure to delete and reapply the       
         configuration file.                                                                                          
         Do not use live feed flags when checking the logs such as [32m'kubectl logs -f'[0m                                  
         ### Tool Usage Rules                                                                                         
         - Do not attempt many commands in one tool call.                                                             
         - Never repeat a tool call that has already been executed successfully in this run.                          
         - If you need the result of a previous tool call, use the provided output rather than re-invoking it.        
         - Keep the tool call as simple as possible to avoid errors.                                                  
         - Do not run long-lived or background commands such as `kubectl port-forward`, `Start-Process`, or `kubectl  
         logs -f`; prefer single-shot commands that exit on their own.                                                
         - Do not use `kubectl port-forward`, background verification, `kubectl logs -f`, or `kubectl get -w`.        
         - For reachability checks, use the access path defined by the scenario: if a Service exists, verify via      
         Service/endpoints/service-routed access; if no Service exists, use bounded direct checks such as `kubectl    
         exec` with an in-container one-shot HTTP request.                                                            
         - Prefer one-shot application checks such as `kubectl exec [1m<[0m[1;95mpod[0m[39m> -- python3 -c [0m[32m"import urllib.request; [0m      
         [32mprint[0m[32m([0m[32murllib.request.urlopen[0m[32m([0m[32m'http://127.0.0.1:<port[0m[32m>[0m[32m/'[0m[32m)[0m[32m.getcode[0m[32m([0m[32m)[0m[32m)[0m[32m"[0m` when Python is available in the        
         container.                                                                                                   
                                                                                                                      
[32mDEBUG   [0m ============== assistant ==============                                                                      
[32mDEBUG   [0m Tool Calls: [1m[[0m                                                                                                
           [1m{[0m                                                                                                          
             [32m"type"[0m: [32m"function"[0m,                                                                                      
             [32m"function"[0m: [1m{[0m                                                                                            
               [32m"name"[0m: [32m"run_shell_command"[0m,                                                                           
               [32m"arguments"[0m: [32m"[0m[32m{[0m[32m\"command\": \"cat [0m                                                                     
         [32m/home/adibam/KubeLLM/debug_assistant_latest/troubleshooting/readiness_missing_dependency_transitive/Dockerfil[0m
         [32me\"[0m[32m}[0m[32m"[0m                                                                                                        
             [1m}[0m                                                                                                        
           [1m}[0m,                                                                                                         
           [1m{[0m                                                                                                          
             [32m"type"[0m: [32m"function"[0m,                                                                                      
             [32m"function"[0m: [1m{[0m                                                                                            
               [32m"name"[0m: [32m"run_shell_command"[0m,                                                                           
               [32m"arguments"[0m: [32m"[0m[32m{[0m[32m\"command\": \"kubectl get pods -A 2>/dev/null; kubectl config current-context\"[0m[32m}[0m[32m"[0m      
             [1m}[0m                                                                                                        
           [1m}[0m                                                                                                          
         [1m][0m                                                                                                            
[32mDEBUG   [0m ============== tool ==============                                                                           
[32mDEBUG   [0m FROM ubuntu:[1;36m20.04[0m                                                                                            
         RUN apt-get update && apt-get install -y python3 python3-pip && rm -rf [35m/var/lib/apt/lists/[0m*                  
         WORKDIR [35m/[0m[95mapp[0m                                                                                                 
         COPY helper_config.py [35m/app/[0m[95mhelper_config.py[0m                                                                  
         COPY server.py [35m/app/[0m[95mserver.py[0m                                                                                
         EXPOSE [1;36m8080[0m                                                                                                  
         CMD [1m[[0m[32m"python3"[0m, [32m"server.py"[0m[1m][0m                                                                                 
                                                                                                                      
[32mDEBUG   [0m ============== tool ==============                                                                           
[32mDEBUG   [0m NAMESPACE     NAME                                  READY   STATUS             RESTARTS      AGE             
         default       readiness-transitive-dependency-app   [1;36m0[0m/[1;36m1[0m     CrashLoopBackOff   [1;36m3[0m [1m([0m34s ago[1m)[0m   77s             
         kube-system   coredns-6f6b679f8f-5zkx6              [1;36m1[0m/[1;36m1[0m     Running            [1;36m3[0m [1m([0m22d ago[1m)[0m   23d             
         kube-system   etcd-minikube                         [1;36m1[0m/[1;36m1[0m     Running            [1;36m3[0m [1m([0m22d ago[1m)[0m   23d             
         kube-system   kube-apiserver-minikube               [1;36m1[0m/[1;36m1[0m     Running            [1;36m3[0m [1m([0m22d ago[1m)[0m   23d             
         kube-system   kube-controller-manager-minikube      [1;36m1[0m/[1;36m1[0m     Running            [1;36m3[0m [1m([0m22d ago[1m)[0m   23d             
         kube-system   kube-proxy-28xkt                      [1;36m1[0m/[1;36m1[0m     Running            [1;36m3[0m [1m([0m22d ago[1m)[0m   23d             
         kube-system   kube-scheduler-minikube               [1;36m1[0m/[1;36m1[0m     Running            [1;36m3[0m [1m([0m22d ago[1m)[0m   23d             
         kube-system   storage-provisioner                   [1;36m1[0m/[1;36m1[0m     Running            [1;36m6[0m [1m([0m22d ago[1m)[0m   23d             
         minikube                                                                                                     
                                                                                                                      
[32mDEBUG   [0m ============== assistant ==============                                                                      
[32mDEBUG   [0m Tool Calls: [1m[[0m                                                                                                
           [1m{[0m                                                                                                          
             [32m"type"[0m: [32m"function"[0m,                                                                                      
             [32m"function"[0m: [1m{[0m                                                                                            
               [32m"name"[0m: [32m"run_shell_command"[0m,                                                                           
               [32m"arguments"[0m: [32m"[0m[32m{[0m[32m\"command\": \"cat [0m                                                                     
         [32m/home/adibam/KubeLLM/debug_assistant_latest/troubleshooting/readiness_missing_dependency_transitive/Dockerfil[0m
         [32me; echo ---; cat [0m                                                                                            
         [32m/home/adibam/KubeLLM/debug_assistant_latest/troubleshooting/readiness_missing_dependency_transitive/server.py[0m
         [32m; echo ---; cat [0m                                                                                             
         [32m/home/adibam/KubeLLM/debug_assistant_latest/troubleshooting/readiness_missing_dependency_transitive/helper_co[0m
         [32mnfig.py\"[0m[32m}[0m[32m"[0m                                                                                                  
             [1m}[0m                                                                                                        
           [1m}[0m,                                                                                                         
           [1m{[0m                                                                                                          
             [32m"type"[0m: [32m"function"[0m,                                                                                      
             [32m"function"[0m: [1m{[0m                                                                                            
               [32m"name"[0m: [32m"run_shell_command"[0m,                                                                           
               [32m"arguments"[0m: [32m"[0m[32m{[0m[32m\"command\": \"kubectl logs readiness-transitive-dependency-app --[0m[32mtail[0m[32m=[0m[32m50[0m[32m\"[0m[32m}[0m[32m"[0m           
             [1m}[0m                                                                                                        
           [1m}[0m                                                                                                          
         [1m][0m                                                                                                            
[32mDEBUG   [0m ============== tool ==============                                                                           
[32mDEBUG   [0m FROM ubuntu:[1;36m20.04[0m                                                                                            
         RUN apt-get update && apt-get install -y python3 python3-pip && rm -rf [35m/var/lib/apt/lists/[0m*                  
         WORKDIR [35m/[0m[95mapp[0m                                                                                                 
         COPY helper_config.py [35m/app/[0m[95mhelper_config.py[0m                                                                  
         COPY server.py [35m/app/[0m[95mserver.py[0m                                                                                
         EXPOSE [1;36m8080[0m                                                                                                  
         CMD [1m[[0m[32m"python3"[0m, [32m"server.py"[0m[1m][0m                                                                                 
         ---                                                                                                          
         from http.server import HTTPServer, BaseHTTPRequestHandler                                                   
         from helper_config import STATUS_TEXT                                                                        
                                                                                                                      
         class [1;35mHandler[0m[1m([0mBaseHTTPRequestHandler[1m)[0m:                                                                       
             def [1;35mdo_[0m[1;33mGET[0m[1m([0mself[1m)[0m:                                                                                        
                 if self.path == [32m"/ready"[0m:                                                                            
                     [1;35mself.send_response[0m[1m([0m[1;36m200[0m[1m)[0m                                                                          
                     [1;35mself.end_headers[0m[1m([0m[1m)[0m                                                                               
                     [1;35mself.wfile.write[0m[1m([0m[1;35mstr[0m[1m([0mSTATUS_TEXT[1m)[0m[1;35m.encode[0m[1m([0m[1m)[0m[1m)[0m                                                      
                 else:                                                                                                
                     [1;35mself.send_response[0m[1m([0m[1;36m200[0m[1m)[0m                                                                          
                     [1;35mself.end_headers[0m[1m([0m[1m)[0m                                                                               
                     [1;35mself.wfile.write[0m[1m([0m[32mb"ok"[0m[1m)[0m                                                                          
         [1;35mHTTPServer[0m[1m([0m[1m([0m[32m"0.0.0.0"[0m, [1;36m8080[0m[1m)[0m, Handler[1m)[0m[1;35m.serve_forever[0m[1m([0m[1m)[0m                                                       
         ---                                                                                                          
         import requests                                                                                              
         STATUS_TEXT = requests.codes.ok                                                                              
                                                                                                                      
[32mDEBUG   [0m ============== tool ==============                                                                           
[32mDEBUG   [0m Traceback [1m([0mmost recent call last[1m)[0m:                                                                           
           File [32m"server.py"[0m, line [1;36m2[0m, in [1m<[0m[1;95mmodule[0m[39m>[0m                                                                      
         [39m    from helper_config import STATUS_TEXT[0m                                                                    
         [39m  File [0m[32m"/app/helper_config.py"[0m[39m, line [0m[1;36m1[0m[39m, in <module[0m[1m>[0m                                                          
             import requests                                                                                          
         ModuleNotFoundError: No module named [32m'requests'[0m                                                              
                                                                                                                      
[32mDEBUG   [0m ============== assistant ==============                                                                      
[32mDEBUG   [0m Tool Calls: [1m[[0m                                                                                                
           [1m{[0m                                                                                                          
             [32m"type"[0m: [32m"function"[0m,                                                                                      
             [32m"function"[0m: [1m{[0m                                                                                            
               [32m"name"[0m: [32m"run_shell_command"[0m,                                                                           
               [32m"arguments"[0m: [32m"[0m[32m{[0m[32m\"command\": \"sed -i 's|apt-get update && apt-get install -y python3 python3-pip && rm [0m
         [32m-rf /var/lib/apt/lists/\\\\*|apt-get update && apt-get install -y python3 python3-pip && pip3 install [0m       
         [32mrequests && rm -rf /var/lib/apt/lists/*|' [0m                                                                   
         [32m/home/adibam/KubeLLM/debug_assistant_latest/troubleshooting/readiness_missing_dependency_transitive/Dockerfil[0m
         [32me && cat [0m                                                                                                    
         [32m/home/adibam/KubeLLM/debug_assistant_latest/troubleshooting/readiness_missing_dependency_transitive/Dockerfil[0m
         [32me\"[0m[32m}[0m[32m"[0m                                                                                                        
             [1m}[0m                                                                                                        
           [1m}[0m                                                                                                          
         [1m][0m                                                                                                            
[32mDEBUG   [0m ============== tool ==============                                                                           
[32mDEBUG   [0m FROM ubuntu:[1;36m20.04[0m                                                                                            
         RUN apt-get update apt-get update && apt-get install -y python3 python3-pip && rm -rf                        
         [35m/var/lib/apt/lists/[0m*apt-get update && apt-get install -y python3 python3-pip && rm -rf [35m/var/lib/apt/lists/[0m*  
         apt-get install -y python3 python3-pip apt-get update && apt-get install -y python3 python3-pip && rm -rf    
         [35m/var/lib/apt/lists/[0m*apt-get update && apt-get install -y python3 python3-pip && rm -rf [35m/var/lib/apt/lists/[0m*  
         pip3 install requests apt-get update && apt-get install -y python3 python3-pip && rm -rf                     
         [35m/var/lib/apt/lists/[0m*apt-get update && apt-get install -y python3 python3-pip && rm -rf [35m/var/lib/apt/lists/[0m*  
         rm -rf [35m/var/lib/apt/lists/[0m*                                                                                  
         WORKDIR [35m/[0m[95mapp[0m                                                                                                 
         COPY helper_config.py [35m/app/[0m[95mhelper_config.py[0m                                                                  
         COPY server.py [35m/app/[0m[95mserver.py[0m                                                                                
         EXPOSE [1;36m8080[0m                                                                                                  
         CMD [1m[[0m[32m"python3"[0m, [32m"server.py"[0m[1m][0m                                                                                 
                                                                                                                      
[32mDEBUG   [0m ============== assistant ==============                                                                      
[32mDEBUG   [0m Tool Calls: [1m[[0m                                                                                                
           [1m{[0m                                                                                                          
             [32m"type"[0m: [32m"function"[0m,                                                                                      
             [32m"function"[0m: [1m{[0m                                                                                            
               [32m"name"[0m: [32m"run_shell_command"[0m,                                                                           
               [32m"arguments"[0m: [32m"[0m[32m{[0m[32m\"command\": \"cat > [0m                                                                   
         [32m/home/adibam/KubeLLM/debug_assistant_latest/troubleshooting/readiness_missing_dependency_transitive/Dockerfil[0m
         [32me <<'EOF'\\nFROM ubuntu:20.04\\nRUN apt-get update && apt-get install -y python3 python3-pip && pip3 install [0m
         [32mrequests && rm -rf /var/lib/apt/lists/*\\nWORKDIR /app\\nCOPY helper_config.py /app/helper_config.py\\nCOPY [0m 
         [32mserver.py /app/server.py\\nEXPOSE 8080\\nCMD [0m[32m[[0m[32m\\\"python3\\\", \\\"server.py\\\"[0m[32m][0m[32m\\nEOF\\ncat [0m               
         [32m/home/adibam/KubeLLM/debug_assistant_latest/troubleshooting/readiness_missing_dependency_transitive/Dockerfil[0m
         [32me\"[0m[32m}[0m[32m"[0m                                                                                                        
             [1m}[0m                                                                                                        
           [1m}[0m                                                                                                          
         [1m][0m                                                                                                            
[32mDEBUG   [0m ============== tool ==============                                                                           
[32mDEBUG   [0m FROM ubuntu:[1;36m20.04[0m                                                                                            
         RUN apt-get update && apt-get install -y python3 python3-pip && pip3 install requests && rm -rf              
         [35m/var/lib/apt/lists/[0m*                                                                                         
         WORKDIR [35m/[0m[95mapp[0m                                                                                                 
         COPY helper_config.py [35m/app/[0m[95mhelper_config.py[0m                                                                  
         COPY server.py [35m/app/[0m[95mserver.py[0m                                                                                
         EXPOSE [1;36m8080[0m                                                                                                  
         CMD [1m[[0m[32m"python3"[0m, [32m"server.py"[0m[1m][0m                                                                                 
                                                                                                                      
[32mDEBUG   [0m ============== assistant ==============                                                                      
[32mDEBUG   [0m The Dockerfile is now correctly updated. Let me build the image into the active minikube profile.            
[32mDEBUG   [0m Tool Calls: [1m[[0m                                                                                                
           [1m{[0m                                                                                                          
             [32m"type"[0m: [32m"function"[0m,                                                                                      
             [32m"function"[0m: [1m{[0m                                                                                            
               [32m"name"[0m: [32m"run_shell_command"[0m,                                                                           
               [32m"arguments"[0m: [32m"[0m[32m{[0m[32m\"command\": \"cat [0m                                                                     
         [32m/home/adibam/KubeLLM/debug_assistant_latest/troubleshooting/readiness_missing_dependency_transitive/readiness[0m
         [32m_missing_dependency_transitive.yaml; echo ---; kubectl config current-context\"[0m[32m}[0m[32m"[0m                            
             [1m}[0m                                                                                                        
           [1m}[0m                                                                                                          
         [1m][0m                                                                                                            
[32mDEBUG   [0m ============== tool ==============                                                                           
[32mDEBUG   [0m apiVersion: v1                                                                                               
         kind: Pod                                                                                                    
         metadata:                                                                                                    
           name: readiness-transitive-dependency-app                                                                  
           labels:                                                                                                    
             app: readiness-transitive-dependency-app                                                                 
         spec:                                                                                                        
           containers:                                                                                                
           - name: app                                                                                                
             image: kube-readiness-transitive-dependency-app:latest                                                   
             imagePullPolicy: Never                                                                                   
             ports:                                                                                                   
             - containerPort: [1;36m8080[0m                                                                                    
             readinessProbe:                                                                                          
               httpGet:                                                                                               
                 path: [35m/[0m[95mready[0m                                                                                         
                 port: [1;36m8080[0m                                                                                           
               initialDelaySeconds: [1;36m2[0m                                                                                 
               periodSeconds: [1;36m3[0m                                                                                       
         ---                                                                                                          
         minikube                                                                                                     
                                                                                                                      
[32mDEBUG   [0m ============== assistant ==============                                                                      
[32mDEBUG   [0m Now let me build the image into the active minikube profile.                                                 
[32mDEBUG   [0m Tool Calls: [1m[[0m                                                                                                
           [1m{[0m                                                                                                          
             [32m"type"[0m: [32m"function"[0m,                                                                                      
             [32m"function"[0m: [1m{[0m                                                                                            
               [32m"name"[0m: [32m"run_shell_command"[0m,                                                                           
               [32m"arguments"[0m: [32m"[0m[32m{[0m[32m\"command\": \"minikube -p minikube image build -t [0m                                     
         [32mkube-readiness-transitive-dependency-app:latest -f [0m                                                          
         [32m/home/adibam/KubeLLM/debug_assistant_latest/troubleshooting/readiness_missing_dependency_transitive/Dockerfil[0m
         [32me /home/adibam/KubeLLM/debug_assistant_latest/troubleshooting/readiness_missing_dependency_transitive\"[0m[32m}[0m[32m"[0m    
             [1m}[0m                                                                                                        
           [1m}[0m                                                                                                          
         [1m][0m                                                                                                            
[32mDEBUG   [0m ============== tool ==============                                                                           
[32mDEBUG   [0m ============== assistant ==============                                                                      
[32mDEBUG   [0m The image built successfully. Now let me recreate the Pod to pick up the rebuilt image.                      
[32mDEBUG   [0m Tool Calls: [1m[[0m                                                                                                
           [1m{[0m                                                                                                          
             [32m"type"[0m: [32m"function"[0m,                                                                                      
             [32m"function"[0m: [1m{[0m                                                                                            
               [32m"name"[0m: [32m"run_shell_command"[0m,                                                                           
               [32m"arguments"[0m: [32m"[0m[32m{[0m[32m\"command\": \"kubectl delete pod readiness-transitive-dependency-app [0m                  
         [32m--ignore-not-found\"[0m[32m}[0m[32m"[0m                                                                                       
             [1m}[0m                                                                                                        
           [1m}[0m                                                                                                          
         [1m][0m                                                                                                            
[32mDEBUG   [0m ============== tool ==============                                                                           
[32mDEBUG   [0m pod [32m"readiness-transitive-dependency-app"[0m deleted from default namespace                                     
                                                                                                                      
[32mDEBUG   [0m ============== assistant ==============                                                                      
[32mDEBUG   [0m Tool Calls: [1m[[0m                                                                                                
           [1m{[0m                                                                                                          
             [32m"type"[0m: [32m"function"[0m,                                                                                      
             [32m"function"[0m: [1m{[0m                                                                                            
               [32m"name"[0m: [32m"run_shell_command"[0m,                                                                           
               [32m"arguments"[0m: [32m"[0m[32m{[0m[32m\"command\": \"kubectl apply -f [0m                                                        
         [32m/home/adibam/KubeLLM/debug_assistant_latest/troubleshooting/readiness_missing_dependency_transitive/readiness[0m
         [32m_missing_dependency_transitive.yaml\"[0m[32m}[0m[32m"[0m                                                                      
             [1m}[0m                                                                                                        
           [1m}[0m                                                                                                          
         [1m][0m                                                                                                            
[32mDEBUG   [0m ============== tool ==============                                                                           
[32mDEBUG   [0m pod/readiness-transitive-dependency-app created                                                              
                                                                                                                      
[32mDEBUG   [0m ============== assistant ==============                                                                      
[32mDEBUG   [0m Let me wait a moment for the pod to start, then verify its status and logs.                                  
[32mDEBUG   [0m Tool Calls: [1m[[0m                                                                                                
           [1m{[0m                                                                                                          
             [32m"type"[0m: [32m"function"[0m,                                                                                      
             [32m"function"[0m: [1m{[0m                                                                                            
               [32m"name"[0m: [32m"run_shell_command"[0m,                                                                           
               [32m"arguments"[0m: [32m"[0m[32m{[0m[32m\"command\": \"sleep 5 && kubectl get pod readiness-transitive-dependency-app -o [0m       
         [32mwide\"[0m[32m}[0m[32m"[0m                                                                                                     
             [1m}[0m                                                                                                        
           [1m}[0m                                                                                                          
         [1m][0m                                                                                                            
[32mDEBUG   [0m ============== tool ==============                                                                           
[32mDEBUG   [0m NAME                                  READY   STATUS             RESTARTS      AGE   IP             NODE     
         NOMINATED NODE   READINESS GATES                                                                             
         readiness-transitive-dependency-app   [1;36m0[0m/[1;36m1[0m     CrashLoopBackOff   [1;36m2[0m [1m([0m25s ago[1m)[0m   42s   [1;92m10.244.2.180[0m   minikube 
         [1m<[0m[1;95mnone[0m[39m>           <none[0m[1m>[0m                                                                                      
                                                                                                                      
[32mDEBUG   [0m ============== assistant ==============                                                                      
[32mDEBUG   [0m Tool Calls: [1m[[0m                                                                                                
           [1m{[0m                                                                                                          
             [32m"type"[0m: [32m"function"[0m,                                                                                      
             [32m"function"[0m: [1m{[0m                                                                                            
               [32m"name"[0m: [32m"run_shell_command"[0m,                                                                           
               [32m"arguments"[0m: [32m"[0m[32m{[0m[32m\"command\": \"kubectl logs readiness-transitive-dependency-app\"[0m[32m}[0m[32m"[0m                     
             [1m}[0m                                                                                                        
           [1m}[0m                                                                                                          
         [1m][0m                                                                                                            
[32mDEBUG   [0m ============== tool ==============                                                                           
[32mDEBUG   [0m Traceback [1m([0mmost recent call last[1m)[0m:                                                                           
           File [32m"server.py"[0m, line [1;36m2[0m, in [1m<[0m[1;95mmodule[0m[39m>[0m                                                                      
         [39m    from helper_config import STATUS_TEXT[0m                                                                    
         [39m  File [0m[32m"/app/helper_config.py"[0m[39m, line [0m[1;36m1[0m[39m, in <module[0m[1m>[0m                                                          
             import requests                                                                                          
         ModuleNotFoundError: No module named [32m'requests'[0m                                                              
                                                                                                                      
[32mDEBUG   [0m ============== assistant ==============                                                                      
[32mDEBUG   [0m Tool Calls: [1m[[0m                                                                                                
           [1m{[0m                                                                                                          
             [32m"type"[0m: [32m"function"[0m,                                                                                      
             [32m"function"[0m: [1m{[0m                                                                                            
               [32m"name"[0m: [32m"run_shell_command"[0m,                                                                           
               [32m"arguments"[0m: [32m"[0m[32m{[0m[32m\"command\": \"minikube -p minikube image ls | grep -i kube-readiness\"[0m[32m}[0m[32m"[0m               
             [1m}[0m                                                                                                        
           [1m}[0m                                                                                                          
         [1m][0m                                                                                                            
[32mDEBUG   [0m ============== tool ==============                                                                           
[32mDEBUG   [0m docker.io/library/kube-readiness-transitive-dependency-app:latest                                            
         docker.io/library/kube-readiness-slow-start-app:latest                                                       
         docker.io/library/kube-readiness-missing-dependency-app:latest                                               
                                                                                                                      
[32mDEBUG   [0m ============== assistant ==============                                                                      
[32mDEBUG   [0m Tool Calls: [1m[[0m                                                                                                
           [1m{[0m                                                                                                          
             [32m"type"[0m: [32m"function"[0m,                                                                                      
             [32m"function"[0m: [1m{[0m                                                                                            
               [32m"name"[0m: [32m"run_shell_command"[0m,                                                                           
               [32m"arguments"[0m: [32m"[0m[32m{[0m[32m\"command\": \"kubectl get pod readiness-transitive-dependency-app -o [0m                  
         [32mjsonpath[0m[32m='[0m[32m{[0m[32m.spec.containers[0m[32m[[0m[32m*[0m[32m][0m[32m.image[0m[32m}[0m[32m'\"[0m[32m}[0m[32m"[0m                                                                   
             [1m}[0m                                                                                                        
           [1m}[0m                                                                                                          
         [1m][0m                                                                                                            
[32mDEBUG   [0m ============== tool ==============                                                                           
[32mDEBUG   [0m kube-readiness-transitive-dependency-app:latest                                                              
[32mDEBUG   [0m ============== assistant ==============                                                                      
[32mDEBUG   [0m The image exists but the pod still fails. Let me inspect the image to see if requests was actually installed.
[32mDEBUG   [0m Tool Calls: [1m[[0m                                                                                                
           [1m{[0m                                                                                                          
             [32m"type"[0m: [32m"function"[0m,                                                                                      
             [32m"function"[0m: [1m{[0m                                                                                            
               [32m"name"[0m: [32m"run_shell_command"[0m,                                                                           
               [32m"arguments"[0m: [32m"[0m[32m{[0m[32m\"command\": \"docker run --rm kube-readiness-transitive-dependency-app:latest python3 [0m 
         [32m-c \\\"import requests; print[0m[32m([0m[32mrequests.__version__[0m[32m)[0m[32m\\\" 2>&1 | head -20\"[0m[32m}[0m[32m"[0m                                  
             [1m}[0m                                                                                                        
           [1m}[0m                                                                                                          
         [1m][0m                                                                                                            
[32mDEBUG   [0m ============== tool ==============                                                                           
[32mDEBUG   [0m Unable to find image [32m'kube-readiness-transitive-dependency-app:latest'[0m locally                               
         docker: Error response from daemon: pull access denied for kube-readiness-transitive-dependency-app,         
         repository does not exist or may require [32m'docker login'[0m: denied: requested access to the resource is denied. 
         See [32m'docker run --help'[0m.                                                                                     
                                                                                                                      
[32mDEBUG   [0m ============== assistant ==============                                                                      
[32mDEBUG   [0m The minikube node can't find the image. Let me check minikube's docker environment.                          
[32mDEBUG   [0m Tool Calls: [1m[[0m                                                                                                
           [1m{[0m                                                                                                          
             [32m"type"[0m: [32m"function"[0m,                                                                                      
             [32m"function"[0m: [1m{[0m                                                                                            
               [32m"name"[0m: [32m"run_shell_command"[0m,                                                                           
               [32m"arguments"[0m: [32m"[0m[32m{[0m[32m\"command\": \"minikube ip; echo \\\"---\\\"; minikube -p minikube image ls | grep [0m     
         [32mtransitive\"[0m[32m}[0m[32m"[0m                                                                                               
             [1m}[0m                                                                                                        
           [1m}[0m                                                                                                          
         [1m][0m                                                                                                            
[32mDEBUG   [0m ============== tool ==============                                                                           
[32mDEBUG   [0m [1;92m192.168.94.2[0m                                                                                                 
         ---                                                                                                          
         docker.io/library/kube-readiness-transitive-dependency-app:latest                                            
                                                                                                                      
[32mDEBUG   [0m ============== assistant ==============                                                                      
[32mDEBUG   [0m The image is in minikube's list. The error may be from a different docker daemon. Let me check minikube's    
         container runtime and verify image presence from inside minikube.                                            
[32mDEBUG   [0m Tool Calls: [1m[[0m                                                                                                
           [1m{[0m                                                                                                          
             [32m"type"[0m: [32m"function"[0m,                                                                                      
             [32m"function"[0m: [1m{[0m                                                                                            
               [32m"name"[0m: [32m"run_shell_command"[0m,                                                                           
               [32m"arguments"[0m: [32m"[0m[32m{[0m[32m\"command\": \"minikube -p minikube status; echo ---; minikube -p minikube ssh -- docker[0m
         [32mimages | grep transitive\"[0m[32m}[0m[32m"[0m                                                                                 
             [1m}[0m                                                                                                        
           [1m}[0m                                                                                                          
         [1m][0m                                                                                                            
[32mDEBUG   [0m **************** METRICS START ****************                                                              
[32mDEBUG   [0m * Time to generate response:   [1;36m78.[0m3595s                                                                      
[32mDEBUG   [0m * Tokens per second:           [1;36m5.4620[0m tokens/s                                                               
[32mDEBUG   [0m * Input tokens:                [1;36m3237[0m                                                                          
[32mDEBUG   [0m * Output tokens:               [1;36m428[0m                                                                           
[32mDEBUG   [0m * Total tokens:                [1;36m3665[0m                                                                          
[32mDEBUG   [0m **************** METRICS END ******************                                                              
[32mDEBUG   [0m Getting function run_shell_command                                                                           
[32mDEBUG   [0m Running: [1;35mrun_shell_command[0m[1m([0m[33mcommand[0m=[35mminikube[0m -p minikube status; echo ---; minikube -p minikube ssh -- docker 
         images | grep transitive[1m)[0m                                                                                    
[34mINFO    [0m Running shell command: minikube -p minikube status; echo ---; minikube -p minikube ssh -- docker images |    
         grep transitive                                                                                              
[32mDEBUG   [0m Return code: [1;36m0[0m                                                                                               
[32mDEBUG   [0m ---------- Ollama Response Start ----------                                                                  
[32mDEBUG   [0m ============== system ==============                                                                         
[32mDEBUG   [0m ## Instructions                                                                                              
         - If all and only all commands fail to execute, declare that there was an error in trying to solve the issue,
         and end that statement with this token: [1m<[0m[1;95m|ERROR|[0m[39m>.[0m                                                           
         [39m- You have solved this issue only when the original user-visible problem is fixed in the live cluster. Verify[0m
         [39mthe relevant Kubernetes resources and application behavior with commands before declaring success; pod [0m      
         [39mRunning/Ready status alone is not sufficient unless the original problem is only pod startup.[0m                
         [39m- After every step, check whether the original problem is fixed in the live cluster. If you changed [0m         
         [39mmanifests, images, or cluster configuration, apply the change and verify the live resource state reflects it [0m
         [39mbefore declaring success.[0m                                                                                    
         [39m- If you believe you have met the goal, declare that you have solved the user's issue, and end that statement[0m
         [39mwith this token: <|SOLVED|>.[0m                                                                                 
         [39m- If the steps do not solve the issue, or if you need more information, declare that you cannot solve the [0m   
         [39missue, and end that statement with this token: <|FAILED|>.[0m                                                   
         [39m- Do not use live feed flags when checking the logs such as [0m[32m'kubectl logs -f'[0m                                
         [39m- Do not use commands like vim or vi[0m                                                                         
         [39m- Do not use commands that open up editors like [0m[32m'kubectl edit'[0m                                               
         [39m- Use markdown to format your answers.[0m                                                                       
                                                                                                                      
         [39m## Guidelines[0m                                                                                                
         [39mIf a command invocation is successful but gives no stdout nor stderr, then that is because that invocation [0m  
         [39mresulted in no output to stdout or stderr.[0m                                                                   
         [39mIf a command contains a placeholder name surrounded in angle brackets such as <pod_name>, for example, then [0m 
         [39m**do not** run that command as-is. First run a `kubectl get` command to find a real name to replace the [0m     
         [39mplaceholder name, then run the suggested command with the replaced name of the resource. For example, if you [0m
         [39msee `kubectl logs <pod_name[0m[1m>[0m -n example_namespace`, first run `kubectl get pods -n example_namespace` and use
         the name of the first pod you see.                                                                           
         Do not use live feed flags when checking the logs such as [32m'kubectl logs -f'[0m                                  
         If you do not conclude on an answer or a code then try again please.                                         
         Do not use commands like vim or vi                                                                           
         Do not use commands that open up editors like [32m'kubectl edit'[0m                                                 
[32mDEBUG   [0m ============== user ==============                                                                           
[32mDEBUG   [0m Perform the actions suggested here:                                                                          
         [1;36m1[0m. Update the Dockerfile to install the missing Python dependency [1m([0mrequests[1m)[0m. This edits the existing RUN    
         line to install requests via pip3.                                                                           
         ```bash                                                                                                      
         sed -i [32m's|apt-get update && apt-get install -y python3 python3-pip && rm -rf /var/lib/apt/lists/*|apt-get [0m   
         [32mupdate && apt-get install -y python3 python3-pip && pip3 install requests && rm -rf /var/lib/apt/lists/*|'[0m   
         [35m/home/adibam/KubeLLM/debug_assistant_latest/troubleshooting/readiness_missing_dependency_transitive/[0m[95mDockerfil[0m
         [95me[0m                                                                                                            
         ```                                                                                                          
                                                                                                                      
         [1;36m2[0m. Build the image into the active minikube profile [1m([0mthe Pod uses imagePullPolicy: Never so the local image  
         name must match[1m)[0m. Replace the context and Dockerfile path as needed [1m([0mhere using the provided paths[1m)[0m.         
         ```bash                                                                                                      
         [33mPROFILE[0m=$[1m{[0mMINIKUBE_PROFILE:-$[1m([0mkubectl config current-context[1m)[0m[1m}[0m                                               
         minikube -p [32m"$PROFILE"[0m image build -t kube-readiness-transitive-dependency-app:latest -f                     
         [35m/home/adibam/KubeLLM/debug_assistant_latest/troubleshooting/readiness_missing_dependency_transitive/[0m[95mDockerfil[0m
         [95me[0m [35m/home/adibam/KubeLLM/debug_assistant_latest/troubleshooting/[0m[95mreadiness_missing_dependency_transitive[0m        
         ```                                                                                                          
                                                                                                                      
         [1;36m3[0m. Recreate the Pod so it picks up the rebuilt image [1m([0mdelete then apply the manifest[1m)[0m.                       
         ```bash                                                                                                      
         kubectl delete pod readiness-transitive-dependency-app --ignore-not-found                                    
         kubectl apply -f                                                                                             
         [35m/home/adibam/KubeLLM/debug_assistant_latest/troubleshooting/readiness_missing_dependency_transitive/[0m[95mreadiness[0m
         [95m_missing_dependency_transitive.yaml[0m                                                                          
         ```                                                                                                          
                                                                                                                      
         [1;36m4[0m. Verify the Pod starts and check logs to confirm the ModuleNotFoundError is resolved.                      
         ```bash                                                                                                      
         kubectl get pod readiness-transitive-dependency-app -o wide                                                  
         kubectl logs readiness-transitive-dependency-app                                                             
         ```                                                                                                          
                                                                                                                      
         The relevant configuration file is located in this path:                                                     
         [35m/home/adibam/KubeLLM/debug_assistant_latest/troubleshooting/readiness_missing_dependency_transitive/[0m[95mreadiness[0m
         [95m_missing_dependency_transitive.yaml[0m                                                                          
         You can update these files if necessary. If any files are updated, make sure to delete and reapply the       
         configuration file.                                                                                          
         Do not use live feed flags when checking the logs such as [32m'kubectl logs -f'[0m                                  
         ### Tool Usage Rules                                                                                         
         - Do not attempt many commands in one tool call.                                                             
         - Never repeat a tool call that has already been executed successfully in this run.                          
         - If you need the result of a previous tool call, use the provided output rather than re-invoking it.        
         - Keep the tool call as simple as possible to avoid errors.                                                  
         - Do not run long-lived or background commands such as `kubectl port-forward`, `Start-Process`, or `kubectl  
         logs -f`; prefer single-shot commands that exit on their own.                                                
         - Do not use `kubectl port-forward`, background verification, `kubectl logs -f`, or `kubectl get -w`.        
         - For reachability checks, use the access path defined by the scenario: if a Service exists, verify via      
         Service/endpoints/service-routed access; if no Service exists, use bounded direct checks such as `kubectl    
         exec` with an in-container one-shot HTTP request.                                                            
         - Prefer one-shot application checks such as `kubectl exec [1m<[0m[1;95mpod[0m[39m> -- python3 -c [0m[32m"import urllib.request; [0m      
         [32mprint[0m[32m([0m[32murllib.request.urlopen[0m[32m([0m[32m'http://127.0.0.1:<port[0m[32m>[0m[32m/'[0m[32m)[0m[32m.getcode[0m[32m([0m[32m)[0m[32m)[0m[32m"[0m` when Python is available in the        
         container.                                                                                                   
                                                                                                                      
[32mDEBUG   [0m ============== assistant ==============                                                                      
[32mDEBUG   [0m Tool Calls: [1m[[0m                                                                                                
           [1m{[0m                                                                                                          
             [32m"type"[0m: [32m"function"[0m,                                                                                      
             [32m"function"[0m: [1m{[0m                                                                                            
               [32m"name"[0m: [32m"run_shell_command"[0m,                                                                           
               [32m"arguments"[0m: [32m"[0m[32m{[0m[32m\"command\": \"cat [0m                                                                     
         [32m/home/adibam/KubeLLM/debug_assistant_latest/troubleshooting/readiness_missing_dependency_transitive/Dockerfil[0m
         [32me\"[0m[32m}[0m[32m"[0m                                                                                                        
             [1m}[0m                                                                                                        
           [1m}[0m,                                                                                                         
           [1m{[0m                                                                                                          
             [32m"type"[0m: [32m"function"[0m,                                                                                      
             [32m"function"[0m: [1m{[0m                                                                                            
               [32m"name"[0m: [32m"run_shell_command"[0m,                                                                           
               [32m"arguments"[0m: [32m"[0m[32m{[0m[32m\"command\": \"kubectl get pods -A 2>/dev/null; kubectl config current-context\"[0m[32m}[0m[32m"[0m      
             [1m}[0m                                                                                                        
           [1m}[0m                                                                                                          
         [1m][0m                                                                                                            
[32mDEBUG   [0m ============== tool ==============                                                                           
